ISO-10303-21;
HEADER;
/* Generated by software containing ST-Developer
 * from STEP Tools, Inc. (www.steptools.com) 
 */

FILE_DESCRIPTION(
/* description */ (''),
/* implementation_level */ '2;1');

FILE_NAME(
/* name */ 'katjapad.step.step',
/* time_stamp */ '2026-08-09T08:31:48-04:00',
/* author */ (''),
/* organization */ (''),
/* preprocessor_version */ 'ST-DEVELOPER v20.1',
/* originating_system */ 'Autodesk Translation Framework v15.8.0.0',
/* authorisation */ '');

FILE_SCHEMA (('AUTOMOTIVE_DESIGN { 1 0 10303 214 3 1 1 }'));
ENDSEC;

DATA;
#10=MECHANICAL_DESIGN_GEOMETRIC_PRESENTATION_REPRESENTATION('',(#47,#48,
#49,#50),#23271);
#11=ITEM_DEFINED_TRANSFORMATION($,$,#14825,#15541);
#12=ITEM_DEFINED_TRANSFORMATION($,$,#14992,#15542);
#13=ITEM_DEFINED_TRANSFORMATION($,$,#15011,#15543);
#14=ITEM_DEFINED_TRANSFORMATION($,$,#15186,#15544);
#15=(
REPRESENTATION_RELATIONSHIP($,$,#23291,#23290)
REPRESENTATION_RELATIONSHIP_WITH_TRANSFORMATION(#11)
SHAPE_REPRESENTATION_RELATIONSHIP()
);
#16=(
REPRESENTATION_RELATIONSHIP($,$,#23292,#23290)
REPRESENTATION_RELATIONSHIP_WITH_TRANSFORMATION(#12)
SHAPE_REPRESENTATION_RELATIONSHIP()
);
#17=(
REPRESENTATION_RELATIONSHIP($,$,#23293,#23290)
REPRESENTATION_RELATIONSHIP_WITH_TRANSFORMATION(#13)
SHAPE_REPRESENTATION_RELATIONSHIP()
);
#18=(
REPRESENTATION_RELATIONSHIP($,$,#23294,#23290)
REPRESENTATION_RELATIONSHIP_WITH_TRANSFORMATION(#14)
SHAPE_REPRESENTATION_RELATIONSHIP()
);
#19=CONTEXT_DEPENDENT_SHAPE_REPRESENTATION(#15,#23286);
#20=CONTEXT_DEPENDENT_SHAPE_REPRESENTATION(#16,#23287);
#21=CONTEXT_DEPENDENT_SHAPE_REPRESENTATION(#17,#23288);
#22=CONTEXT_DEPENDENT_SHAPE_REPRESENTATION(#18,#23289);
#23=NEXT_ASSEMBLY_USAGE_OCCURRENCE('Bottom:1','Bottom:1','Bottom:1',#23296,
#23297,'Bottom:1');
#24=NEXT_ASSEMBLY_USAGE_OCCURRENCE('Fake_PCB:1','Fake_PCB:1',
'Fake_PCB:1',#23296,#23298,'Fake_PCB:1');
#25=NEXT_ASSEMBLY_USAGE_OCCURRENCE('Middle:1','Middle:1','Middle:1',#23296,
#23299,'Middle:1');
#26=NEXT_ASSEMBLY_USAGE_OCCURRENCE('Top:1','Top:1','Top:1',#23296,#23300,
'Top:1');
#27=CIRCLE('',#14994,2.5);
#28=CIRCLE('',#14995,2.5);
#29=CIRCLE('',#14997,2.5);
#30=CIRCLE('',#14998,2.5);
#31=CIRCLE('',#14999,2.5);
#32=CIRCLE('',#15002,2.5);
#33=CIRCLE('',#15004,2.5);
#34=CIRCLE('',#15007,2.5);
#35=CYLINDRICAL_SURFACE('',#14993,2.5);
#36=CYLINDRICAL_SURFACE('',#15001,2.5);
#37=CYLINDRICAL_SURFACE('',#15003,2.5);
#38=CYLINDRICAL_SURFACE('',#15006,2.5);
#39=SHAPE_REPRESENTATION_RELATIONSHIP('SRR','None',#23291,#43);
#40=SHAPE_REPRESENTATION_RELATIONSHIP('SRR','None',#23292,#44);
#41=SHAPE_REPRESENTATION_RELATIONSHIP('SRR','None',#23293,#45);
#42=SHAPE_REPRESENTATION_RELATIONSHIP('SRR','None',#23294,#46);
#43=ADVANCED_BREP_SHAPE_REPRESENTATION('',(#51),#23267);
#44=ADVANCED_BREP_SHAPE_REPRESENTATION('',(#52),#23268);
#45=ADVANCED_BREP_SHAPE_REPRESENTATION('',(#53),#23269);
#46=ADVANCED_BREP_SHAPE_REPRESENTATION('',(#54),#23270);
#47=STYLED_ITEM('',(#23319),#51);
#48=STYLED_ITEM('',(#23319),#52);
#49=STYLED_ITEM('',(#23319),#53);
#50=STYLED_ITEM('',(#23319),#54);
#51=MANIFOLD_SOLID_BREP('Body2',#14775);
#52=MANIFOLD_SOLID_BREP('Body3',#14776);
#53=MANIFOLD_SOLID_BREP('Body1',#14777);
#54=MANIFOLD_SOLID_BREP('Body2',#14778);
#55=FACE_BOUND('',#970,.T.);
#56=FACE_BOUND('',#971,.T.);
#57=FACE_BOUND('',#972,.T.);
#58=FACE_BOUND('',#973,.T.);
#59=FACE_BOUND('',#975,.T.);
#60=FACE_BOUND('',#976,.T.);
#61=FACE_BOUND('',#977,.T.);
#62=FACE_BOUND('',#978,.T.);
#63=FACE_BOUND('',#1162,.T.);
#64=FACE_BOUND('',#1163,.T.);
#65=FACE_BOUND('',#1164,.T.);
#66=FACE_BOUND('',#1165,.T.);
#67=FACE_BOUND('',#1167,.T.);
#68=FACE_BOUND('',#1168,.T.);
#69=FACE_BOUND('',#1169,.T.);
#70=FACE_BOUND('',#1170,.T.);
#71=FACE_BOUND('',#1524,.T.);
#72=FACE_BOUND('',#1525,.T.);
#73=FACE_BOUND('',#1526,.T.);
#74=FACE_BOUND('',#1527,.T.);
#75=FACE_BOUND('',#1528,.T.);
#76=FACE_BOUND('',#1529,.T.);
#77=FACE_BOUND('',#1530,.T.);
#78=FACE_BOUND('',#1531,.T.);
#79=FACE_BOUND('',#1532,.T.);
#80=FACE_BOUND('',#1533,.T.);
#81=FACE_BOUND('',#1534,.T.);
#82=FACE_BOUND('',#1535,.T.);
#83=FACE_BOUND('',#1536,.T.);
#84=FACE_BOUND('',#1537,.T.);
#85=FACE_BOUND('',#1538,.T.);
#86=FACE_BOUND('',#1540,.T.);
#87=FACE_BOUND('',#1541,.T.);
#88=FACE_BOUND('',#1542,.T.);
#89=FACE_BOUND('',#1543,.T.);
#90=FACE_BOUND('',#1544,.T.);
#91=FACE_BOUND('',#1545,.T.);
#92=FACE_BOUND('',#1546,.T.);
#93=FACE_BOUND('',#1547,.T.);
#94=FACE_BOUND('',#1548,.T.);
#95=FACE_BOUND('',#1549,.T.);
#96=FACE_BOUND('',#1550,.T.);
#97=FACE_BOUND('',#1551,.T.);
#98=FACE_BOUND('',#1552,.T.);
#99=FACE_BOUND('',#1553,.T.);
#100=FACE_BOUND('',#1554,.T.);
#101=FACE_OUTER_BOUND('',#805,.T.);
#102=FACE_OUTER_BOUND('',#806,.T.);
#103=FACE_OUTER_BOUND('',#807,.T.);
#104=FACE_OUTER_BOUND('',#808,.T.);
#105=FACE_OUTER_BOUND('',#809,.T.);
#106=FACE_OUTER_BOUND('',#810,.T.);
#107=FACE_OUTER_BOUND('',#811,.T.);
#108=FACE_OUTER_BOUND('',#812,.T.);
#109=FACE_OUTER_BOUND('',#813,.T.);
#110=FACE_OUTER_BOUND('',#814,.T.);
#111=FACE_OUTER_BOUND('',#815,.T.);
#112=FACE_OUTER_BOUND('',#816,.T.);
#113=FACE_OUTER_BOUND('',#817,.T.);
#114=FACE_OUTER_BOUND('',#818,.T.);
#115=FACE_OUTER_BOUND('',#819,.T.);
#116=FACE_OUTER_BOUND('',#820,.T.);
#117=FACE_OUTER_BOUND('',#821,.T.);
#118=FACE_OUTER_BOUND('',#822,.T.);
#119=FACE_OUTER_BOUND('',#823,.T.);
#120=FACE_OUTER_BOUND('',#824,.T.);
#121=FACE_OUTER_BOUND('',#825,.T.);
#122=FACE_OUTER_BOUND('',#826,.T.);
#123=FACE_OUTER_BOUND('',#827,.T.);
#124=FACE_OUTER_BOUND('',#828,.T.);
#125=FACE_OUTER_BOUND('',#829,.T.);
#126=FACE_OUTER_BOUND('',#830,.T.);
#127=FACE_OUTER_BOUND('',#831,.T.);
#128=FACE_OUTER_BOUND('',#832,.T.);
#129=FACE_OUTER_BOUND('',#833,.T.);
#130=FACE_OUTER_BOUND('',#834,.T.);
#131=FACE_OUTER_BOUND('',#835,.T.);
#132=FACE_OUTER_BOUND('',#836,.T.);
#133=FACE_OUTER_BOUND('',#837,.T.);
#134=FACE_OUTER_BOUND('',#838,.T.);
#135=FACE_OUTER_BOUND('',#839,.T.);
#136=FACE_OUTER_BOUND('',#840,.T.);
#137=FACE_OUTER_BOUND('',#841,.T.);
#138=FACE_OUTER_BOUND('',#842,.T.);
#139=FACE_OUTER_BOUND('',#843,.T.);
#140=FACE_OUTER_BOUND('',#844,.T.);
#141=FACE_OUTER_BOUND('',#845,.T.);
#142=FACE_OUTER_BOUND('',#846,.T.);
#143=FACE_OUTER_BOUND('',#847,.T.);
#144=FACE_OUTER_BOUND('',#848,.T.);
#145=FACE_OUTER_BOUND('',#849,.T.);
#146=FACE_OUTER_BOUND('',#850,.T.);
#147=FACE_OUTER_BOUND('',#851,.T.);
#148=FACE_OUTER_BOUND('',#852,.T.);
#149=FACE_OUTER_BOUND('',#853,.T.);
#150=FACE_OUTER_BOUND('',#854,.T.);
#151=FACE_OUTER_BOUND('',#855,.T.);
#152=FACE_OUTER_BOUND('',#856,.T.);
#153=FACE_OUTER_BOUND('',#857,.T.);
#154=FACE_OUTER_BOUND('',#858,.T.);
#155=FACE_OUTER_BOUND('',#859,.T.);
#156=FACE_OUTER_BOUND('',#860,.T.);
#157=FACE_OUTER_BOUND('',#861,.T.);
#158=FACE_OUTER_BOUND('',#862,.T.);
#159=FACE_OUTER_BOUND('',#863,.T.);
#160=FACE_OUTER_BOUND('',#864,.T.);
#161=FACE_OUTER_BOUND('',#865,.T.);
#162=FACE_OUTER_BOUND('',#866,.T.);
#163=FACE_OUTER_BOUND('',#867,.T.);
#164=FACE_OUTER_BOUND('',#868,.T.);
#165=FACE_OUTER_BOUND('',#869,.T.);
#166=FACE_OUTER_BOUND('',#870,.T.);
#167=FACE_OUTER_BOUND('',#871,.T.);
#168=FACE_OUTER_BOUND('',#872,.T.);
#169=FACE_OUTER_BOUND('',#873,.T.);
#170=FACE_OUTER_BOUND('',#874,.T.);
#171=FACE_OUTER_BOUND('',#875,.T.);
#172=FACE_OUTER_BOUND('',#876,.T.);
#173=FACE_OUTER_BOUND('',#877,.T.);
#174=FACE_OUTER_BOUND('',#878,.T.);
#175=FACE_OUTER_BOUND('',#879,.T.);
#176=FACE_OUTER_BOUND('',#880,.T.);
#177=FACE_OUTER_BOUND('',#881,.T.);
#178=FACE_OUTER_BOUND('',#882,.T.);
#179=FACE_OUTER_BOUND('',#883,.T.);
#180=FACE_OUTER_BOUND('',#884,.T.);
#181=FACE_OUTER_BOUND('',#885,.T.);
#182=FACE_OUTER_BOUND('',#886,.T.);
#183=FACE_OUTER_BOUND('',#887,.T.);
#184=FACE_OUTER_BOUND('',#888,.T.);
#185=FACE_OUTER_BOUND('',#889,.T.);
#186=FACE_OUTER_BOUND('',#890,.T.);
#187=FACE_OUTER_BOUND('',#891,.T.);
#188=FACE_OUTER_BOUND('',#892,.T.);
#189=FACE_OUTER_BOUND('',#893,.T.);
#190=FACE_OUTER_BOUND('',#894,.T.);
#191=FACE_OUTER_BOUND('',#895,.T.);
#192=FACE_OUTER_BOUND('',#896,.T.);
#193=FACE_OUTER_BOUND('',#897,.T.);
#194=FACE_OUTER_BOUND('',#898,.T.);
#195=FACE_OUTER_BOUND('',#899,.T.);
#196=FACE_OUTER_BOUND('',#900,.T.);
#197=FACE_OUTER_BOUND('',#901,.T.);
#198=FACE_OUTER_BOUND('',#902,.T.);
#199=FACE_OUTER_BOUND('',#903,.T.);
#200=FACE_OUTER_BOUND('',#904,.T.);
#201=FACE_OUTER_BOUND('',#905,.T.);
#202=FACE_OUTER_BOUND('',#906,.T.);
#203=FACE_OUTER_BOUND('',#907,.T.);
#204=FACE_OUTER_BOUND('',#908,.T.);
#205=FACE_OUTER_BOUND('',#909,.T.);
#206=FACE_OUTER_BOUND('',#910,.T.);
#207=FACE_OUTER_BOUND('',#911,.T.);
#208=FACE_OUTER_BOUND('',#912,.T.);
#209=FACE_OUTER_BOUND('',#913,.T.);
#210=FACE_OUTER_BOUND('',#914,.T.);
#211=FACE_OUTER_BOUND('',#915,.T.);
#212=FACE_OUTER_BOUND('',#916,.T.);
#213=FACE_OUTER_BOUND('',#917,.T.);
#214=FACE_OUTER_BOUND('',#918,.T.);
#215=FACE_OUTER_BOUND('',#919,.T.);
#216=FACE_OUTER_BOUND('',#920,.T.);
#217=FACE_OUTER_BOUND('',#921,.T.);
#218=FACE_OUTER_BOUND('',#922,.T.);
#219=FACE_OUTER_BOUND('',#923,.T.);
#220=FACE_OUTER_BOUND('',#924,.T.);
#221=FACE_OUTER_BOUND('',#925,.T.);
#222=FACE_OUTER_BOUND('',#926,.T.);
#223=FACE_OUTER_BOUND('',#927,.T.);
#224=FACE_OUTER_BOUND('',#928,.T.);
#225=FACE_OUTER_BOUND('',#929,.T.);
#226=FACE_OUTER_BOUND('',#930,.T.);
#227=FACE_OUTER_BOUND('',#931,.T.);
#228=FACE_OUTER_BOUND('',#932,.T.);
#229=FACE_OUTER_BOUND('',#933,.T.);
#230=FACE_OUTER_BOUND('',#934,.T.);
#231=FACE_OUTER_BOUND('',#935,.T.);
#232=FACE_OUTER_BOUND('',#936,.T.);
#233=FACE_OUTER_BOUND('',#937,.T.);
#234=FACE_OUTER_BOUND('',#938,.T.);
#235=FACE_OUTER_BOUND('',#939,.T.);
#236=FACE_OUTER_BOUND('',#940,.T.);
#237=FACE_OUTER_BOUND('',#941,.T.);
#238=FACE_OUTER_BOUND('',#942,.T.);
#239=FACE_OUTER_BOUND('',#943,.T.);
#240=FACE_OUTER_BOUND('',#944,.T.);
#241=FACE_OUTER_BOUND('',#945,.T.);
#242=FACE_OUTER_BOUND('',#946,.T.);
#243=FACE_OUTER_BOUND('',#947,.T.);
#244=FACE_OUTER_BOUND('',#948,.T.);
#245=FACE_OUTER_BOUND('',#949,.T.);
#246=FACE_OUTER_BOUND('',#950,.T.);
#247=FACE_OUTER_BOUND('',#951,.T.);
#248=FACE_OUTER_BOUND('',#952,.T.);
#249=FACE_OUTER_BOUND('',#953,.T.);
#250=FACE_OUTER_BOUND('',#954,.T.);
#251=FACE_OUTER_BOUND('',#955,.T.);
#252=FACE_OUTER_BOUND('',#956,.T.);
#253=FACE_OUTER_BOUND('',#957,.T.);
#254=FACE_OUTER_BOUND('',#958,.T.);
#255=FACE_OUTER_BOUND('',#959,.T.);
#256=FACE_OUTER_BOUND('',#960,.T.);
#257=FACE_OUTER_BOUND('',#961,.T.);
#258=FACE_OUTER_BOUND('',#962,.T.);
#259=FACE_OUTER_BOUND('',#963,.T.);
#260=FACE_OUTER_BOUND('',#964,.T.);
#261=FACE_OUTER_BOUND('',#965,.T.);
#262=FACE_OUTER_BOUND('',#966,.T.);
#263=FACE_OUTER_BOUND('',#967,.T.);
#264=FACE_OUTER_BOUND('',#968,.T.);
#265=FACE_OUTER_BOUND('',#969,.T.);
#266=FACE_OUTER_BOUND('',#974,.T.);
#267=FACE_OUTER_BOUND('',#979,.T.);
#268=FACE_OUTER_BOUND('',#980,.T.);
#269=FACE_OUTER_BOUND('',#981,.T.);
#270=FACE_OUTER_BOUND('',#982,.T.);
#271=FACE_OUTER_BOUND('',#983,.T.);
#272=FACE_OUTER_BOUND('',#984,.T.);
#273=FACE_OUTER_BOUND('',#985,.T.);
#274=FACE_OUTER_BOUND('',#986,.T.);
#275=FACE_OUTER_BOUND('',#987,.T.);
#276=FACE_OUTER_BOUND('',#988,.T.);
#277=FACE_OUTER_BOUND('',#989,.T.);
#278=FACE_OUTER_BOUND('',#990,.T.);
#279=FACE_OUTER_BOUND('',#991,.T.);
#280=FACE_OUTER_BOUND('',#992,.T.);
#281=FACE_OUTER_BOUND('',#993,.T.);
#282=FACE_OUTER_BOUND('',#994,.T.);
#283=FACE_OUTER_BOUND('',#995,.T.);
#284=FACE_OUTER_BOUND('',#996,.T.);
#285=FACE_OUTER_BOUND('',#997,.T.);
#286=FACE_OUTER_BOUND('',#998,.T.);
#287=FACE_OUTER_BOUND('',#999,.T.);
#288=FACE_OUTER_BOUND('',#1000,.T.);
#289=FACE_OUTER_BOUND('',#1001,.T.);
#290=FACE_OUTER_BOUND('',#1002,.T.);
#291=FACE_OUTER_BOUND('',#1003,.T.);
#292=FACE_OUTER_BOUND('',#1004,.T.);
#293=FACE_OUTER_BOUND('',#1005,.T.);
#294=FACE_OUTER_BOUND('',#1006,.T.);
#295=FACE_OUTER_BOUND('',#1007,.T.);
#296=FACE_OUTER_BOUND('',#1008,.T.);
#297=FACE_OUTER_BOUND('',#1009,.T.);
#298=FACE_OUTER_BOUND('',#1010,.T.);
#299=FACE_OUTER_BOUND('',#1011,.T.);
#300=FACE_OUTER_BOUND('',#1012,.T.);
#301=FACE_OUTER_BOUND('',#1013,.T.);
#302=FACE_OUTER_BOUND('',#1014,.T.);
#303=FACE_OUTER_BOUND('',#1015,.T.);
#304=FACE_OUTER_BOUND('',#1016,.T.);
#305=FACE_OUTER_BOUND('',#1017,.T.);
#306=FACE_OUTER_BOUND('',#1018,.T.);
#307=FACE_OUTER_BOUND('',#1019,.T.);
#308=FACE_OUTER_BOUND('',#1020,.T.);
#309=FACE_OUTER_BOUND('',#1021,.T.);
#310=FACE_OUTER_BOUND('',#1022,.T.);
#311=FACE_OUTER_BOUND('',#1023,.T.);
#312=FACE_OUTER_BOUND('',#1024,.T.);
#313=FACE_OUTER_BOUND('',#1025,.T.);
#314=FACE_OUTER_BOUND('',#1026,.T.);
#315=FACE_OUTER_BOUND('',#1027,.T.);
#316=FACE_OUTER_BOUND('',#1028,.T.);
#317=FACE_OUTER_BOUND('',#1029,.T.);
#318=FACE_OUTER_BOUND('',#1030,.T.);
#319=FACE_OUTER_BOUND('',#1031,.T.);
#320=FACE_OUTER_BOUND('',#1032,.T.);
#321=FACE_OUTER_BOUND('',#1033,.T.);
#322=FACE_OUTER_BOUND('',#1034,.T.);
#323=FACE_OUTER_BOUND('',#1035,.T.);
#324=FACE_OUTER_BOUND('',#1036,.T.);
#325=FACE_OUTER_BOUND('',#1037,.T.);
#326=FACE_OUTER_BOUND('',#1038,.T.);
#327=FACE_OUTER_BOUND('',#1039,.T.);
#328=FACE_OUTER_BOUND('',#1040,.T.);
#329=FACE_OUTER_BOUND('',#1041,.T.);
#330=FACE_OUTER_BOUND('',#1042,.T.);
#331=FACE_OUTER_BOUND('',#1043,.T.);
#332=FACE_OUTER_BOUND('',#1044,.T.);
#333=FACE_OUTER_BOUND('',#1045,.T.);
#334=FACE_OUTER_BOUND('',#1046,.T.);
#335=FACE_OUTER_BOUND('',#1047,.T.);
#336=FACE_OUTER_BOUND('',#1048,.T.);
#337=FACE_OUTER_BOUND('',#1049,.T.);
#338=FACE_OUTER_BOUND('',#1050,.T.);
#339=FACE_OUTER_BOUND('',#1051,.T.);
#340=FACE_OUTER_BOUND('',#1052,.T.);
#341=FACE_OUTER_BOUND('',#1053,.T.);
#342=FACE_OUTER_BOUND('',#1054,.T.);
#343=FACE_OUTER_BOUND('',#1055,.T.);
#344=FACE_OUTER_BOUND('',#1056,.T.);
#345=FACE_OUTER_BOUND('',#1057,.T.);
#346=FACE_OUTER_BOUND('',#1058,.T.);
#347=FACE_OUTER_BOUND('',#1059,.T.);
#348=FACE_OUTER_BOUND('',#1060,.T.);
#349=FACE_OUTER_BOUND('',#1061,.T.);
#350=FACE_OUTER_BOUND('',#1062,.T.);
#351=FACE_OUTER_BOUND('',#1063,.T.);
#352=FACE_OUTER_BOUND('',#1064,.T.);
#353=FACE_OUTER_BOUND('',#1065,.T.);
#354=FACE_OUTER_BOUND('',#1066,.T.);
#355=FACE_OUTER_BOUND('',#1067,.T.);
#356=FACE_OUTER_BOUND('',#1068,.T.);
#357=FACE_OUTER_BOUND('',#1069,.T.);
#358=FACE_OUTER_BOUND('',#1070,.T.);
#359=FACE_OUTER_BOUND('',#1071,.T.);
#360=FACE_OUTER_BOUND('',#1072,.T.);
#361=FACE_OUTER_BOUND('',#1073,.T.);
#362=FACE_OUTER_BOUND('',#1074,.T.);
#363=FACE_OUTER_BOUND('',#1075,.T.);
#364=FACE_OUTER_BOUND('',#1076,.T.);
#365=FACE_OUTER_BOUND('',#1077,.T.);
#366=FACE_OUTER_BOUND('',#1078,.T.);
#367=FACE_OUTER_BOUND('',#1079,.T.);
#368=FACE_OUTER_BOUND('',#1080,.T.);
#369=FACE_OUTER_BOUND('',#1081,.T.);
#370=FACE_OUTER_BOUND('',#1082,.T.);
#371=FACE_OUTER_BOUND('',#1083,.T.);
#372=FACE_OUTER_BOUND('',#1084,.T.);
#373=FACE_OUTER_BOUND('',#1085,.T.);
#374=FACE_OUTER_BOUND('',#1086,.T.);
#375=FACE_OUTER_BOUND('',#1087,.T.);
#376=FACE_OUTER_BOUND('',#1088,.T.);
#377=FACE_OUTER_BOUND('',#1089,.T.);
#378=FACE_OUTER_BOUND('',#1090,.T.);
#379=FACE_OUTER_BOUND('',#1091,.T.);
#380=FACE_OUTER_BOUND('',#1092,.T.);
#381=FACE_OUTER_BOUND('',#1093,.T.);
#382=FACE_OUTER_BOUND('',#1094,.T.);
#383=FACE_OUTER_BOUND('',#1095,.T.);
#384=FACE_OUTER_BOUND('',#1096,.T.);
#385=FACE_OUTER_BOUND('',#1097,.T.);
#386=FACE_OUTER_BOUND('',#1098,.T.);
#387=FACE_OUTER_BOUND('',#1099,.T.);
#388=FACE_OUTER_BOUND('',#1100,.T.);
#389=FACE_OUTER_BOUND('',#1101,.T.);
#390=FACE_OUTER_BOUND('',#1102,.T.);
#391=FACE_OUTER_BOUND('',#1103,.T.);
#392=FACE_OUTER_BOUND('',#1104,.T.);
#393=FACE_OUTER_BOUND('',#1105,.T.);
#394=FACE_OUTER_BOUND('',#1106,.T.);
#395=FACE_OUTER_BOUND('',#1107,.T.);
#396=FACE_OUTER_BOUND('',#1108,.T.);
#397=FACE_OUTER_BOUND('',#1109,.T.);
#398=FACE_OUTER_BOUND('',#1110,.T.);
#399=FACE_OUTER_BOUND('',#1111,.T.);
#400=FACE_OUTER_BOUND('',#1112,.T.);
#401=FACE_OUTER_BOUND('',#1113,.T.);
#402=FACE_OUTER_BOUND('',#1114,.T.);
#403=FACE_OUTER_BOUND('',#1115,.T.);
#404=FACE_OUTER_BOUND('',#1116,.T.);
#405=FACE_OUTER_BOUND('',#1117,.T.);
#406=FACE_OUTER_BOUND('',#1118,.T.);
#407=FACE_OUTER_BOUND('',#1119,.T.);
#408=FACE_OUTER_BOUND('',#1120,.T.);
#409=FACE_OUTER_BOUND('',#1121,.T.);
#410=FACE_OUTER_BOUND('',#1122,.T.);
#411=FACE_OUTER_BOUND('',#1123,.T.);
#412=FACE_OUTER_BOUND('',#1124,.T.);
#413=FACE_OUTER_BOUND('',#1125,.T.);
#414=FACE_OUTER_BOUND('',#1126,.T.);
#415=FACE_OUTER_BOUND('',#1127,.T.);
#416=FACE_OUTER_BOUND('',#1128,.T.);
#417=FACE_OUTER_BOUND('',#1129,.T.);
#418=FACE_OUTER_BOUND('',#1130,.T.);
#419=FACE_OUTER_BOUND('',#1131,.T.);
#420=FACE_OUTER_BOUND('',#1132,.T.);
#421=FACE_OUTER_BOUND('',#1133,.T.);
#422=FACE_OUTER_BOUND('',#1134,.T.);
#423=FACE_OUTER_BOUND('',#1135,.T.);
#424=FACE_OUTER_BOUND('',#1136,.T.);
#425=FACE_OUTER_BOUND('',#1137,.T.);
#426=FACE_OUTER_BOUND('',#1138,.T.);
#427=FACE_OUTER_BOUND('',#1139,.T.);
#428=FACE_OUTER_BOUND('',#1140,.T.);
#429=FACE_OUTER_BOUND('',#1141,.T.);
#430=FACE_OUTER_BOUND('',#1142,.T.);
#431=FACE_OUTER_BOUND('',#1143,.T.);
#432=FACE_OUTER_BOUND('',#1144,.T.);
#433=FACE_OUTER_BOUND('',#1145,.T.);
#434=FACE_OUTER_BOUND('',#1146,.T.);
#435=FACE_OUTER_BOUND('',#1147,.T.);
#436=FACE_OUTER_BOUND('',#1148,.T.);
#437=FACE_OUTER_BOUND('',#1149,.T.);
#438=FACE_OUTER_BOUND('',#1150,.T.);
#439=FACE_OUTER_BOUND('',#1151,.T.);
#440=FACE_OUTER_BOUND('',#1152,.T.);
#441=FACE_OUTER_BOUND('',#1153,.T.);
#442=FACE_OUTER_BOUND('',#1154,.T.);
#443=FACE_OUTER_BOUND('',#1155,.T.);
#444=FACE_OUTER_BOUND('',#1156,.T.);
#445=FACE_OUTER_BOUND('',#1157,.T.);
#446=FACE_OUTER_BOUND('',#1158,.T.);
#447=FACE_OUTER_BOUND('',#1159,.T.);
#448=FACE_OUTER_BOUND('',#1160,.T.);
#449=FACE_OUTER_BOUND('',#1161,.T.);
#450=FACE_OUTER_BOUND('',#1166,.T.);
#451=FACE_OUTER_BOUND('',#1171,.T.);
#452=FACE_OUTER_BOUND('',#1172,.T.);
#453=FACE_OUTER_BOUND('',#1173,.T.);
#454=FACE_OUTER_BOUND('',#1174,.T.);
#455=FACE_OUTER_BOUND('',#1175,.T.);
#456=FACE_OUTER_BOUND('',#1176,.T.);
#457=FACE_OUTER_BOUND('',#1177,.T.);
#458=FACE_OUTER_BOUND('',#1178,.T.);
#459=FACE_OUTER_BOUND('',#1179,.T.);
#460=FACE_OUTER_BOUND('',#1180,.T.);
#461=FACE_OUTER_BOUND('',#1181,.T.);
#462=FACE_OUTER_BOUND('',#1182,.T.);
#463=FACE_OUTER_BOUND('',#1183,.T.);
#464=FACE_OUTER_BOUND('',#1184,.T.);
#465=FACE_OUTER_BOUND('',#1185,.T.);
#466=FACE_OUTER_BOUND('',#1186,.T.);
#467=FACE_OUTER_BOUND('',#1187,.T.);
#468=FACE_OUTER_BOUND('',#1188,.T.);
#469=FACE_OUTER_BOUND('',#1189,.T.);
#470=FACE_OUTER_BOUND('',#1190,.T.);
#471=FACE_OUTER_BOUND('',#1191,.T.);
#472=FACE_OUTER_BOUND('',#1192,.T.);
#473=FACE_OUTER_BOUND('',#1193,.T.);
#474=FACE_OUTER_BOUND('',#1194,.T.);
#475=FACE_OUTER_BOUND('',#1195,.T.);
#476=FACE_OUTER_BOUND('',#1196,.T.);
#477=FACE_OUTER_BOUND('',#1197,.T.);
#478=FACE_OUTER_BOUND('',#1198,.T.);
#479=FACE_OUTER_BOUND('',#1199,.T.);
#480=FACE_OUTER_BOUND('',#1200,.T.);
#481=FACE_OUTER_BOUND('',#1201,.T.);
#482=FACE_OUTER_BOUND('',#1202,.T.);
#483=FACE_OUTER_BOUND('',#1203,.T.);
#484=FACE_OUTER_BOUND('',#1204,.T.);
#485=FACE_OUTER_BOUND('',#1205,.T.);
#486=FACE_OUTER_BOUND('',#1206,.T.);
#487=FACE_OUTER_BOUND('',#1207,.T.);
#488=FACE_OUTER_BOUND('',#1208,.T.);
#489=FACE_OUTER_BOUND('',#1209,.T.);
#490=FACE_OUTER_BOUND('',#1210,.T.);
#491=FACE_OUTER_BOUND('',#1211,.T.);
#492=FACE_OUTER_BOUND('',#1212,.T.);
#493=FACE_OUTER_BOUND('',#1213,.T.);
#494=FACE_OUTER_BOUND('',#1214,.T.);
#495=FACE_OUTER_BOUND('',#1215,.T.);
#496=FACE_OUTER_BOUND('',#1216,.T.);
#497=FACE_OUTER_BOUND('',#1217,.T.);
#498=FACE_OUTER_BOUND('',#1218,.T.);
#499=FACE_OUTER_BOUND('',#1219,.T.);
#500=FACE_OUTER_BOUND('',#1220,.T.);
#501=FACE_OUTER_BOUND('',#1221,.T.);
#502=FACE_OUTER_BOUND('',#1222,.T.);
#503=FACE_OUTER_BOUND('',#1223,.T.);
#504=FACE_OUTER_BOUND('',#1224,.T.);
#505=FACE_OUTER_BOUND('',#1225,.T.);
#506=FACE_OUTER_BOUND('',#1226,.T.);
#507=FACE_OUTER_BOUND('',#1227,.T.);
#508=FACE_OUTER_BOUND('',#1228,.T.);
#509=FACE_OUTER_BOUND('',#1229,.T.);
#510=FACE_OUTER_BOUND('',#1230,.T.);
#511=FACE_OUTER_BOUND('',#1231,.T.);
#512=FACE_OUTER_BOUND('',#1232,.T.);
#513=FACE_OUTER_BOUND('',#1233,.T.);
#514=FACE_OUTER_BOUND('',#1234,.T.);
#515=FACE_OUTER_BOUND('',#1235,.T.);
#516=FACE_OUTER_BOUND('',#1236,.T.);
#517=FACE_OUTER_BOUND('',#1237,.T.);
#518=FACE_OUTER_BOUND('',#1238,.T.);
#519=FACE_OUTER_BOUND('',#1239,.T.);
#520=FACE_OUTER_BOUND('',#1240,.T.);
#521=FACE_OUTER_BOUND('',#1241,.T.);
#522=FACE_OUTER_BOUND('',#1242,.T.);
#523=FACE_OUTER_BOUND('',#1243,.T.);
#524=FACE_OUTER_BOUND('',#1244,.T.);
#525=FACE_OUTER_BOUND('',#1245,.T.);
#526=FACE_OUTER_BOUND('',#1246,.T.);
#527=FACE_OUTER_BOUND('',#1247,.T.);
#528=FACE_OUTER_BOUND('',#1248,.T.);
#529=FACE_OUTER_BOUND('',#1249,.T.);
#530=FACE_OUTER_BOUND('',#1250,.T.);
#531=FACE_OUTER_BOUND('',#1251,.T.);
#532=FACE_OUTER_BOUND('',#1252,.T.);
#533=FACE_OUTER_BOUND('',#1253,.T.);
#534=FACE_OUTER_BOUND('',#1254,.T.);
#535=FACE_OUTER_BOUND('',#1255,.T.);
#536=FACE_OUTER_BOUND('',#1256,.T.);
#537=FACE_OUTER_BOUND('',#1257,.T.);
#538=FACE_OUTER_BOUND('',#1258,.T.);
#539=FACE_OUTER_BOUND('',#1259,.T.);
#540=FACE_OUTER_BOUND('',#1260,.T.);
#541=FACE_OUTER_BOUND('',#1261,.T.);
#542=FACE_OUTER_BOUND('',#1262,.T.);
#543=FACE_OUTER_BOUND('',#1263,.T.);
#544=FACE_OUTER_BOUND('',#1264,.T.);
#545=FACE_OUTER_BOUND('',#1265,.T.);
#546=FACE_OUTER_BOUND('',#1266,.T.);
#547=FACE_OUTER_BOUND('',#1267,.T.);
#548=FACE_OUTER_BOUND('',#1268,.T.);
#549=FACE_OUTER_BOUND('',#1269,.T.);
#550=FACE_OUTER_BOUND('',#1270,.T.);
#551=FACE_OUTER_BOUND('',#1271,.T.);
#552=FACE_OUTER_BOUND('',#1272,.T.);
#553=FACE_OUTER_BOUND('',#1273,.T.);
#554=FACE_OUTER_BOUND('',#1274,.T.);
#555=FACE_OUTER_BOUND('',#1275,.T.);
#556=FACE_OUTER_BOUND('',#1276,.T.);
#557=FACE_OUTER_BOUND('',#1277,.T.);
#558=FACE_OUTER_BOUND('',#1278,.T.);
#559=FACE_OUTER_BOUND('',#1279,.T.);
#560=FACE_OUTER_BOUND('',#1280,.T.);
#561=FACE_OUTER_BOUND('',#1281,.T.);
#562=FACE_OUTER_BOUND('',#1282,.T.);
#563=FACE_OUTER_BOUND('',#1283,.T.);
#564=FACE_OUTER_BOUND('',#1284,.T.);
#565=FACE_OUTER_BOUND('',#1285,.T.);
#566=FACE_OUTER_BOUND('',#1286,.T.);
#567=FACE_OUTER_BOUND('',#1287,.T.);
#568=FACE_OUTER_BOUND('',#1288,.T.);
#569=FACE_OUTER_BOUND('',#1289,.T.);
#570=FACE_OUTER_BOUND('',#1290,.T.);
#571=FACE_OUTER_BOUND('',#1291,.T.);
#572=FACE_OUTER_BOUND('',#1292,.T.);
#573=FACE_OUTER_BOUND('',#1293,.T.);
#574=FACE_OUTER_BOUND('',#1294,.T.);
#575=FACE_OUTER_BOUND('',#1295,.T.);
#576=FACE_OUTER_BOUND('',#1296,.T.);
#577=FACE_OUTER_BOUND('',#1297,.T.);
#578=FACE_OUTER_BOUND('',#1298,.T.);
#579=FACE_OUTER_BOUND('',#1299,.T.);
#580=FACE_OUTER_BOUND('',#1300,.T.);
#581=FACE_OUTER_BOUND('',#1301,.T.);
#582=FACE_OUTER_BOUND('',#1302,.T.);
#583=FACE_OUTER_BOUND('',#1303,.T.);
#584=FACE_OUTER_BOUND('',#1304,.T.);
#585=FACE_OUTER_BOUND('',#1305,.T.);
#586=FACE_OUTER_BOUND('',#1306,.T.);
#587=FACE_OUTER_BOUND('',#1307,.T.);
#588=FACE_OUTER_BOUND('',#1308,.T.);
#589=FACE_OUTER_BOUND('',#1309,.T.);
#590=FACE_OUTER_BOUND('',#1310,.T.);
#591=FACE_OUTER_BOUND('',#1311,.T.);
#592=FACE_OUTER_BOUND('',#1312,.T.);
#593=FACE_OUTER_BOUND('',#1313,.T.);
#594=FACE_OUTER_BOUND('',#1314,.T.);
#595=FACE_OUTER_BOUND('',#1315,.T.);
#596=FACE_OUTER_BOUND('',#1316,.T.);
#597=FACE_OUTER_BOUND('',#1317,.T.);
#598=FACE_OUTER_BOUND('',#1318,.T.);
#599=FACE_OUTER_BOUND('',#1319,.T.);
#600=FACE_OUTER_BOUND('',#1320,.T.);
#601=FACE_OUTER_BOUND('',#1321,.T.);
#602=FACE_OUTER_BOUND('',#1322,.T.);
#603=FACE_OUTER_BOUND('',#1323,.T.);
#604=FACE_OUTER_BOUND('',#1324,.T.);
#605=FACE_OUTER_BOUND('',#1325,.T.);
#606=FACE_OUTER_BOUND('',#1326,.T.);
#607=FACE_OUTER_BOUND('',#1327,.T.);
#608=FACE_OUTER_BOUND('',#1328,.T.);
#609=FACE_OUTER_BOUND('',#1329,.T.);
#610=FACE_OUTER_BOUND('',#1330,.T.);
#611=FACE_OUTER_BOUND('',#1331,.T.);
#612=FACE_OUTER_BOUND('',#1332,.T.);
#613=FACE_OUTER_BOUND('',#1333,.T.);
#614=FACE_OUTER_BOUND('',#1334,.T.);
#615=FACE_OUTER_BOUND('',#1335,.T.);
#616=FACE_OUTER_BOUND('',#1336,.T.);
#617=FACE_OUTER_BOUND('',#1337,.T.);
#618=FACE_OUTER_BOUND('',#1338,.T.);
#619=FACE_OUTER_BOUND('',#1339,.T.);
#620=FACE_OUTER_BOUND('',#1340,.T.);
#621=FACE_OUTER_BOUND('',#1341,.T.);
#622=FACE_OUTER_BOUND('',#1342,.T.);
#623=FACE_OUTER_BOUND('',#1343,.T.);
#624=FACE_OUTER_BOUND('',#1344,.T.);
#625=FACE_OUTER_BOUND('',#1345,.T.);
#626=FACE_OUTER_BOUND('',#1346,.T.);
#627=FACE_OUTER_BOUND('',#1347,.T.);
#628=FACE_OUTER_BOUND('',#1348,.T.);
#629=FACE_OUTER_BOUND('',#1349,.T.);
#630=FACE_OUTER_BOUND('',#1350,.T.);
#631=FACE_OUTER_BOUND('',#1351,.T.);
#632=FACE_OUTER_BOUND('',#1352,.T.);
#633=FACE_OUTER_BOUND('',#1353,.T.);
#634=FACE_OUTER_BOUND('',#1354,.T.);
#635=FACE_OUTER_BOUND('',#1355,.T.);
#636=FACE_OUTER_BOUND('',#1356,.T.);
#637=FACE_OUTER_BOUND('',#1357,.T.);
#638=FACE_OUTER_BOUND('',#1358,.T.);
#639=FACE_OUTER_BOUND('',#1359,.T.);
#640=FACE_OUTER_BOUND('',#1360,.T.);
#641=FACE_OUTER_BOUND('',#1361,.T.);
#642=FACE_OUTER_BOUND('',#1362,.T.);
#643=FACE_OUTER_BOUND('',#1363,.T.);
#644=FACE_OUTER_BOUND('',#1364,.T.);
#645=FACE_OUTER_BOUND('',#1365,.T.);
#646=FACE_OUTER_BOUND('',#1366,.T.);
#647=FACE_OUTER_BOUND('',#1367,.T.);
#648=FACE_OUTER_BOUND('',#1368,.T.);
#649=FACE_OUTER_BOUND('',#1369,.T.);
#650=FACE_OUTER_BOUND('',#1370,.T.);
#651=FACE_OUTER_BOUND('',#1371,.T.);
#652=FACE_OUTER_BOUND('',#1372,.T.);
#653=FACE_OUTER_BOUND('',#1373,.T.);
#654=FACE_OUTER_BOUND('',#1374,.T.);
#655=FACE_OUTER_BOUND('',#1375,.T.);
#656=FACE_OUTER_BOUND('',#1376,.T.);
#657=FACE_OUTER_BOUND('',#1377,.T.);
#658=FACE_OUTER_BOUND('',#1378,.T.);
#659=FACE_OUTER_BOUND('',#1379,.T.);
#660=FACE_OUTER_BOUND('',#1380,.T.);
#661=FACE_OUTER_BOUND('',#1381,.T.);
#662=FACE_OUTER_BOUND('',#1382,.T.);
#663=FACE_OUTER_BOUND('',#1383,.T.);
#664=FACE_OUTER_BOUND('',#1384,.T.);
#665=FACE_OUTER_BOUND('',#1385,.T.);
#666=FACE_OUTER_BOUND('',#1386,.T.);
#667=FACE_OUTER_BOUND('',#1387,.T.);
#668=FACE_OUTER_BOUND('',#1388,.T.);
#669=FACE_OUTER_BOUND('',#1389,.T.);
#670=FACE_OUTER_BOUND('',#1390,.T.);
#671=FACE_OUTER_BOUND('',#1391,.T.);
#672=FACE_OUTER_BOUND('',#1392,.T.);
#673=FACE_OUTER_BOUND('',#1393,.T.);
#674=FACE_OUTER_BOUND('',#1394,.T.);
#675=FACE_OUTER_BOUND('',#1395,.T.);
#676=FACE_OUTER_BOUND('',#1396,.T.);
#677=FACE_OUTER_BOUND('',#1397,.T.);
#678=FACE_OUTER_BOUND('',#1398,.T.);
#679=FACE_OUTER_BOUND('',#1399,.T.);
#680=FACE_OUTER_BOUND('',#1400,.T.);
#681=FACE_OUTER_BOUND('',#1401,.T.);
#682=FACE_OUTER_BOUND('',#1402,.T.);
#683=FACE_OUTER_BOUND('',#1403,.T.);
#684=FACE_OUTER_BOUND('',#1404,.T.);
#685=FACE_OUTER_BOUND('',#1405,.T.);
#686=FACE_OUTER_BOUND('',#1406,.T.);
#687=FACE_OUTER_BOUND('',#1407,.T.);
#688=FACE_OUTER_BOUND('',#1408,.T.);
#689=FACE_OUTER_BOUND('',#1409,.T.);
#690=FACE_OUTER_BOUND('',#1410,.T.);
#691=FACE_OUTER_BOUND('',#1411,.T.);
#692=FACE_OUTER_BOUND('',#1412,.T.);
#693=FACE_OUTER_BOUND('',#1413,.T.);
#694=FACE_OUTER_BOUND('',#1414,.T.);
#695=FACE_OUTER_BOUND('',#1415,.T.);
#696=FACE_OUTER_BOUND('',#1416,.T.);
#697=FACE_OUTER_BOUND('',#1417,.T.);
#698=FACE_OUTER_BOUND('',#1418,.T.);
#699=FACE_OUTER_BOUND('',#1419,.T.);
#700=FACE_OUTER_BOUND('',#1420,.T.);
#701=FACE_OUTER_BOUND('',#1421,.T.);
#702=FACE_OUTER_BOUND('',#1422,.T.);
#703=FACE_OUTER_BOUND('',#1423,.T.);
#704=FACE_OUTER_BOUND('',#1424,.T.);
#705=FACE_OUTER_BOUND('',#1425,.T.);
#706=FACE_OUTER_BOUND('',#1426,.T.);
#707=FACE_OUTER_BOUND('',#1427,.T.);
#708=FACE_OUTER_BOUND('',#1428,.T.);
#709=FACE_OUTER_BOUND('',#1429,.T.);
#710=FACE_OUTER_BOUND('',#1430,.T.);
#711=FACE_OUTER_BOUND('',#1431,.T.);
#712=FACE_OUTER_BOUND('',#1432,.T.);
#713=FACE_OUTER_BOUND('',#1433,.T.);
#714=FACE_OUTER_BOUND('',#1434,.T.);
#715=FACE_OUTER_BOUND('',#1435,.T.);
#716=FACE_OUTER_BOUND('',#1436,.T.);
#717=FACE_OUTER_BOUND('',#1437,.T.);
#718=FACE_OUTER_BOUND('',#1438,.T.);
#719=FACE_OUTER_BOUND('',#1439,.T.);
#720=FACE_OUTER_BOUND('',#1440,.T.);
#721=FACE_OUTER_BOUND('',#1441,.T.);
#722=FACE_OUTER_BOUND('',#1442,.T.);
#723=FACE_OUTER_BOUND('',#1443,.T.);
#724=FACE_OUTER_BOUND('',#1444,.T.);
#725=FACE_OUTER_BOUND('',#1445,.T.);
#726=FACE_OUTER_BOUND('',#1446,.T.);
#727=FACE_OUTER_BOUND('',#1447,.T.);
#728=FACE_OUTER_BOUND('',#1448,.T.);
#729=FACE_OUTER_BOUND('',#1449,.T.);
#730=FACE_OUTER_BOUND('',#1450,.T.);
#731=FACE_OUTER_BOUND('',#1451,.T.);
#732=FACE_OUTER_BOUND('',#1452,.T.);
#733=FACE_OUTER_BOUND('',#1453,.T.);
#734=FACE_OUTER_BOUND('',#1454,.T.);
#735=FACE_OUTER_BOUND('',#1455,.T.);
#736=FACE_OUTER_BOUND('',#1456,.T.);
#737=FACE_OUTER_BOUND('',#1457,.T.);
#738=FACE_OUTER_BOUND('',#1458,.T.);
#739=FACE_OUTER_BOUND('',#1459,.T.);
#740=FACE_OUTER_BOUND('',#1460,.T.);
#741=FACE_OUTER_BOUND('',#1461,.T.);
#742=FACE_OUTER_BOUND('',#1462,.T.);
#743=FACE_OUTER_BOUND('',#1463,.T.);
#744=FACE_OUTER_BOUND('',#1464,.T.);
#745=FACE_OUTER_BOUND('',#1465,.T.);
#746=FACE_OUTER_BOUND('',#1466,.T.);
#747=FACE_OUTER_BOUND('',#1467,.T.);
#748=FACE_OUTER_BOUND('',#1468,.T.);
#749=FACE_OUTER_BOUND('',#1469,.T.);
#750=FACE_OUTER_BOUND('',#1470,.T.);
#751=FACE_OUTER_BOUND('',#1471,.T.);
#752=FACE_OUTER_BOUND('',#1472,.T.);
#753=FACE_OUTER_BOUND('',#1473,.T.);
#754=FACE_OUTER_BOUND('',#1474,.T.);
#755=FACE_OUTER_BOUND('',#1475,.T.);
#756=FACE_OUTER_BOUND('',#1476,.T.);
#757=FACE_OUTER_BOUND('',#1477,.T.);
#758=FACE_OUTER_BOUND('',#1478,.T.);
#759=FACE_OUTER_BOUND('',#1479,.T.);
#760=FACE_OUTER_BOUND('',#1480,.T.);
#761=FACE_OUTER_BOUND('',#1481,.T.);
#762=FACE_OUTER_BOUND('',#1482,.T.);
#763=FACE_OUTER_BOUND('',#1483,.T.);
#764=FACE_OUTER_BOUND('',#1484,.T.);
#765=FACE_OUTER_BOUND('',#1485,.T.);
#766=FACE_OUTER_BOUND('',#1486,.T.);
#767=FACE_OUTER_BOUND('',#1487,.T.);
#768=FACE_OUTER_BOUND('',#1488,.T.);
#769=FACE_OUTER_BOUND('',#1489,.T.);
#770=FACE_OUTER_BOUND('',#1490,.T.);
#771=FACE_OUTER_BOUND('',#1491,.T.);
#772=FACE_OUTER_BOUND('',#1492,.T.);
#773=FACE_OUTER_BOUND('',#1493,.T.);
#774=FACE_OUTER_BOUND('',#1494,.T.);
#775=FACE_OUTER_BOUND('',#1495,.T.);
#776=FACE_OUTER_BOUND('',#1496,.T.);
#777=FACE_OUTER_BOUND('',#1497,.T.);
#778=FACE_OUTER_BOUND('',#1498,.T.);
#779=FACE_OUTER_BOUND('',#1499,.T.);
#780=FACE_OUTER_BOUND('',#1500,.T.);
#781=FACE_OUTER_BOUND('',#1501,.T.);
#782=FACE_OUTER_BOUND('',#1502,.T.);
#783=FACE_OUTER_BOUND('',#1503,.T.);
#784=FACE_OUTER_BOUND('',#1504,.T.);
#785=FACE_OUTER_BOUND('',#1505,.T.);
#786=FACE_OUTER_BOUND('',#1506,.T.);
#787=FACE_OUTER_BOUND('',#1507,.T.);
#788=FACE_OUTER_BOUND('',#1508,.T.);
#789=FACE_OUTER_BOUND('',#1509,.T.);
#790=FACE_OUTER_BOUND('',#1510,.T.);
#791=FACE_OUTER_BOUND('',#1511,.T.);
#792=FACE_OUTER_BOUND('',#1512,.T.);
#793=FACE_OUTER_BOUND('',#1513,.T.);
#794=FACE_OUTER_BOUND('',#1514,.T.);
#795=FACE_OUTER_BOUND('',#1515,.T.);
#796=FACE_OUTER_BOUND('',#1516,.T.);
#797=FACE_OUTER_BOUND('',#1517,.T.);
#798=FACE_OUTER_BOUND('',#1518,.T.);
#799=FACE_OUTER_BOUND('',#1519,.T.);
#800=FACE_OUTER_BOUND('',#1520,.T.);
#801=FACE_OUTER_BOUND('',#1521,.T.);
#802=FACE_OUTER_BOUND('',#1522,.T.);
#803=FACE_OUTER_BOUND('',#1523,.T.);
#804=FACE_OUTER_BOUND('',#1539,.T.);
#805=EDGE_LOOP('',(#9195,#9196,#9197,#9198));
#806=EDGE_LOOP('',(#9199,#9200,#9201,#9202));
#807=EDGE_LOOP('',(#9203,#9204,#9205,#9206));
#808=EDGE_LOOP('',(#9207,#9208,#9209,#9210));
#809=EDGE_LOOP('',(#9211,#9212,#9213,#9214));
#810=EDGE_LOOP('',(#9215,#9216,#9217,#9218));
#811=EDGE_LOOP('',(#9219,#9220,#9221,#9222));
#812=EDGE_LOOP('',(#9223,#9224,#9225,#9226));
#813=EDGE_LOOP('',(#9227,#9228,#9229,#9230));
#814=EDGE_LOOP('',(#9231,#9232,#9233,#9234));
#815=EDGE_LOOP('',(#9235,#9236,#9237,#9238));
#816=EDGE_LOOP('',(#9239,#9240,#9241,#9242));
#817=EDGE_LOOP('',(#9243,#9244,#9245,#9246));
#818=EDGE_LOOP('',(#9247,#9248,#9249,#9250));
#819=EDGE_LOOP('',(#9251,#9252,#9253,#9254));
#820=EDGE_LOOP('',(#9255,#9256,#9257,#9258));
#821=EDGE_LOOP('',(#9259,#9260,#9261,#9262));
#822=EDGE_LOOP('',(#9263,#9264,#9265,#9266));
#823=EDGE_LOOP('',(#9267,#9268,#9269,#9270));
#824=EDGE_LOOP('',(#9271,#9272,#9273,#9274));
#825=EDGE_LOOP('',(#9275,#9276,#9277,#9278));
#826=EDGE_LOOP('',(#9279,#9280,#9281,#9282));
#827=EDGE_LOOP('',(#9283,#9284,#9285,#9286));
#828=EDGE_LOOP('',(#9287,#9288,#9289,#9290));
#829=EDGE_LOOP('',(#9291,#9292,#9293,#9294));
#830=EDGE_LOOP('',(#9295,#9296,#9297,#9298));
#831=EDGE_LOOP('',(#9299,#9300,#9301,#9302));
#832=EDGE_LOOP('',(#9303,#9304,#9305,#9306));
#833=EDGE_LOOP('',(#9307,#9308,#9309,#9310));
#834=EDGE_LOOP('',(#9311,#9312,#9313,#9314));
#835=EDGE_LOOP('',(#9315,#9316,#9317,#9318));
#836=EDGE_LOOP('',(#9319,#9320,#9321,#9322));
#837=EDGE_LOOP('',(#9323,#9324,#9325,#9326));
#838=EDGE_LOOP('',(#9327,#9328,#9329,#9330));
#839=EDGE_LOOP('',(#9331,#9332,#9333,#9334));
#840=EDGE_LOOP('',(#9335,#9336,#9337,#9338));
#841=EDGE_LOOP('',(#9339,#9340,#9341,#9342));
#842=EDGE_LOOP('',(#9343,#9344,#9345,#9346));
#843=EDGE_LOOP('',(#9347,#9348,#9349,#9350));
#844=EDGE_LOOP('',(#9351,#9352,#9353,#9354));
#845=EDGE_LOOP('',(#9355,#9356,#9357,#9358));
#846=EDGE_LOOP('',(#9359,#9360,#9361,#9362));
#847=EDGE_LOOP('',(#9363,#9364,#9365,#9366));
#848=EDGE_LOOP('',(#9367,#9368,#9369,#9370));
#849=EDGE_LOOP('',(#9371,#9372,#9373,#9374));
#850=EDGE_LOOP('',(#9375,#9376,#9377,#9378));
#851=EDGE_LOOP('',(#9379,#9380,#9381,#9382));
#852=EDGE_LOOP('',(#9383,#9384,#9385,#9386));
#853=EDGE_LOOP('',(#9387,#9388,#9389,#9390));
#854=EDGE_LOOP('',(#9391,#9392,#9393,#9394));
#855=EDGE_LOOP('',(#9395,#9396,#9397,#9398));
#856=EDGE_LOOP('',(#9399,#9400,#9401,#9402));
#857=EDGE_LOOP('',(#9403,#9404,#9405,#9406));
#858=EDGE_LOOP('',(#9407,#9408,#9409,#9410));
#859=EDGE_LOOP('',(#9411,#9412,#9413,#9414));
#860=EDGE_LOOP('',(#9415,#9416,#9417,#9418));
#861=EDGE_LOOP('',(#9419,#9420,#9421,#9422));
#862=EDGE_LOOP('',(#9423,#9424,#9425,#9426));
#863=EDGE_LOOP('',(#9427,#9428,#9429,#9430));
#864=EDGE_LOOP('',(#9431,#9432,#9433,#9434));
#865=EDGE_LOOP('',(#9435,#9436,#9437,#9438));
#866=EDGE_LOOP('',(#9439,#9440,#9441,#9442));
#867=EDGE_LOOP('',(#9443,#9444,#9445,#9446));
#868=EDGE_LOOP('',(#9447,#9448,#9449,#9450));
#869=EDGE_LOOP('',(#9451,#9452,#9453,#9454));
#870=EDGE_LOOP('',(#9455,#9456,#9457,#9458));
#871=EDGE_LOOP('',(#9459,#9460,#9461,#9462));
#872=EDGE_LOOP('',(#9463,#9464,#9465,#9466));
#873=EDGE_LOOP('',(#9467,#9468,#9469,#9470));
#874=EDGE_LOOP('',(#9471,#9472,#9473,#9474));
#875=EDGE_LOOP('',(#9475,#9476,#9477,#9478));
#876=EDGE_LOOP('',(#9479,#9480,#9481,#9482));
#877=EDGE_LOOP('',(#9483,#9484,#9485,#9486));
#878=EDGE_LOOP('',(#9487,#9488,#9489,#9490));
#879=EDGE_LOOP('',(#9491,#9492,#9493,#9494));
#880=EDGE_LOOP('',(#9495,#9496,#9497,#9498));
#881=EDGE_LOOP('',(#9499,#9500,#9501,#9502));
#882=EDGE_LOOP('',(#9503,#9504,#9505,#9506));
#883=EDGE_LOOP('',(#9507,#9508,#9509,#9510));
#884=EDGE_LOOP('',(#9511,#9512,#9513,#9514));
#885=EDGE_LOOP('',(#9515,#9516,#9517,#9518));
#886=EDGE_LOOP('',(#9519,#9520,#9521,#9522));
#887=EDGE_LOOP('',(#9523,#9524,#9525,#9526));
#888=EDGE_LOOP('',(#9527,#9528,#9529,#9530));
#889=EDGE_LOOP('',(#9531,#9532,#9533,#9534));
#890=EDGE_LOOP('',(#9535,#9536,#9537,#9538));
#891=EDGE_LOOP('',(#9539,#9540,#9541,#9542));
#892=EDGE_LOOP('',(#9543,#9544,#9545,#9546));
#893=EDGE_LOOP('',(#9547,#9548,#9549,#9550));
#894=EDGE_LOOP('',(#9551,#9552,#9553,#9554));
#895=EDGE_LOOP('',(#9555,#9556,#9557,#9558));
#896=EDGE_LOOP('',(#9559,#9560,#9561,#9562));
#897=EDGE_LOOP('',(#9563,#9564,#9565,#9566));
#898=EDGE_LOOP('',(#9567,#9568,#9569,#9570));
#899=EDGE_LOOP('',(#9571,#9572,#9573,#9574));
#900=EDGE_LOOP('',(#9575,#9576,#9577,#9578));
#901=EDGE_LOOP('',(#9579,#9580,#9581,#9582));
#902=EDGE_LOOP('',(#9583,#9584,#9585,#9586));
#903=EDGE_LOOP('',(#9587,#9588,#9589,#9590));
#904=EDGE_LOOP('',(#9591,#9592,#9593,#9594));
#905=EDGE_LOOP('',(#9595,#9596,#9597,#9598));
#906=EDGE_LOOP('',(#9599,#9600,#9601,#9602));
#907=EDGE_LOOP('',(#9603,#9604,#9605,#9606));
#908=EDGE_LOOP('',(#9607,#9608,#9609,#9610));
#909=EDGE_LOOP('',(#9611,#9612,#9613,#9614));
#910=EDGE_LOOP('',(#9615,#9616,#9617,#9618));
#911=EDGE_LOOP('',(#9619,#9620,#9621,#9622));
#912=EDGE_LOOP('',(#9623,#9624,#9625,#9626));
#913=EDGE_LOOP('',(#9627,#9628,#9629,#9630));
#914=EDGE_LOOP('',(#9631,#9632,#9633,#9634));
#915=EDGE_LOOP('',(#9635,#9636,#9637,#9638));
#916=EDGE_LOOP('',(#9639,#9640,#9641,#9642));
#917=EDGE_LOOP('',(#9643,#9644,#9645,#9646));
#918=EDGE_LOOP('',(#9647,#9648,#9649,#9650));
#919=EDGE_LOOP('',(#9651,#9652,#9653,#9654));
#920=EDGE_LOOP('',(#9655,#9656,#9657,#9658));
#921=EDGE_LOOP('',(#9659,#9660,#9661,#9662));
#922=EDGE_LOOP('',(#9663,#9664,#9665,#9666));
#923=EDGE_LOOP('',(#9667,#9668,#9669,#9670));
#924=EDGE_LOOP('',(#9671,#9672,#9673,#9674));
#925=EDGE_LOOP('',(#9675,#9676,#9677,#9678));
#926=EDGE_LOOP('',(#9679,#9680,#9681,#9682));
#927=EDGE_LOOP('',(#9683,#9684,#9685,#9686));
#928=EDGE_LOOP('',(#9687,#9688,#9689,#9690));
#929=EDGE_LOOP('',(#9691,#9692,#9693,#9694));
#930=EDGE_LOOP('',(#9695,#9696,#9697,#9698));
#931=EDGE_LOOP('',(#9699,#9700,#9701,#9702));
#932=EDGE_LOOP('',(#9703,#9704,#9705,#9706));
#933=EDGE_LOOP('',(#9707,#9708,#9709,#9710));
#934=EDGE_LOOP('',(#9711,#9712,#9713,#9714));
#935=EDGE_LOOP('',(#9715,#9716,#9717,#9718));
#936=EDGE_LOOP('',(#9719,#9720,#9721,#9722));
#937=EDGE_LOOP('',(#9723,#9724,#9725,#9726));
#938=EDGE_LOOP('',(#9727,#9728,#9729,#9730));
#939=EDGE_LOOP('',(#9731,#9732,#9733,#9734));
#940=EDGE_LOOP('',(#9735,#9736,#9737,#9738));
#941=EDGE_LOOP('',(#9739,#9740,#9741,#9742));
#942=EDGE_LOOP('',(#9743,#9744,#9745,#9746));
#943=EDGE_LOOP('',(#9747,#9748,#9749,#9750));
#944=EDGE_LOOP('',(#9751,#9752,#9753,#9754));
#945=EDGE_LOOP('',(#9755,#9756,#9757,#9758));
#946=EDGE_LOOP('',(#9759,#9760,#9761,#9762));
#947=EDGE_LOOP('',(#9763,#9764,#9765,#9766));
#948=EDGE_LOOP('',(#9767,#9768,#9769,#9770));
#949=EDGE_LOOP('',(#9771,#9772,#9773,#9774));
#950=EDGE_LOOP('',(#9775,#9776,#9777,#9778));
#951=EDGE_LOOP('',(#9779,#9780,#9781,#9782));
#952=EDGE_LOOP('',(#9783,#9784,#9785,#9786));
#953=EDGE_LOOP('',(#9787,#9788,#9789,#9790));
#954=EDGE_LOOP('',(#9791,#9792,#9793,#9794));
#955=EDGE_LOOP('',(#9795,#9796,#9797,#9798));
#956=EDGE_LOOP('',(#9799,#9800,#9801,#9802));
#957=EDGE_LOOP('',(#9803,#9804,#9805,#9806));
#958=EDGE_LOOP('',(#9807,#9808,#9809,#9810));
#959=EDGE_LOOP('',(#9811,#9812,#9813,#9814));
#960=EDGE_LOOP('',(#9815,#9816,#9817,#9818));
#961=EDGE_LOOP('',(#9819,#9820,#9821,#9822));
#962=EDGE_LOOP('',(#9823,#9824,#9825,#9826));
#963=EDGE_LOOP('',(#9827,#9828,#9829,#9830));
#964=EDGE_LOOP('',(#9831,#9832,#9833,#9834));
#965=EDGE_LOOP('',(#9835,#9836,#9837,#9838));
#966=EDGE_LOOP('',(#9839,#9840,#9841,#9842));
#967=EDGE_LOOP('',(#9843,#9844,#9845,#9846));
#968=EDGE_LOOP('',(#9847,#9848,#9849,#9850));
#969=EDGE_LOOP('',(#9851,#9852,#9853,#9854,#9855,#9856,#9857,#9858,#9859,
#9860,#9861,#9862,#9863,#9864,#9865,#9866,#9867,#9868,#9869,#9870,#9871,
#9872,#9873,#9874,#9875,#9876,#9877,#9878,#9879,#9880,#9881,#9882,#9883,
#9884,#9885,#9886,#9887,#9888,#9889,#9890,#9891,#9892,#9893,#9894,#9895,
#9896,#9897,#9898,#9899,#9900,#9901,#9902,#9903,#9904,#9905,#9906,#9907,
#9908,#9909,#9910,#9911,#9912,#9913,#9914,#9915,#9916,#9917,#9918,#9919,
#9920,#9921,#9922,#9923,#9924,#9925,#9926,#9927,#9928,#9929,#9930,#9931,
#9932,#9933,#9934));
#970=EDGE_LOOP('',(#9935,#9936,#9937,#9938,#9939,#9940,#9941,#9942,#9943,
#9944,#9945,#9946,#9947,#9948,#9949,#9950,#9951,#9952,#9953,#9954));
#971=EDGE_LOOP('',(#9955,#9956,#9957,#9958,#9959,#9960,#9961,#9962,#9963,
#9964,#9965,#9966,#9967,#9968,#9969,#9970,#9971,#9972,#9973,#9974));
#972=EDGE_LOOP('',(#9975,#9976,#9977,#9978,#9979,#9980,#9981,#9982,#9983,
#9984,#9985,#9986,#9987,#9988,#9989,#9990,#9991,#9992,#9993,#9994));
#973=EDGE_LOOP('',(#9995,#9996,#9997,#9998,#9999,#10000,#10001,#10002,#10003,
#10004,#10005,#10006,#10007,#10008,#10009,#10010,#10011,#10012,#10013,#10014));
#974=EDGE_LOOP('',(#10015,#10016,#10017,#10018,#10019,#10020,#10021,#10022,
#10023,#10024,#10025,#10026,#10027,#10028,#10029,#10030,#10031,#10032,#10033,
#10034,#10035,#10036,#10037,#10038,#10039,#10040,#10041,#10042,#10043,#10044,
#10045,#10046,#10047,#10048,#10049,#10050,#10051,#10052,#10053,#10054,#10055,
#10056,#10057,#10058,#10059,#10060,#10061,#10062,#10063,#10064,#10065,#10066,
#10067,#10068,#10069,#10070,#10071,#10072,#10073,#10074,#10075,#10076,#10077,
#10078,#10079,#10080,#10081,#10082,#10083,#10084,#10085,#10086,#10087,#10088,
#10089,#10090,#10091,#10092,#10093,#10094,#10095,#10096,#10097,#10098));
#975=EDGE_LOOP('',(#10099,#10100,#10101,#10102,#10103,#10104,#10105,#10106,
#10107,#10108,#10109,#10110,#10111,#10112,#10113,#10114,#10115,#10116,#10117,
#10118));
#976=EDGE_LOOP('',(#10119,#10120,#10121,#10122,#10123,#10124,#10125,#10126,
#10127,#10128,#10129,#10130,#10131,#10132,#10133,#10134,#10135,#10136,#10137,
#10138));
#977=EDGE_LOOP('',(#10139,#10140,#10141,#10142,#10143,#10144,#10145,#10146,
#10147,#10148,#10149,#10150,#10151,#10152,#10153,#10154,#10155,#10156,#10157,
#10158));
#978=EDGE_LOOP('',(#10159,#10160,#10161,#10162,#10163,#10164,#10165,#10166,
#10167,#10168,#10169,#10170,#10171,#10172,#10173,#10174,#10175,#10176,#10177,
#10178));
#979=EDGE_LOOP('',(#10179,#10180,#10181,#10182));
#980=EDGE_LOOP('',(#10183,#10184,#10185,#10186,#10187,#10188,#10189,#10190));
#981=EDGE_LOOP('',(#10191,#10192,#10193,#10194));
#982=EDGE_LOOP('',(#10195,#10196,#10197,#10198));
#983=EDGE_LOOP('',(#10199,#10200,#10201,#10202));
#984=EDGE_LOOP('',(#10203,#10204,#10205,#10206));
#985=EDGE_LOOP('',(#10207,#10208,#10209,#10210));
#986=EDGE_LOOP('',(#10211,#10212,#10213,#10214));
#987=EDGE_LOOP('',(#10215,#10216,#10217,#10218));
#988=EDGE_LOOP('',(#10219,#10220,#10221,#10222,#10223,#10224,#10225,#10226));
#989=EDGE_LOOP('',(#10227,#10228,#10229,#10230));
#990=EDGE_LOOP('',(#10231,#10232,#10233,#10234));
#991=EDGE_LOOP('',(#10235,#10236,#10237,#10238));
#992=EDGE_LOOP('',(#10239,#10240,#10241,#10242));
#993=EDGE_LOOP('',(#10243,#10244,#10245,#10246));
#994=EDGE_LOOP('',(#10247,#10248,#10249,#10250));
#995=EDGE_LOOP('',(#10251,#10252,#10253,#10254));
#996=EDGE_LOOP('',(#10255,#10256,#10257,#10258));
#997=EDGE_LOOP('',(#10259,#10260,#10261,#10262));
#998=EDGE_LOOP('',(#10263,#10264,#10265,#10266));
#999=EDGE_LOOP('',(#10267,#10268,#10269,#10270));
#1000=EDGE_LOOP('',(#10271,#10272,#10273,#10274));
#1001=EDGE_LOOP('',(#10275,#10276,#10277,#10278));
#1002=EDGE_LOOP('',(#10279,#10280,#10281,#10282));
#1003=EDGE_LOOP('',(#10283,#10284,#10285,#10286));
#1004=EDGE_LOOP('',(#10287,#10288,#10289,#10290));
#1005=EDGE_LOOP('',(#10291,#10292,#10293,#10294));
#1006=EDGE_LOOP('',(#10295,#10296,#10297,#10298));
#1007=EDGE_LOOP('',(#10299,#10300,#10301,#10302));
#1008=EDGE_LOOP('',(#10303,#10304,#10305,#10306));
#1009=EDGE_LOOP('',(#10307,#10308,#10309,#10310));
#1010=EDGE_LOOP('',(#10311,#10312,#10313,#10314));
#1011=EDGE_LOOP('',(#10315,#10316,#10317,#10318));
#1012=EDGE_LOOP('',(#10319,#10320,#10321,#10322));
#1013=EDGE_LOOP('',(#10323,#10324,#10325,#10326));
#1014=EDGE_LOOP('',(#10327,#10328,#10329,#10330));
#1015=EDGE_LOOP('',(#10331,#10332,#10333,#10334));
#1016=EDGE_LOOP('',(#10335,#10336,#10337,#10338));
#1017=EDGE_LOOP('',(#10339,#10340,#10341,#10342));
#1018=EDGE_LOOP('',(#10343,#10344,#10345,#10346));
#1019=EDGE_LOOP('',(#10347,#10348,#10349,#10350));
#1020=EDGE_LOOP('',(#10351,#10352,#10353,#10354));
#1021=EDGE_LOOP('',(#10355,#10356,#10357,#10358));
#1022=EDGE_LOOP('',(#10359,#10360,#10361,#10362));
#1023=EDGE_LOOP('',(#10363,#10364,#10365,#10366));
#1024=EDGE_LOOP('',(#10367,#10368,#10369,#10370));
#1025=EDGE_LOOP('',(#10371,#10372,#10373,#10374));
#1026=EDGE_LOOP('',(#10375,#10376,#10377,#10378));
#1027=EDGE_LOOP('',(#10379,#10380,#10381,#10382));
#1028=EDGE_LOOP('',(#10383,#10384,#10385,#10386));
#1029=EDGE_LOOP('',(#10387,#10388,#10389,#10390));
#1030=EDGE_LOOP('',(#10391,#10392,#10393,#10394));
#1031=EDGE_LOOP('',(#10395,#10396,#10397,#10398));
#1032=EDGE_LOOP('',(#10399,#10400,#10401,#10402));
#1033=EDGE_LOOP('',(#10403,#10404,#10405,#10406));
#1034=EDGE_LOOP('',(#10407,#10408,#10409,#10410));
#1035=EDGE_LOOP('',(#10411,#10412,#10413,#10414));
#1036=EDGE_LOOP('',(#10415,#10416,#10417,#10418));
#1037=EDGE_LOOP('',(#10419,#10420,#10421,#10422));
#1038=EDGE_LOOP('',(#10423,#10424,#10425,#10426));
#1039=EDGE_LOOP('',(#10427,#10428,#10429,#10430));
#1040=EDGE_LOOP('',(#10431,#10432,#10433,#10434));
#1041=EDGE_LOOP('',(#10435,#10436,#10437,#10438));
#1042=EDGE_LOOP('',(#10439,#10440,#10441,#10442));
#1043=EDGE_LOOP('',(#10443,#10444,#10445,#10446));
#1044=EDGE_LOOP('',(#10447,#10448,#10449,#10450));
#1045=EDGE_LOOP('',(#10451,#10452,#10453,#10454));
#1046=EDGE_LOOP('',(#10455,#10456,#10457,#10458));
#1047=EDGE_LOOP('',(#10459,#10460,#10461,#10462));
#1048=EDGE_LOOP('',(#10463,#10464,#10465,#10466));
#1049=EDGE_LOOP('',(#10467,#10468,#10469,#10470));
#1050=EDGE_LOOP('',(#10471,#10472,#10473,#10474));
#1051=EDGE_LOOP('',(#10475,#10476,#10477,#10478));
#1052=EDGE_LOOP('',(#10479,#10480,#10481,#10482));
#1053=EDGE_LOOP('',(#10483,#10484,#10485,#10486));
#1054=EDGE_LOOP('',(#10487,#10488,#10489,#10490));
#1055=EDGE_LOOP('',(#10491,#10492,#10493,#10494));
#1056=EDGE_LOOP('',(#10495,#10496,#10497,#10498));
#1057=EDGE_LOOP('',(#10499,#10500,#10501,#10502));
#1058=EDGE_LOOP('',(#10503,#10504,#10505,#10506));
#1059=EDGE_LOOP('',(#10507,#10508,#10509,#10510));
#1060=EDGE_LOOP('',(#10511,#10512,#10513,#10514));
#1061=EDGE_LOOP('',(#10515,#10516,#10517,#10518));
#1062=EDGE_LOOP('',(#10519,#10520,#10521,#10522));
#1063=EDGE_LOOP('',(#10523,#10524,#10525,#10526));
#1064=EDGE_LOOP('',(#10527,#10528,#10529,#10530));
#1065=EDGE_LOOP('',(#10531,#10532,#10533,#10534));
#1066=EDGE_LOOP('',(#10535,#10536,#10537,#10538));
#1067=EDGE_LOOP('',(#10539,#10540,#10541,#10542));
#1068=EDGE_LOOP('',(#10543,#10544,#10545,#10546));
#1069=EDGE_LOOP('',(#10547,#10548,#10549,#10550));
#1070=EDGE_LOOP('',(#10551,#10552,#10553,#10554));
#1071=EDGE_LOOP('',(#10555,#10556,#10557,#10558));
#1072=EDGE_LOOP('',(#10559,#10560,#10561,#10562));
#1073=EDGE_LOOP('',(#10563,#10564,#10565,#10566));
#1074=EDGE_LOOP('',(#10567,#10568,#10569,#10570));
#1075=EDGE_LOOP('',(#10571,#10572,#10573,#10574));
#1076=EDGE_LOOP('',(#10575,#10576,#10577,#10578));
#1077=EDGE_LOOP('',(#10579,#10580,#10581,#10582));
#1078=EDGE_LOOP('',(#10583,#10584,#10585,#10586));
#1079=EDGE_LOOP('',(#10587,#10588,#10589,#10590));
#1080=EDGE_LOOP('',(#10591,#10592,#10593,#10594));
#1081=EDGE_LOOP('',(#10595,#10596,#10597,#10598));
#1082=EDGE_LOOP('',(#10599,#10600,#10601,#10602));
#1083=EDGE_LOOP('',(#10603,#10604,#10605,#10606));
#1084=EDGE_LOOP('',(#10607,#10608,#10609,#10610));
#1085=EDGE_LOOP('',(#10611,#10612,#10613,#10614));
#1086=EDGE_LOOP('',(#10615,#10616,#10617,#10618));
#1087=EDGE_LOOP('',(#10619,#10620,#10621,#10622));
#1088=EDGE_LOOP('',(#10623,#10624,#10625,#10626));
#1089=EDGE_LOOP('',(#10627,#10628,#10629,#10630));
#1090=EDGE_LOOP('',(#10631,#10632,#10633,#10634));
#1091=EDGE_LOOP('',(#10635,#10636,#10637,#10638));
#1092=EDGE_LOOP('',(#10639,#10640,#10641,#10642));
#1093=EDGE_LOOP('',(#10643,#10644,#10645,#10646));
#1094=EDGE_LOOP('',(#10647,#10648,#10649,#10650));
#1095=EDGE_LOOP('',(#10651,#10652,#10653,#10654));
#1096=EDGE_LOOP('',(#10655,#10656,#10657,#10658));
#1097=EDGE_LOOP('',(#10659,#10660,#10661,#10662));
#1098=EDGE_LOOP('',(#10663,#10664,#10665,#10666));
#1099=EDGE_LOOP('',(#10667,#10668,#10669,#10670));
#1100=EDGE_LOOP('',(#10671,#10672,#10673,#10674));
#1101=EDGE_LOOP('',(#10675,#10676,#10677,#10678));
#1102=EDGE_LOOP('',(#10679,#10680,#10681,#10682));
#1103=EDGE_LOOP('',(#10683,#10684,#10685,#10686));
#1104=EDGE_LOOP('',(#10687,#10688,#10689,#10690));
#1105=EDGE_LOOP('',(#10691,#10692,#10693,#10694));
#1106=EDGE_LOOP('',(#10695,#10696,#10697,#10698));
#1107=EDGE_LOOP('',(#10699,#10700,#10701,#10702));
#1108=EDGE_LOOP('',(#10703,#10704,#10705,#10706));
#1109=EDGE_LOOP('',(#10707,#10708,#10709,#10710));
#1110=EDGE_LOOP('',(#10711,#10712,#10713,#10714));
#1111=EDGE_LOOP('',(#10715,#10716,#10717,#10718));
#1112=EDGE_LOOP('',(#10719,#10720,#10721,#10722));
#1113=EDGE_LOOP('',(#10723,#10724,#10725,#10726));
#1114=EDGE_LOOP('',(#10727,#10728,#10729,#10730));
#1115=EDGE_LOOP('',(#10731,#10732,#10733,#10734));
#1116=EDGE_LOOP('',(#10735,#10736,#10737,#10738));
#1117=EDGE_LOOP('',(#10739,#10740,#10741,#10742));
#1118=EDGE_LOOP('',(#10743,#10744,#10745,#10746));
#1119=EDGE_LOOP('',(#10747,#10748,#10749,#10750));
#1120=EDGE_LOOP('',(#10751,#10752,#10753,#10754));
#1121=EDGE_LOOP('',(#10755,#10756,#10757,#10758));
#1122=EDGE_LOOP('',(#10759,#10760,#10761,#10762));
#1123=EDGE_LOOP('',(#10763,#10764,#10765,#10766));
#1124=EDGE_LOOP('',(#10767,#10768,#10769,#10770));
#1125=EDGE_LOOP('',(#10771,#10772,#10773,#10774));
#1126=EDGE_LOOP('',(#10775,#10776,#10777,#10778));
#1127=EDGE_LOOP('',(#10779,#10780,#10781,#10782));
#1128=EDGE_LOOP('',(#10783,#10784,#10785,#10786));
#1129=EDGE_LOOP('',(#10787,#10788,#10789,#10790));
#1130=EDGE_LOOP('',(#10791,#10792,#10793,#10794));
#1131=EDGE_LOOP('',(#10795,#10796,#10797,#10798));
#1132=EDGE_LOOP('',(#10799,#10800,#10801,#10802));
#1133=EDGE_LOOP('',(#10803,#10804,#10805,#10806));
#1134=EDGE_LOOP('',(#10807,#10808,#10809,#10810));
#1135=EDGE_LOOP('',(#10811,#10812,#10813,#10814));
#1136=EDGE_LOOP('',(#10815,#10816,#10817,#10818));
#1137=EDGE_LOOP('',(#10819,#10820,#10821,#10822));
#1138=EDGE_LOOP('',(#10823,#10824,#10825,#10826));
#1139=EDGE_LOOP('',(#10827,#10828,#10829,#10830));
#1140=EDGE_LOOP('',(#10831,#10832,#10833,#10834));
#1141=EDGE_LOOP('',(#10835,#10836,#10837,#10838));
#1142=EDGE_LOOP('',(#10839,#10840,#10841,#10842));
#1143=EDGE_LOOP('',(#10843,#10844,#10845,#10846));
#1144=EDGE_LOOP('',(#10847,#10848,#10849,#10850));
#1145=EDGE_LOOP('',(#10851,#10852,#10853,#10854));
#1146=EDGE_LOOP('',(#10855,#10856,#10857,#10858));
#1147=EDGE_LOOP('',(#10859,#10860,#10861,#10862));
#1148=EDGE_LOOP('',(#10863,#10864,#10865,#10866));
#1149=EDGE_LOOP('',(#10867,#10868,#10869,#10870));
#1150=EDGE_LOOP('',(#10871,#10872,#10873,#10874));
#1151=EDGE_LOOP('',(#10875,#10876,#10877,#10878));
#1152=EDGE_LOOP('',(#10879,#10880,#10881,#10882));
#1153=EDGE_LOOP('',(#10883,#10884,#10885,#10886));
#1154=EDGE_LOOP('',(#10887,#10888,#10889,#10890));
#1155=EDGE_LOOP('',(#10891,#10892,#10893,#10894));
#1156=EDGE_LOOP('',(#10895,#10896,#10897,#10898));
#1157=EDGE_LOOP('',(#10899,#10900,#10901,#10902));
#1158=EDGE_LOOP('',(#10903,#10904,#10905,#10906));
#1159=EDGE_LOOP('',(#10907,#10908,#10909,#10910));
#1160=EDGE_LOOP('',(#10911,#10912,#10913,#10914));
#1161=EDGE_LOOP('',(#10915,#10916,#10917,#10918,#10919,#10920,#10921,#10922,
#10923,#10924,#10925,#10926,#10927,#10928,#10929,#10930,#10931,#10932,#10933,
#10934,#10935,#10936,#10937,#10938,#10939,#10940,#10941,#10942,#10943,#10944,
#10945,#10946,#10947,#10948,#10949,#10950,#10951,#10952,#10953,#10954,#10955,
#10956,#10957,#10958,#10959,#10960,#10961,#10962,#10963,#10964,#10965,#10966,
#10967,#10968,#10969,#10970,#10971,#10972,#10973,#10974,#10975,#10976,#10977,
#10978,#10979,#10980,#10981,#10982,#10983,#10984,#10985,#10986,#10987,#10988,
#10989,#10990,#10991,#10992,#10993,#10994,#10995,#10996,#10997,#10998,#10999,
#11000,#11001,#11002,#11003,#11004,#11005,#11006));
#1162=EDGE_LOOP('',(#11007,#11008,#11009,#11010,#11011,#11012,#11013,#11014,
#11015,#11016,#11017,#11018,#11019,#11020,#11021,#11022,#11023,#11024,#11025,
#11026));
#1163=EDGE_LOOP('',(#11027,#11028,#11029,#11030,#11031,#11032,#11033,#11034,
#11035,#11036,#11037,#11038,#11039,#11040,#11041,#11042,#11043,#11044,#11045,
#11046));
#1164=EDGE_LOOP('',(#11047,#11048,#11049,#11050,#11051,#11052,#11053,#11054,
#11055,#11056,#11057,#11058,#11059,#11060,#11061,#11062,#11063,#11064,#11065,
#11066));
#1165=EDGE_LOOP('',(#11067,#11068,#11069,#11070,#11071,#11072,#11073,#11074,
#11075,#11076,#11077,#11078,#11079,#11080,#11081,#11082,#11083,#11084,#11085,
#11086));
#1166=EDGE_LOOP('',(#11087,#11088,#11089,#11090,#11091,#11092,#11093,#11094,
#11095,#11096,#11097,#11098,#11099,#11100,#11101,#11102,#11103,#11104,#11105,
#11106,#11107,#11108,#11109,#11110,#11111,#11112,#11113,#11114,#11115,#11116,
#11117,#11118,#11119,#11120,#11121,#11122,#11123,#11124,#11125,#11126,#11127,
#11128,#11129,#11130,#11131,#11132,#11133,#11134,#11135,#11136,#11137,#11138,
#11139,#11140,#11141,#11142,#11143,#11144,#11145,#11146,#11147,#11148,#11149,
#11150,#11151,#11152,#11153,#11154,#11155,#11156,#11157,#11158,#11159,#11160,
#11161,#11162,#11163,#11164,#11165,#11166,#11167,#11168,#11169,#11170,#11171,
#11172,#11173,#11174,#11175,#11176,#11177,#11178));
#1167=EDGE_LOOP('',(#11179,#11180,#11181,#11182,#11183,#11184,#11185,#11186,
#11187,#11188,#11189,#11190,#11191,#11192,#11193,#11194,#11195,#11196,#11197,
#11198));
#1168=EDGE_LOOP('',(#11199,#11200,#11201,#11202,#11203,#11204,#11205,#11206,
#11207,#11208,#11209,#11210,#11211,#11212,#11213,#11214,#11215,#11216,#11217,
#11218));
#1169=EDGE_LOOP('',(#11219,#11220,#11221,#11222,#11223,#11224,#11225,#11226,
#11227,#11228,#11229,#11230,#11231,#11232,#11233,#11234,#11235,#11236,#11237,
#11238));
#1170=EDGE_LOOP('',(#11239,#11240,#11241,#11242,#11243,#11244,#11245,#11246,
#11247,#11248,#11249,#11250,#11251,#11252,#11253,#11254,#11255,#11256,#11257,
#11258));
#1171=EDGE_LOOP('',(#11259,#11260,#11261,#11262));
#1172=EDGE_LOOP('',(#11263,#11264,#11265,#11266));
#1173=EDGE_LOOP('',(#11267,#11268,#11269,#11270));
#1174=EDGE_LOOP('',(#11271,#11272,#11273,#11274));
#1175=EDGE_LOOP('',(#11275,#11276,#11277,#11278));
#1176=EDGE_LOOP('',(#11279,#11280,#11281,#11282));
#1177=EDGE_LOOP('',(#11283,#11284,#11285,#11286));
#1178=EDGE_LOOP('',(#11287,#11288,#11289,#11290));
#1179=EDGE_LOOP('',(#11291,#11292,#11293,#11294));
#1180=EDGE_LOOP('',(#11295,#11296,#11297,#11298));
#1181=EDGE_LOOP('',(#11299,#11300,#11301,#11302));
#1182=EDGE_LOOP('',(#11303,#11304,#11305,#11306));
#1183=EDGE_LOOP('',(#11307,#11308,#11309,#11310));
#1184=EDGE_LOOP('',(#11311,#11312,#11313,#11314));
#1185=EDGE_LOOP('',(#11315,#11316,#11317,#11318));
#1186=EDGE_LOOP('',(#11319,#11320,#11321,#11322));
#1187=EDGE_LOOP('',(#11323,#11324,#11325,#11326));
#1188=EDGE_LOOP('',(#11327,#11328,#11329,#11330));
#1189=EDGE_LOOP('',(#11331,#11332,#11333,#11334));
#1190=EDGE_LOOP('',(#11335,#11336,#11337,#11338));
#1191=EDGE_LOOP('',(#11339,#11340,#11341,#11342));
#1192=EDGE_LOOP('',(#11343,#11344,#11345,#11346));
#1193=EDGE_LOOP('',(#11347,#11348,#11349,#11350));
#1194=EDGE_LOOP('',(#11351,#11352,#11353,#11354));
#1195=EDGE_LOOP('',(#11355,#11356,#11357,#11358));
#1196=EDGE_LOOP('',(#11359,#11360,#11361,#11362));
#1197=EDGE_LOOP('',(#11363,#11364,#11365,#11366));
#1198=EDGE_LOOP('',(#11367,#11368,#11369,#11370));
#1199=EDGE_LOOP('',(#11371,#11372,#11373,#11374));
#1200=EDGE_LOOP('',(#11375,#11376,#11377,#11378));
#1201=EDGE_LOOP('',(#11379,#11380,#11381,#11382));
#1202=EDGE_LOOP('',(#11383,#11384,#11385,#11386));
#1203=EDGE_LOOP('',(#11387,#11388,#11389,#11390));
#1204=EDGE_LOOP('',(#11391,#11392,#11393,#11394));
#1205=EDGE_LOOP('',(#11395,#11396,#11397,#11398));
#1206=EDGE_LOOP('',(#11399,#11400,#11401,#11402));
#1207=EDGE_LOOP('',(#11403,#11404,#11405,#11406));
#1208=EDGE_LOOP('',(#11407,#11408,#11409,#11410));
#1209=EDGE_LOOP('',(#11411,#11412,#11413,#11414));
#1210=EDGE_LOOP('',(#11415,#11416,#11417,#11418));
#1211=EDGE_LOOP('',(#11419,#11420,#11421,#11422));
#1212=EDGE_LOOP('',(#11423,#11424,#11425,#11426));
#1213=EDGE_LOOP('',(#11427,#11428,#11429,#11430));
#1214=EDGE_LOOP('',(#11431,#11432,#11433,#11434));
#1215=EDGE_LOOP('',(#11435,#11436,#11437,#11438));
#1216=EDGE_LOOP('',(#11439,#11440,#11441,#11442));
#1217=EDGE_LOOP('',(#11443,#11444,#11445,#11446));
#1218=EDGE_LOOP('',(#11447,#11448,#11449,#11450));
#1219=EDGE_LOOP('',(#11451,#11452,#11453,#11454));
#1220=EDGE_LOOP('',(#11455,#11456,#11457,#11458));
#1221=EDGE_LOOP('',(#11459,#11460,#11461,#11462));
#1222=EDGE_LOOP('',(#11463,#11464,#11465,#11466));
#1223=EDGE_LOOP('',(#11467,#11468,#11469,#11470));
#1224=EDGE_LOOP('',(#11471,#11472,#11473,#11474));
#1225=EDGE_LOOP('',(#11475,#11476,#11477,#11478));
#1226=EDGE_LOOP('',(#11479,#11480,#11481,#11482));
#1227=EDGE_LOOP('',(#11483,#11484,#11485,#11486));
#1228=EDGE_LOOP('',(#11487,#11488,#11489,#11490));
#1229=EDGE_LOOP('',(#11491,#11492,#11493,#11494));
#1230=EDGE_LOOP('',(#11495,#11496,#11497,#11498));
#1231=EDGE_LOOP('',(#11499,#11500,#11501,#11502));
#1232=EDGE_LOOP('',(#11503,#11504,#11505,#11506));
#1233=EDGE_LOOP('',(#11507,#11508,#11509,#11510));
#1234=EDGE_LOOP('',(#11511,#11512,#11513,#11514));
#1235=EDGE_LOOP('',(#11515,#11516,#11517,#11518));
#1236=EDGE_LOOP('',(#11519,#11520,#11521,#11522));
#1237=EDGE_LOOP('',(#11523,#11524,#11525,#11526));
#1238=EDGE_LOOP('',(#11527,#11528,#11529,#11530));
#1239=EDGE_LOOP('',(#11531,#11532,#11533,#11534));
#1240=EDGE_LOOP('',(#11535,#11536,#11537,#11538));
#1241=EDGE_LOOP('',(#11539,#11540,#11541,#11542));
#1242=EDGE_LOOP('',(#11543,#11544,#11545,#11546));
#1243=EDGE_LOOP('',(#11547,#11548,#11549,#11550));
#1244=EDGE_LOOP('',(#11551,#11552,#11553,#11554));
#1245=EDGE_LOOP('',(#11555,#11556,#11557,#11558));
#1246=EDGE_LOOP('',(#11559,#11560,#11561,#11562));
#1247=EDGE_LOOP('',(#11563,#11564,#11565,#11566));
#1248=EDGE_LOOP('',(#11567,#11568,#11569,#11570));
#1249=EDGE_LOOP('',(#11571,#11572,#11573,#11574));
#1250=EDGE_LOOP('',(#11575,#11576,#11577,#11578));
#1251=EDGE_LOOP('',(#11579,#11580,#11581,#11582));
#1252=EDGE_LOOP('',(#11583,#11584,#11585,#11586));
#1253=EDGE_LOOP('',(#11587,#11588,#11589,#11590));
#1254=EDGE_LOOP('',(#11591,#11592,#11593,#11594));
#1255=EDGE_LOOP('',(#11595,#11596,#11597,#11598));
#1256=EDGE_LOOP('',(#11599,#11600,#11601,#11602));
#1257=EDGE_LOOP('',(#11603,#11604,#11605,#11606));
#1258=EDGE_LOOP('',(#11607,#11608,#11609,#11610));
#1259=EDGE_LOOP('',(#11611,#11612,#11613,#11614));
#1260=EDGE_LOOP('',(#11615,#11616,#11617,#11618));
#1261=EDGE_LOOP('',(#11619,#11620,#11621,#11622));
#1262=EDGE_LOOP('',(#11623,#11624,#11625,#11626));
#1263=EDGE_LOOP('',(#11627,#11628,#11629,#11630));
#1264=EDGE_LOOP('',(#11631,#11632,#11633,#11634));
#1265=EDGE_LOOP('',(#11635,#11636,#11637,#11638));
#1266=EDGE_LOOP('',(#11639,#11640,#11641,#11642));
#1267=EDGE_LOOP('',(#11643,#11644,#11645,#11646));
#1268=EDGE_LOOP('',(#11647,#11648,#11649,#11650));
#1269=EDGE_LOOP('',(#11651,#11652,#11653,#11654));
#1270=EDGE_LOOP('',(#11655,#11656,#11657,#11658));
#1271=EDGE_LOOP('',(#11659,#11660,#11661,#11662));
#1272=EDGE_LOOP('',(#11663,#11664,#11665,#11666));
#1273=EDGE_LOOP('',(#11667,#11668,#11669,#11670));
#1274=EDGE_LOOP('',(#11671,#11672,#11673,#11674));
#1275=EDGE_LOOP('',(#11675,#11676,#11677,#11678));
#1276=EDGE_LOOP('',(#11679,#11680,#11681,#11682));
#1277=EDGE_LOOP('',(#11683,#11684,#11685,#11686));
#1278=EDGE_LOOP('',(#11687,#11688,#11689,#11690));
#1279=EDGE_LOOP('',(#11691,#11692,#11693,#11694));
#1280=EDGE_LOOP('',(#11695,#11696,#11697,#11698));
#1281=EDGE_LOOP('',(#11699,#11700,#11701,#11702));
#1282=EDGE_LOOP('',(#11703,#11704,#11705,#11706));
#1283=EDGE_LOOP('',(#11707,#11708,#11709,#11710));
#1284=EDGE_LOOP('',(#11711,#11712,#11713,#11714));
#1285=EDGE_LOOP('',(#11715,#11716,#11717,#11718));
#1286=EDGE_LOOP('',(#11719,#11720,#11721,#11722));
#1287=EDGE_LOOP('',(#11723,#11724,#11725,#11726));
#1288=EDGE_LOOP('',(#11727,#11728,#11729,#11730));
#1289=EDGE_LOOP('',(#11731,#11732,#11733,#11734));
#1290=EDGE_LOOP('',(#11735,#11736,#11737,#11738));
#1291=EDGE_LOOP('',(#11739,#11740,#11741,#11742));
#1292=EDGE_LOOP('',(#11743,#11744,#11745,#11746));
#1293=EDGE_LOOP('',(#11747,#11748,#11749,#11750));
#1294=EDGE_LOOP('',(#11751,#11752,#11753,#11754));
#1295=EDGE_LOOP('',(#11755,#11756,#11757,#11758));
#1296=EDGE_LOOP('',(#11759,#11760,#11761,#11762));
#1297=EDGE_LOOP('',(#11763,#11764,#11765,#11766));
#1298=EDGE_LOOP('',(#11767,#11768,#11769,#11770));
#1299=EDGE_LOOP('',(#11771,#11772,#11773,#11774));
#1300=EDGE_LOOP('',(#11775,#11776,#11777,#11778));
#1301=EDGE_LOOP('',(#11779,#11780,#11781,#11782));
#1302=EDGE_LOOP('',(#11783,#11784,#11785,#11786));
#1303=EDGE_LOOP('',(#11787,#11788,#11789,#11790));
#1304=EDGE_LOOP('',(#11791,#11792,#11793,#11794));
#1305=EDGE_LOOP('',(#11795,#11796,#11797,#11798));
#1306=EDGE_LOOP('',(#11799,#11800,#11801,#11802));
#1307=EDGE_LOOP('',(#11803,#11804,#11805,#11806));
#1308=EDGE_LOOP('',(#11807,#11808,#11809,#11810));
#1309=EDGE_LOOP('',(#11811,#11812,#11813,#11814));
#1310=EDGE_LOOP('',(#11815,#11816,#11817,#11818));
#1311=EDGE_LOOP('',(#11819,#11820,#11821,#11822));
#1312=EDGE_LOOP('',(#11823,#11824,#11825,#11826));
#1313=EDGE_LOOP('',(#11827,#11828,#11829,#11830));
#1314=EDGE_LOOP('',(#11831,#11832,#11833,#11834));
#1315=EDGE_LOOP('',(#11835,#11836,#11837,#11838));
#1316=EDGE_LOOP('',(#11839,#11840,#11841,#11842));
#1317=EDGE_LOOP('',(#11843,#11844,#11845,#11846));
#1318=EDGE_LOOP('',(#11847,#11848,#11849,#11850));
#1319=EDGE_LOOP('',(#11851,#11852,#11853,#11854));
#1320=EDGE_LOOP('',(#11855,#11856,#11857,#11858));
#1321=EDGE_LOOP('',(#11859,#11860,#11861,#11862));
#1322=EDGE_LOOP('',(#11863,#11864,#11865,#11866));
#1323=EDGE_LOOP('',(#11867,#11868,#11869,#11870));
#1324=EDGE_LOOP('',(#11871,#11872,#11873,#11874));
#1325=EDGE_LOOP('',(#11875,#11876,#11877,#11878));
#1326=EDGE_LOOP('',(#11879,#11880,#11881,#11882));
#1327=EDGE_LOOP('',(#11883,#11884,#11885,#11886));
#1328=EDGE_LOOP('',(#11887,#11888,#11889,#11890));
#1329=EDGE_LOOP('',(#11891,#11892,#11893,#11894));
#1330=EDGE_LOOP('',(#11895,#11896,#11897,#11898));
#1331=EDGE_LOOP('',(#11899,#11900,#11901,#11902));
#1332=EDGE_LOOP('',(#11903,#11904,#11905,#11906));
#1333=EDGE_LOOP('',(#11907,#11908,#11909,#11910));
#1334=EDGE_LOOP('',(#11911,#11912,#11913,#11914));
#1335=EDGE_LOOP('',(#11915,#11916,#11917,#11918));
#1336=EDGE_LOOP('',(#11919,#11920,#11921,#11922));
#1337=EDGE_LOOP('',(#11923,#11924,#11925,#11926));
#1338=EDGE_LOOP('',(#11927,#11928,#11929,#11930));
#1339=EDGE_LOOP('',(#11931,#11932,#11933,#11934));
#1340=EDGE_LOOP('',(#11935,#11936,#11937,#11938));
#1341=EDGE_LOOP('',(#11939,#11940,#11941,#11942));
#1342=EDGE_LOOP('',(#11943,#11944,#11945,#11946));
#1343=EDGE_LOOP('',(#11947,#11948,#11949,#11950));
#1344=EDGE_LOOP('',(#11951,#11952,#11953,#11954));
#1345=EDGE_LOOP('',(#11955,#11956,#11957,#11958));
#1346=EDGE_LOOP('',(#11959,#11960,#11961,#11962));
#1347=EDGE_LOOP('',(#11963,#11964,#11965,#11966));
#1348=EDGE_LOOP('',(#11967,#11968,#11969,#11970));
#1349=EDGE_LOOP('',(#11971,#11972,#11973,#11974));
#1350=EDGE_LOOP('',(#11975,#11976,#11977,#11978));
#1351=EDGE_LOOP('',(#11979,#11980,#11981,#11982));
#1352=EDGE_LOOP('',(#11983,#11984,#11985,#11986));
#1353=EDGE_LOOP('',(#11987,#11988,#11989,#11990));
#1354=EDGE_LOOP('',(#11991,#11992,#11993,#11994));
#1355=EDGE_LOOP('',(#11995,#11996,#11997,#11998));
#1356=EDGE_LOOP('',(#11999,#12000,#12001,#12002));
#1357=EDGE_LOOP('',(#12003,#12004,#12005,#12006));
#1358=EDGE_LOOP('',(#12007,#12008,#12009,#12010));
#1359=EDGE_LOOP('',(#12011,#12012,#12013,#12014));
#1360=EDGE_LOOP('',(#12015,#12016,#12017,#12018));
#1361=EDGE_LOOP('',(#12019,#12020,#12021,#12022));
#1362=EDGE_LOOP('',(#12023,#12024,#12025,#12026));
#1363=EDGE_LOOP('',(#12027,#12028,#12029,#12030));
#1364=EDGE_LOOP('',(#12031,#12032,#12033,#12034));
#1365=EDGE_LOOP('',(#12035,#12036,#12037,#12038));
#1366=EDGE_LOOP('',(#12039,#12040,#12041,#12042));
#1367=EDGE_LOOP('',(#12043,#12044,#12045,#12046));
#1368=EDGE_LOOP('',(#12047,#12048,#12049,#12050));
#1369=EDGE_LOOP('',(#12051,#12052,#12053,#12054));
#1370=EDGE_LOOP('',(#12055,#12056,#12057,#12058));
#1371=EDGE_LOOP('',(#12059,#12060,#12061,#12062));
#1372=EDGE_LOOP('',(#12063,#12064,#12065,#12066));
#1373=EDGE_LOOP('',(#12067,#12068,#12069,#12070));
#1374=EDGE_LOOP('',(#12071,#12072,#12073,#12074));
#1375=EDGE_LOOP('',(#12075,#12076,#12077,#12078));
#1376=EDGE_LOOP('',(#12079,#12080,#12081,#12082));
#1377=EDGE_LOOP('',(#12083,#12084,#12085,#12086));
#1378=EDGE_LOOP('',(#12087,#12088,#12089,#12090));
#1379=EDGE_LOOP('',(#12091,#12092,#12093,#12094));
#1380=EDGE_LOOP('',(#12095,#12096,#12097,#12098));
#1381=EDGE_LOOP('',(#12099,#12100,#12101,#12102));
#1382=EDGE_LOOP('',(#12103,#12104,#12105,#12106));
#1383=EDGE_LOOP('',(#12107,#12108,#12109,#12110));
#1384=EDGE_LOOP('',(#12111,#12112,#12113,#12114));
#1385=EDGE_LOOP('',(#12115,#12116,#12117,#12118));
#1386=EDGE_LOOP('',(#12119,#12120,#12121,#12122));
#1387=EDGE_LOOP('',(#12123,#12124,#12125,#12126));
#1388=EDGE_LOOP('',(#12127,#12128,#12129,#12130));
#1389=EDGE_LOOP('',(#12131,#12132,#12133,#12134));
#1390=EDGE_LOOP('',(#12135,#12136,#12137,#12138));
#1391=EDGE_LOOP('',(#12139,#12140,#12141,#12142));
#1392=EDGE_LOOP('',(#12143,#12144,#12145,#12146));
#1393=EDGE_LOOP('',(#12147,#12148,#12149,#12150));
#1394=EDGE_LOOP('',(#12151,#12152,#12153,#12154));
#1395=EDGE_LOOP('',(#12155,#12156,#12157,#12158));
#1396=EDGE_LOOP('',(#12159,#12160,#12161,#12162));
#1397=EDGE_LOOP('',(#12163,#12164,#12165,#12166));
#1398=EDGE_LOOP('',(#12167,#12168,#12169,#12170));
#1399=EDGE_LOOP('',(#12171,#12172,#12173,#12174));
#1400=EDGE_LOOP('',(#12175,#12176,#12177,#12178));
#1401=EDGE_LOOP('',(#12179,#12180,#12181,#12182));
#1402=EDGE_LOOP('',(#12183,#12184,#12185,#12186));
#1403=EDGE_LOOP('',(#12187,#12188,#12189,#12190));
#1404=EDGE_LOOP('',(#12191,#12192,#12193,#12194));
#1405=EDGE_LOOP('',(#12195,#12196,#12197,#12198));
#1406=EDGE_LOOP('',(#12199,#12200,#12201,#12202));
#1407=EDGE_LOOP('',(#12203,#12204,#12205,#12206));
#1408=EDGE_LOOP('',(#12207,#12208,#12209,#12210));
#1409=EDGE_LOOP('',(#12211,#12212,#12213,#12214));
#1410=EDGE_LOOP('',(#12215,#12216,#12217,#12218));
#1411=EDGE_LOOP('',(#12219,#12220,#12221,#12222));
#1412=EDGE_LOOP('',(#12223,#12224,#12225,#12226));
#1413=EDGE_LOOP('',(#12227,#12228,#12229,#12230));
#1414=EDGE_LOOP('',(#12231,#12232,#12233,#12234));
#1415=EDGE_LOOP('',(#12235,#12236,#12237,#12238));
#1416=EDGE_LOOP('',(#12239,#12240,#12241,#12242));
#1417=EDGE_LOOP('',(#12243,#12244,#12245,#12246));
#1418=EDGE_LOOP('',(#12247,#12248,#12249,#12250));
#1419=EDGE_LOOP('',(#12251,#12252,#12253,#12254));
#1420=EDGE_LOOP('',(#12255,#12256,#12257,#12258));
#1421=EDGE_LOOP('',(#12259,#12260,#12261,#12262));
#1422=EDGE_LOOP('',(#12263,#12264,#12265,#12266));
#1423=EDGE_LOOP('',(#12267,#12268,#12269,#12270));
#1424=EDGE_LOOP('',(#12271,#12272,#12273,#12274));
#1425=EDGE_LOOP('',(#12275,#12276,#12277,#12278));
#1426=EDGE_LOOP('',(#12279,#12280,#12281,#12282));
#1427=EDGE_LOOP('',(#12283,#12284,#12285,#12286));
#1428=EDGE_LOOP('',(#12287,#12288,#12289,#12290));
#1429=EDGE_LOOP('',(#12291,#12292,#12293,#12294));
#1430=EDGE_LOOP('',(#12295,#12296,#12297,#12298));
#1431=EDGE_LOOP('',(#12299,#12300,#12301,#12302));
#1432=EDGE_LOOP('',(#12303,#12304,#12305,#12306));
#1433=EDGE_LOOP('',(#12307,#12308,#12309,#12310));
#1434=EDGE_LOOP('',(#12311,#12312,#12313,#12314));
#1435=EDGE_LOOP('',(#12315,#12316,#12317,#12318));
#1436=EDGE_LOOP('',(#12319,#12320,#12321,#12322));
#1437=EDGE_LOOP('',(#12323,#12324,#12325,#12326));
#1438=EDGE_LOOP('',(#12327,#12328,#12329,#12330));
#1439=EDGE_LOOP('',(#12331,#12332,#12333,#12334));
#1440=EDGE_LOOP('',(#12335,#12336,#12337,#12338));
#1441=EDGE_LOOP('',(#12339,#12340,#12341,#12342));
#1442=EDGE_LOOP('',(#12343,#12344,#12345,#12346));
#1443=EDGE_LOOP('',(#12347,#12348,#12349,#12350));
#1444=EDGE_LOOP('',(#12351,#12352,#12353,#12354));
#1445=EDGE_LOOP('',(#12355,#12356,#12357,#12358));
#1446=EDGE_LOOP('',(#12359,#12360,#12361,#12362));
#1447=EDGE_LOOP('',(#12363,#12364,#12365,#12366));
#1448=EDGE_LOOP('',(#12367,#12368,#12369,#12370));
#1449=EDGE_LOOP('',(#12371,#12372,#12373,#12374));
#1450=EDGE_LOOP('',(#12375,#12376,#12377,#12378));
#1451=EDGE_LOOP('',(#12379,#12380,#12381,#12382));
#1452=EDGE_LOOP('',(#12383,#12384,#12385,#12386));
#1453=EDGE_LOOP('',(#12387,#12388,#12389,#12390));
#1454=EDGE_LOOP('',(#12391,#12392,#12393,#12394));
#1455=EDGE_LOOP('',(#12395,#12396,#12397,#12398));
#1456=EDGE_LOOP('',(#12399,#12400,#12401,#12402));
#1457=EDGE_LOOP('',(#12403,#12404,#12405,#12406));
#1458=EDGE_LOOP('',(#12407,#12408,#12409,#12410));
#1459=EDGE_LOOP('',(#12411,#12412,#12413,#12414));
#1460=EDGE_LOOP('',(#12415,#12416,#12417,#12418));
#1461=EDGE_LOOP('',(#12419,#12420,#12421,#12422));
#1462=EDGE_LOOP('',(#12423,#12424,#12425,#12426));
#1463=EDGE_LOOP('',(#12427,#12428,#12429,#12430));
#1464=EDGE_LOOP('',(#12431,#12432,#12433,#12434));
#1465=EDGE_LOOP('',(#12435,#12436,#12437,#12438));
#1466=EDGE_LOOP('',(#12439,#12440,#12441,#12442));
#1467=EDGE_LOOP('',(#12443,#12444,#12445,#12446));
#1468=EDGE_LOOP('',(#12447,#12448,#12449,#12450));
#1469=EDGE_LOOP('',(#12451,#12452,#12453,#12454));
#1470=EDGE_LOOP('',(#12455,#12456,#12457,#12458));
#1471=EDGE_LOOP('',(#12459,#12460,#12461,#12462));
#1472=EDGE_LOOP('',(#12463,#12464,#12465,#12466));
#1473=EDGE_LOOP('',(#12467,#12468,#12469,#12470));
#1474=EDGE_LOOP('',(#12471,#12472,#12473,#12474));
#1475=EDGE_LOOP('',(#12475,#12476,#12477,#12478));
#1476=EDGE_LOOP('',(#12479,#12480,#12481,#12482));
#1477=EDGE_LOOP('',(#12483,#12484,#12485,#12486));
#1478=EDGE_LOOP('',(#12487,#12488,#12489,#12490));
#1479=EDGE_LOOP('',(#12491,#12492,#12493,#12494));
#1480=EDGE_LOOP('',(#12495,#12496,#12497,#12498));
#1481=EDGE_LOOP('',(#12499,#12500,#12501,#12502));
#1482=EDGE_LOOP('',(#12503,#12504,#12505,#12506));
#1483=EDGE_LOOP('',(#12507,#12508,#12509,#12510));
#1484=EDGE_LOOP('',(#12511,#12512,#12513,#12514));
#1485=EDGE_LOOP('',(#12515,#12516,#12517,#12518));
#1486=EDGE_LOOP('',(#12519,#12520,#12521,#12522));
#1487=EDGE_LOOP('',(#12523,#12524,#12525,#12526));
#1488=EDGE_LOOP('',(#12527,#12528,#12529,#12530));
#1489=EDGE_LOOP('',(#12531,#12532,#12533,#12534));
#1490=EDGE_LOOP('',(#12535,#12536,#12537,#12538));
#1491=EDGE_LOOP('',(#12539,#12540,#12541,#12542));
#1492=EDGE_LOOP('',(#12543,#12544,#12545,#12546));
#1493=EDGE_LOOP('',(#12547,#12548,#12549,#12550));
#1494=EDGE_LOOP('',(#12551,#12552,#12553,#12554));
#1495=EDGE_LOOP('',(#12555,#12556,#12557,#12558));
#1496=EDGE_LOOP('',(#12559,#12560,#12561,#12562));
#1497=EDGE_LOOP('',(#12563,#12564,#12565,#12566));
#1498=EDGE_LOOP('',(#12567,#12568,#12569,#12570));
#1499=EDGE_LOOP('',(#12571,#12572,#12573,#12574));
#1500=EDGE_LOOP('',(#12575,#12576,#12577,#12578));
#1501=EDGE_LOOP('',(#12579,#12580,#12581,#12582));
#1502=EDGE_LOOP('',(#12583,#12584,#12585,#12586));
#1503=EDGE_LOOP('',(#12587,#12588,#12589,#12590));
#1504=EDGE_LOOP('',(#12591,#12592,#12593,#12594));
#1505=EDGE_LOOP('',(#12595,#12596,#12597,#12598));
#1506=EDGE_LOOP('',(#12599,#12600,#12601,#12602));
#1507=EDGE_LOOP('',(#12603,#12604,#12605,#12606));
#1508=EDGE_LOOP('',(#12607,#12608,#12609,#12610));
#1509=EDGE_LOOP('',(#12611,#12612,#12613,#12614));
#1510=EDGE_LOOP('',(#12615,#12616,#12617,#12618));
#1511=EDGE_LOOP('',(#12619,#12620,#12621,#12622));
#1512=EDGE_LOOP('',(#12623,#12624,#12625,#12626));
#1513=EDGE_LOOP('',(#12627,#12628,#12629,#12630));
#1514=EDGE_LOOP('',(#12631,#12632,#12633,#12634));
#1515=EDGE_LOOP('',(#12635,#12636,#12637,#12638));
#1516=EDGE_LOOP('',(#12639,#12640,#12641,#12642));
#1517=EDGE_LOOP('',(#12643,#12644,#12645,#12646));
#1518=EDGE_LOOP('',(#12647,#12648,#12649,#12650));
#1519=EDGE_LOOP('',(#12651,#12652,#12653,#12654));
#1520=EDGE_LOOP('',(#12655,#12656,#12657,#12658));
#1521=EDGE_LOOP('',(#12659,#12660,#12661,#12662));
#1522=EDGE_LOOP('',(#12663,#12664,#12665,#12666));
#1523=EDGE_LOOP('',(#12667,#12668,#12669,#12670,#12671,#12672,#12673,#12674,
#12675,#12676,#12677,#12678,#12679,#12680,#12681,#12682,#12683,#12684,#12685,
#12686,#12687,#12688,#12689,#12690,#12691,#12692,#12693,#12694,#12695,#12696,
#12697,#12698,#12699,#12700,#12701,#12702,#12703,#12704,#12705,#12706,#12707,
#12708,#12709,#12710,#12711,#12712,#12713,#12714,#12715,#12716,#12717,#12718,
#12719,#12720,#12721,#12722,#12723,#12724,#12725,#12726,#12727,#12728,#12729,
#12730,#12731,#12732,#12733,#12734,#12735,#12736,#12737,#12738,#12739,#12740,
#12741,#12742,#12743,#12744,#12745,#12746,#12747,#12748,#12749,#12750));
#1524=EDGE_LOOP('',(#12751,#12752,#12753,#12754));
#1525=EDGE_LOOP('',(#12755,#12756,#12757,#12758,#12759,#12760,#12761,#12762,
#12763,#12764,#12765,#12766,#12767,#12768,#12769,#12770,#12771,#12772,#12773,
#12774));
#1526=EDGE_LOOP('',(#12775,#12776,#12777,#12778,#12779,#12780,#12781,#12782,
#12783,#12784,#12785,#12786,#12787,#12788,#12789,#12790,#12791,#12792,#12793,
#12794));
#1527=EDGE_LOOP('',(#12795,#12796,#12797,#12798,#12799,#12800,#12801,#12802,
#12803,#12804,#12805,#12806,#12807,#12808,#12809,#12810,#12811,#12812,#12813,
#12814));
#1528=EDGE_LOOP('',(#12815,#12816,#12817,#12818,#12819,#12820,#12821,#12822,
#12823,#12824,#12825,#12826,#12827,#12828,#12829,#12830,#12831,#12832,#12833,
#12834));
#1529=EDGE_LOOP('',(#12835,#12836,#12837,#12838,#12839,#12840,#12841,#12842,
#12843,#12844,#12845,#12846,#12847,#12848,#12849,#12850,#12851,#12852,#12853,
#12854));
#1530=EDGE_LOOP('',(#12855,#12856,#12857,#12858,#12859,#12860,#12861,#12862,
#12863,#12864,#12865,#12866,#12867,#12868,#12869,#12870,#12871,#12872,#12873,
#12874));
#1531=EDGE_LOOP('',(#12875,#12876,#12877,#12878,#12879,#12880,#12881,#12882,
#12883,#12884,#12885,#12886,#12887,#12888,#12889,#12890,#12891,#12892,#12893,
#12894));
#1532=EDGE_LOOP('',(#12895,#12896,#12897,#12898,#12899,#12900,#12901,#12902,
#12903,#12904,#12905,#12906,#12907,#12908,#12909,#12910,#12911,#12912,#12913,
#12914));
#1533=EDGE_LOOP('',(#12915,#12916,#12917,#12918,#12919,#12920,#12921,#12922,
#12923,#12924,#12925,#12926,#12927,#12928,#12929,#12930,#12931,#12932,#12933,
#12934));
#1534=EDGE_LOOP('',(#12935,#12936,#12937,#12938,#12939,#12940,#12941,#12942,
#12943,#12944,#12945,#12946,#12947,#12948,#12949,#12950,#12951,#12952,#12953,
#12954));
#1535=EDGE_LOOP('',(#12955,#12956,#12957,#12958,#12959,#12960,#12961,#12962,
#12963,#12964,#12965,#12966,#12967,#12968,#12969,#12970,#12971,#12972,#12973,
#12974));
#1536=EDGE_LOOP('',(#12975,#12976,#12977,#12978,#12979,#12980,#12981,#12982,
#12983,#12984,#12985,#12986,#12987,#12988,#12989,#12990,#12991,#12992,#12993,
#12994));
#1537=EDGE_LOOP('',(#12995,#12996,#12997,#12998,#12999,#13000,#13001,#13002,
#13003,#13004,#13005,#13006,#13007,#13008,#13009,#13010,#13011,#13012,#13013,
#13014));
#1538=EDGE_LOOP('',(#13015,#13016,#13017,#13018));
#1539=EDGE_LOOP('',(#13019,#13020,#13021,#13022,#13023,#13024,#13025,#13026,
#13027,#13028,#13029,#13030,#13031,#13032,#13033,#13034,#13035,#13036,#13037,
#13038,#13039,#13040,#13041,#13042,#13043,#13044,#13045,#13046,#13047,#13048,
#13049,#13050,#13051,#13052,#13053,#13054,#13055,#13056,#13057,#13058,#13059,
#13060,#13061,#13062,#13063,#13064,#13065,#13066,#13067,#13068,#13069,#13070,
#13071,#13072,#13073,#13074,#13075,#13076,#13077,#13078,#13079,#13080,#13081,
#13082,#13083,#13084,#13085,#13086,#13087,#13088,#13089,#13090,#13091,#13092,
#13093,#13094,#13095,#13096,#13097,#13098,#13099,#13100,#13101,#13102));
#1540=EDGE_LOOP('',(#13103,#13104,#13105,#13106));
#1541=EDGE_LOOP('',(#13107,#13108,#13109,#13110,#13111,#13112,#13113,#13114,
#13115,#13116,#13117,#13118,#13119,#13120,#13121,#13122,#13123,#13124,#13125,
#13126));
#1542=EDGE_LOOP('',(#13127,#13128,#13129,#13130,#13131,#13132,#13133,#13134,
#13135,#13136,#13137,#13138,#13139,#13140,#13141,#13142,#13143,#13144,#13145,
#13146));
#1543=EDGE_LOOP('',(#13147,#13148,#13149,#13150,#13151,#13152,#13153,#13154,
#13155,#13156,#13157,#13158,#13159,#13160,#13161,#13162,#13163,#13164,#13165,
#13166));
#1544=EDGE_LOOP('',(#13167,#13168,#13169,#13170,#13171,#13172,#13173,#13174,
#13175,#13176,#13177,#13178,#13179,#13180,#13181,#13182,#13183,#13184,#13185,
#13186));
#1545=EDGE_LOOP('',(#13187,#13188,#13189,#13190,#13191,#13192,#13193,#13194,
#13195,#13196,#13197,#13198,#13199,#13200,#13201,#13202,#13203,#13204,#13205,
#13206));
#1546=EDGE_LOOP('',(#13207,#13208,#13209,#13210,#13211,#13212,#13213,#13214,
#13215,#13216,#13217,#13218,#13219,#13220,#13221,#13222,#13223,#13224,#13225,
#13226));
#1547=EDGE_LOOP('',(#13227,#13228,#13229,#13230,#13231,#13232,#13233,#13234,
#13235,#13236,#13237,#13238,#13239,#13240,#13241,#13242,#13243,#13244,#13245,
#13246));
#1548=EDGE_LOOP('',(#13247,#13248,#13249,#13250,#13251,#13252,#13253,#13254,
#13255,#13256,#13257,#13258,#13259,#13260,#13261,#13262,#13263,#13264,#13265,
#13266));
#1549=EDGE_LOOP('',(#13267,#13268,#13269,#13270,#13271,#13272,#13273,#13274,
#13275,#13276,#13277,#13278,#13279,#13280,#13281,#13282,#13283,#13284,#13285,
#13286));
#1550=EDGE_LOOP('',(#13287,#13288,#13289,#13290,#13291,#13292,#13293,#13294,
#13295,#13296,#13297,#13298,#13299,#13300,#13301,#13302,#13303,#13304,#13305,
#13306));
#1551=EDGE_LOOP('',(#13307,#13308,#13309,#13310,#13311,#13312,#13313,#13314,
#13315,#13316,#13317,#13318,#13319,#13320,#13321,#13322,#13323,#13324,#13325,
#13326));
#1552=EDGE_LOOP('',(#13327,#13328,#13329,#13330,#13331,#13332,#13333,#13334,
#13335,#13336,#13337,#13338,#13339,#13340,#13341,#13342,#13343,#13344,#13345,
#13346));
#1553=EDGE_LOOP('',(#13347,#13348,#13349,#13350,#13351,#13352,#13353,#13354,
#13355,#13356,#13357,#13358,#13359,#13360,#13361,#13362,#13363,#13364,#13365,
#13366));
#1554=EDGE_LOOP('',(#13367,#13368,#13369,#13370));
#1555=LINE('',#19072,#3635);
#1556=LINE('',#19074,#3636);
#1557=LINE('',#19076,#3637);
#1558=LINE('',#19077,#3638);
#1559=LINE('',#19080,#3639);
#1560=LINE('',#19082,#3640);
#1561=LINE('',#19083,#3641);
#1562=LINE('',#19086,#3642);
#1563=LINE('',#19088,#3643);
#1564=LINE('',#19089,#3644);
#1565=LINE('',#19092,#3645);
#1566=LINE('',#19094,#3646);
#1567=LINE('',#19095,#3647);
#1568=LINE('',#19098,#3648);
#1569=LINE('',#19100,#3649);
#1570=LINE('',#19101,#3650);
#1571=LINE('',#19104,#3651);
#1572=LINE('',#19106,#3652);
#1573=LINE('',#19107,#3653);
#1574=LINE('',#19110,#3654);
#1575=LINE('',#19112,#3655);
#1576=LINE('',#19113,#3656);
#1577=LINE('',#19116,#3657);
#1578=LINE('',#19118,#3658);
#1579=LINE('',#19119,#3659);
#1580=LINE('',#19122,#3660);
#1581=LINE('',#19124,#3661);
#1582=LINE('',#19125,#3662);
#1583=LINE('',#19128,#3663);
#1584=LINE('',#19130,#3664);
#1585=LINE('',#19131,#3665);
#1586=LINE('',#19134,#3666);
#1587=LINE('',#19136,#3667);
#1588=LINE('',#19137,#3668);
#1589=LINE('',#19140,#3669);
#1590=LINE('',#19142,#3670);
#1591=LINE('',#19143,#3671);
#1592=LINE('',#19146,#3672);
#1593=LINE('',#19148,#3673);
#1594=LINE('',#19149,#3674);
#1595=LINE('',#19152,#3675);
#1596=LINE('',#19154,#3676);
#1597=LINE('',#19155,#3677);
#1598=LINE('',#19158,#3678);
#1599=LINE('',#19160,#3679);
#1600=LINE('',#19161,#3680);
#1601=LINE('',#19164,#3681);
#1602=LINE('',#19166,#3682);
#1603=LINE('',#19167,#3683);
#1604=LINE('',#19170,#3684);
#1605=LINE('',#19172,#3685);
#1606=LINE('',#19173,#3686);
#1607=LINE('',#19176,#3687);
#1608=LINE('',#19178,#3688);
#1609=LINE('',#19179,#3689);
#1610=LINE('',#19182,#3690);
#1611=LINE('',#19184,#3691);
#1612=LINE('',#19185,#3692);
#1613=LINE('',#19187,#3693);
#1614=LINE('',#19188,#3694);
#1615=LINE('',#19192,#3695);
#1616=LINE('',#19194,#3696);
#1617=LINE('',#19196,#3697);
#1618=LINE('',#19197,#3698);
#1619=LINE('',#19200,#3699);
#1620=LINE('',#19202,#3700);
#1621=LINE('',#19203,#3701);
#1622=LINE('',#19206,#3702);
#1623=LINE('',#19208,#3703);
#1624=LINE('',#19209,#3704);
#1625=LINE('',#19212,#3705);
#1626=LINE('',#19214,#3706);
#1627=LINE('',#19215,#3707);
#1628=LINE('',#19218,#3708);
#1629=LINE('',#19220,#3709);
#1630=LINE('',#19221,#3710);
#1631=LINE('',#19224,#3711);
#1632=LINE('',#19226,#3712);
#1633=LINE('',#19227,#3713);
#1634=LINE('',#19230,#3714);
#1635=LINE('',#19232,#3715);
#1636=LINE('',#19233,#3716);
#1637=LINE('',#19236,#3717);
#1638=LINE('',#19238,#3718);
#1639=LINE('',#19239,#3719);
#1640=LINE('',#19242,#3720);
#1641=LINE('',#19244,#3721);
#1642=LINE('',#19245,#3722);
#1643=LINE('',#19248,#3723);
#1644=LINE('',#19250,#3724);
#1645=LINE('',#19251,#3725);
#1646=LINE('',#19254,#3726);
#1647=LINE('',#19256,#3727);
#1648=LINE('',#19257,#3728);
#1649=LINE('',#19260,#3729);
#1650=LINE('',#19262,#3730);
#1651=LINE('',#19263,#3731);
#1652=LINE('',#19266,#3732);
#1653=LINE('',#19268,#3733);
#1654=LINE('',#19269,#3734);
#1655=LINE('',#19272,#3735);
#1656=LINE('',#19274,#3736);
#1657=LINE('',#19275,#3737);
#1658=LINE('',#19278,#3738);
#1659=LINE('',#19280,#3739);
#1660=LINE('',#19281,#3740);
#1661=LINE('',#19284,#3741);
#1662=LINE('',#19286,#3742);
#1663=LINE('',#19287,#3743);
#1664=LINE('',#19290,#3744);
#1665=LINE('',#19292,#3745);
#1666=LINE('',#19293,#3746);
#1667=LINE('',#19296,#3747);
#1668=LINE('',#19298,#3748);
#1669=LINE('',#19299,#3749);
#1670=LINE('',#19302,#3750);
#1671=LINE('',#19304,#3751);
#1672=LINE('',#19305,#3752);
#1673=LINE('',#19307,#3753);
#1674=LINE('',#19308,#3754);
#1675=LINE('',#19312,#3755);
#1676=LINE('',#19314,#3756);
#1677=LINE('',#19316,#3757);
#1678=LINE('',#19317,#3758);
#1679=LINE('',#19320,#3759);
#1680=LINE('',#19322,#3760);
#1681=LINE('',#19323,#3761);
#1682=LINE('',#19326,#3762);
#1683=LINE('',#19328,#3763);
#1684=LINE('',#19329,#3764);
#1685=LINE('',#19332,#3765);
#1686=LINE('',#19334,#3766);
#1687=LINE('',#19335,#3767);
#1688=LINE('',#19338,#3768);
#1689=LINE('',#19340,#3769);
#1690=LINE('',#19341,#3770);
#1691=LINE('',#19344,#3771);
#1692=LINE('',#19346,#3772);
#1693=LINE('',#19347,#3773);
#1694=LINE('',#19350,#3774);
#1695=LINE('',#19352,#3775);
#1696=LINE('',#19353,#3776);
#1697=LINE('',#19356,#3777);
#1698=LINE('',#19358,#3778);
#1699=LINE('',#19359,#3779);
#1700=LINE('',#19362,#3780);
#1701=LINE('',#19364,#3781);
#1702=LINE('',#19365,#3782);
#1703=LINE('',#19368,#3783);
#1704=LINE('',#19370,#3784);
#1705=LINE('',#19371,#3785);
#1706=LINE('',#19374,#3786);
#1707=LINE('',#19376,#3787);
#1708=LINE('',#19377,#3788);
#1709=LINE('',#19380,#3789);
#1710=LINE('',#19382,#3790);
#1711=LINE('',#19383,#3791);
#1712=LINE('',#19386,#3792);
#1713=LINE('',#19388,#3793);
#1714=LINE('',#19389,#3794);
#1715=LINE('',#19392,#3795);
#1716=LINE('',#19394,#3796);
#1717=LINE('',#19395,#3797);
#1718=LINE('',#19398,#3798);
#1719=LINE('',#19400,#3799);
#1720=LINE('',#19401,#3800);
#1721=LINE('',#19404,#3801);
#1722=LINE('',#19406,#3802);
#1723=LINE('',#19407,#3803);
#1724=LINE('',#19410,#3804);
#1725=LINE('',#19412,#3805);
#1726=LINE('',#19413,#3806);
#1727=LINE('',#19416,#3807);
#1728=LINE('',#19418,#3808);
#1729=LINE('',#19419,#3809);
#1730=LINE('',#19422,#3810);
#1731=LINE('',#19424,#3811);
#1732=LINE('',#19425,#3812);
#1733=LINE('',#19427,#3813);
#1734=LINE('',#19428,#3814);
#1735=LINE('',#19432,#3815);
#1736=LINE('',#19434,#3816);
#1737=LINE('',#19436,#3817);
#1738=LINE('',#19437,#3818);
#1739=LINE('',#19440,#3819);
#1740=LINE('',#19442,#3820);
#1741=LINE('',#19443,#3821);
#1742=LINE('',#19446,#3822);
#1743=LINE('',#19448,#3823);
#1744=LINE('',#19449,#3824);
#1745=LINE('',#19452,#3825);
#1746=LINE('',#19454,#3826);
#1747=LINE('',#19455,#3827);
#1748=LINE('',#19458,#3828);
#1749=LINE('',#19460,#3829);
#1750=LINE('',#19461,#3830);
#1751=LINE('',#19464,#3831);
#1752=LINE('',#19466,#3832);
#1753=LINE('',#19467,#3833);
#1754=LINE('',#19470,#3834);
#1755=LINE('',#19472,#3835);
#1756=LINE('',#19473,#3836);
#1757=LINE('',#19476,#3837);
#1758=LINE('',#19478,#3838);
#1759=LINE('',#19479,#3839);
#1760=LINE('',#19482,#3840);
#1761=LINE('',#19484,#3841);
#1762=LINE('',#19485,#3842);
#1763=LINE('',#19488,#3843);
#1764=LINE('',#19490,#3844);
#1765=LINE('',#19491,#3845);
#1766=LINE('',#19494,#3846);
#1767=LINE('',#19496,#3847);
#1768=LINE('',#19497,#3848);
#1769=LINE('',#19500,#3849);
#1770=LINE('',#19502,#3850);
#1771=LINE('',#19503,#3851);
#1772=LINE('',#19506,#3852);
#1773=LINE('',#19508,#3853);
#1774=LINE('',#19509,#3854);
#1775=LINE('',#19512,#3855);
#1776=LINE('',#19514,#3856);
#1777=LINE('',#19515,#3857);
#1778=LINE('',#19518,#3858);
#1779=LINE('',#19520,#3859);
#1780=LINE('',#19521,#3860);
#1781=LINE('',#19524,#3861);
#1782=LINE('',#19526,#3862);
#1783=LINE('',#19527,#3863);
#1784=LINE('',#19530,#3864);
#1785=LINE('',#19532,#3865);
#1786=LINE('',#19533,#3866);
#1787=LINE('',#19536,#3867);
#1788=LINE('',#19538,#3868);
#1789=LINE('',#19539,#3869);
#1790=LINE('',#19542,#3870);
#1791=LINE('',#19544,#3871);
#1792=LINE('',#19545,#3872);
#1793=LINE('',#19547,#3873);
#1794=LINE('',#19548,#3874);
#1795=LINE('',#19552,#3875);
#1796=LINE('',#19554,#3876);
#1797=LINE('',#19556,#3877);
#1798=LINE('',#19557,#3878);
#1799=LINE('',#19560,#3879);
#1800=LINE('',#19562,#3880);
#1801=LINE('',#19563,#3881);
#1802=LINE('',#19566,#3882);
#1803=LINE('',#19568,#3883);
#1804=LINE('',#19569,#3884);
#1805=LINE('',#19572,#3885);
#1806=LINE('',#19574,#3886);
#1807=LINE('',#19575,#3887);
#1808=LINE('',#19578,#3888);
#1809=LINE('',#19580,#3889);
#1810=LINE('',#19581,#3890);
#1811=LINE('',#19584,#3891);
#1812=LINE('',#19586,#3892);
#1813=LINE('',#19587,#3893);
#1814=LINE('',#19590,#3894);
#1815=LINE('',#19592,#3895);
#1816=LINE('',#19593,#3896);
#1817=LINE('',#19596,#3897);
#1818=LINE('',#19598,#3898);
#1819=LINE('',#19599,#3899);
#1820=LINE('',#19602,#3900);
#1821=LINE('',#19604,#3901);
#1822=LINE('',#19605,#3902);
#1823=LINE('',#19608,#3903);
#1824=LINE('',#19610,#3904);
#1825=LINE('',#19611,#3905);
#1826=LINE('',#19614,#3906);
#1827=LINE('',#19616,#3907);
#1828=LINE('',#19617,#3908);
#1829=LINE('',#19620,#3909);
#1830=LINE('',#19622,#3910);
#1831=LINE('',#19623,#3911);
#1832=LINE('',#19626,#3912);
#1833=LINE('',#19628,#3913);
#1834=LINE('',#19629,#3914);
#1835=LINE('',#19632,#3915);
#1836=LINE('',#19634,#3916);
#1837=LINE('',#19635,#3917);
#1838=LINE('',#19638,#3918);
#1839=LINE('',#19640,#3919);
#1840=LINE('',#19641,#3920);
#1841=LINE('',#19644,#3921);
#1842=LINE('',#19646,#3922);
#1843=LINE('',#19647,#3923);
#1844=LINE('',#19650,#3924);
#1845=LINE('',#19652,#3925);
#1846=LINE('',#19653,#3926);
#1847=LINE('',#19656,#3927);
#1848=LINE('',#19658,#3928);
#1849=LINE('',#19659,#3929);
#1850=LINE('',#19662,#3930);
#1851=LINE('',#19664,#3931);
#1852=LINE('',#19665,#3932);
#1853=LINE('',#19668,#3933);
#1854=LINE('',#19670,#3934);
#1855=LINE('',#19671,#3935);
#1856=LINE('',#19674,#3936);
#1857=LINE('',#19676,#3937);
#1858=LINE('',#19677,#3938);
#1859=LINE('',#19680,#3939);
#1860=LINE('',#19682,#3940);
#1861=LINE('',#19683,#3941);
#1862=LINE('',#19686,#3942);
#1863=LINE('',#19688,#3943);
#1864=LINE('',#19689,#3944);
#1865=LINE('',#19692,#3945);
#1866=LINE('',#19694,#3946);
#1867=LINE('',#19695,#3947);
#1868=LINE('',#19698,#3948);
#1869=LINE('',#19700,#3949);
#1870=LINE('',#19701,#3950);
#1871=LINE('',#19704,#3951);
#1872=LINE('',#19706,#3952);
#1873=LINE('',#19707,#3953);
#1874=LINE('',#19710,#3954);
#1875=LINE('',#19712,#3955);
#1876=LINE('',#19713,#3956);
#1877=LINE('',#19716,#3957);
#1878=LINE('',#19718,#3958);
#1879=LINE('',#19719,#3959);
#1880=LINE('',#19722,#3960);
#1881=LINE('',#19724,#3961);
#1882=LINE('',#19725,#3962);
#1883=LINE('',#19728,#3963);
#1884=LINE('',#19730,#3964);
#1885=LINE('',#19731,#3965);
#1886=LINE('',#19734,#3966);
#1887=LINE('',#19736,#3967);
#1888=LINE('',#19737,#3968);
#1889=LINE('',#19740,#3969);
#1890=LINE('',#19742,#3970);
#1891=LINE('',#19743,#3971);
#1892=LINE('',#19746,#3972);
#1893=LINE('',#19748,#3973);
#1894=LINE('',#19749,#3974);
#1895=LINE('',#19752,#3975);
#1896=LINE('',#19754,#3976);
#1897=LINE('',#19755,#3977);
#1898=LINE('',#19758,#3978);
#1899=LINE('',#19760,#3979);
#1900=LINE('',#19761,#3980);
#1901=LINE('',#19764,#3981);
#1902=LINE('',#19766,#3982);
#1903=LINE('',#19767,#3983);
#1904=LINE('',#19770,#3984);
#1905=LINE('',#19772,#3985);
#1906=LINE('',#19773,#3986);
#1907=LINE('',#19776,#3987);
#1908=LINE('',#19778,#3988);
#1909=LINE('',#19779,#3989);
#1910=LINE('',#19782,#3990);
#1911=LINE('',#19784,#3991);
#1912=LINE('',#19785,#3992);
#1913=LINE('',#19788,#3993);
#1914=LINE('',#19790,#3994);
#1915=LINE('',#19791,#3995);
#1916=LINE('',#19794,#3996);
#1917=LINE('',#19796,#3997);
#1918=LINE('',#19797,#3998);
#1919=LINE('',#19800,#3999);
#1920=LINE('',#19802,#4000);
#1921=LINE('',#19803,#4001);
#1922=LINE('',#19806,#4002);
#1923=LINE('',#19808,#4003);
#1924=LINE('',#19809,#4004);
#1925=LINE('',#19812,#4005);
#1926=LINE('',#19814,#4006);
#1927=LINE('',#19815,#4007);
#1928=LINE('',#19818,#4008);
#1929=LINE('',#19820,#4009);
#1930=LINE('',#19821,#4010);
#1931=LINE('',#19824,#4011);
#1932=LINE('',#19826,#4012);
#1933=LINE('',#19827,#4013);
#1934=LINE('',#19830,#4014);
#1935=LINE('',#19832,#4015);
#1936=LINE('',#19833,#4016);
#1937=LINE('',#19836,#4017);
#1938=LINE('',#19838,#4018);
#1939=LINE('',#19839,#4019);
#1940=LINE('',#19842,#4020);
#1941=LINE('',#19844,#4021);
#1942=LINE('',#19845,#4022);
#1943=LINE('',#19848,#4023);
#1944=LINE('',#19850,#4024);
#1945=LINE('',#19851,#4025);
#1946=LINE('',#19854,#4026);
#1947=LINE('',#19856,#4027);
#1948=LINE('',#19857,#4028);
#1949=LINE('',#19860,#4029);
#1950=LINE('',#19862,#4030);
#1951=LINE('',#19863,#4031);
#1952=LINE('',#19866,#4032);
#1953=LINE('',#19868,#4033);
#1954=LINE('',#19869,#4034);
#1955=LINE('',#19872,#4035);
#1956=LINE('',#19874,#4036);
#1957=LINE('',#19875,#4037);
#1958=LINE('',#19878,#4038);
#1959=LINE('',#19880,#4039);
#1960=LINE('',#19881,#4040);
#1961=LINE('',#19884,#4041);
#1962=LINE('',#19886,#4042);
#1963=LINE('',#19887,#4043);
#1964=LINE('',#19890,#4044);
#1965=LINE('',#19892,#4045);
#1966=LINE('',#19893,#4046);
#1967=LINE('',#19896,#4047);
#1968=LINE('',#19898,#4048);
#1969=LINE('',#19899,#4049);
#1970=LINE('',#19902,#4050);
#1971=LINE('',#19904,#4051);
#1972=LINE('',#19905,#4052);
#1973=LINE('',#19908,#4053);
#1974=LINE('',#19910,#4054);
#1975=LINE('',#19911,#4055);
#1976=LINE('',#19914,#4056);
#1977=LINE('',#19916,#4057);
#1978=LINE('',#19917,#4058);
#1979=LINE('',#19920,#4059);
#1980=LINE('',#19922,#4060);
#1981=LINE('',#19923,#4061);
#1982=LINE('',#19926,#4062);
#1983=LINE('',#19928,#4063);
#1984=LINE('',#19929,#4064);
#1985=LINE('',#19932,#4065);
#1986=LINE('',#19934,#4066);
#1987=LINE('',#19935,#4067);
#1988=LINE('',#19938,#4068);
#1989=LINE('',#19940,#4069);
#1990=LINE('',#19941,#4070);
#1991=LINE('',#19944,#4071);
#1992=LINE('',#19946,#4072);
#1993=LINE('',#19947,#4073);
#1994=LINE('',#19950,#4074);
#1995=LINE('',#19952,#4075);
#1996=LINE('',#19953,#4076);
#1997=LINE('',#19956,#4077);
#1998=LINE('',#19958,#4078);
#1999=LINE('',#19959,#4079);
#2000=LINE('',#19962,#4080);
#2001=LINE('',#19964,#4081);
#2002=LINE('',#19965,#4082);
#2003=LINE('',#19968,#4083);
#2004=LINE('',#19970,#4084);
#2005=LINE('',#19971,#4085);
#2006=LINE('',#19974,#4086);
#2007=LINE('',#19976,#4087);
#2008=LINE('',#19977,#4088);
#2009=LINE('',#19980,#4089);
#2010=LINE('',#19982,#4090);
#2011=LINE('',#19983,#4091);
#2012=LINE('',#19986,#4092);
#2013=LINE('',#19988,#4093);
#2014=LINE('',#19989,#4094);
#2015=LINE('',#19992,#4095);
#2016=LINE('',#19994,#4096);
#2017=LINE('',#19995,#4097);
#2018=LINE('',#19998,#4098);
#2019=LINE('',#20000,#4099);
#2020=LINE('',#20001,#4100);
#2021=LINE('',#20004,#4101);
#2022=LINE('',#20006,#4102);
#2023=LINE('',#20007,#4103);
#2024=LINE('',#20010,#4104);
#2025=LINE('',#20012,#4105);
#2026=LINE('',#20013,#4106);
#2027=LINE('',#20016,#4107);
#2028=LINE('',#20018,#4108);
#2029=LINE('',#20019,#4109);
#2030=LINE('',#20022,#4110);
#2031=LINE('',#20024,#4111);
#2032=LINE('',#20025,#4112);
#2033=LINE('',#20028,#4113);
#2034=LINE('',#20030,#4114);
#2035=LINE('',#20031,#4115);
#2036=LINE('',#20034,#4116);
#2037=LINE('',#20036,#4117);
#2038=LINE('',#20037,#4118);
#2039=LINE('',#20040,#4119);
#2040=LINE('',#20042,#4120);
#2041=LINE('',#20043,#4121);
#2042=LINE('',#20046,#4122);
#2043=LINE('',#20048,#4123);
#2044=LINE('',#20049,#4124);
#2045=LINE('',#20051,#4125);
#2046=LINE('',#20052,#4126);
#2047=LINE('',#20061,#4127);
#2048=LINE('',#20064,#4128);
#2049=LINE('',#20067,#4129);
#2050=LINE('',#20071,#4130);
#2051=LINE('',#20075,#4131);
#2052=LINE('',#20078,#4132);
#2053=LINE('',#20081,#4133);
#2054=LINE('',#20082,#4134);
#2055=LINE('',#20086,#4135);
#2056=LINE('',#20091,#4136);
#2057=LINE('',#20092,#4137);
#2058=LINE('',#20095,#4138);
#2059=LINE('',#20096,#4139);
#2060=LINE('',#20100,#4140);
#2061=LINE('',#20102,#4141);
#2062=LINE('',#20104,#4142);
#2063=LINE('',#20110,#4143);
#2064=LINE('',#20112,#4144);
#2065=LINE('',#20114,#4145);
#2066=LINE('',#20115,#4146);
#2067=LINE('',#20118,#4147);
#2068=LINE('',#20120,#4148);
#2069=LINE('',#20121,#4149);
#2070=LINE('',#20124,#4150);
#2071=LINE('',#20126,#4151);
#2072=LINE('',#20127,#4152);
#2073=LINE('',#20130,#4153);
#2074=LINE('',#20132,#4154);
#2075=LINE('',#20133,#4155);
#2076=LINE('',#20136,#4156);
#2077=LINE('',#20138,#4157);
#2078=LINE('',#20139,#4158);
#2079=LINE('',#20142,#4159);
#2080=LINE('',#20144,#4160);
#2081=LINE('',#20145,#4161);
#2082=LINE('',#20148,#4162);
#2083=LINE('',#20150,#4163);
#2084=LINE('',#20151,#4164);
#2085=LINE('',#20154,#4165);
#2086=LINE('',#20156,#4166);
#2087=LINE('',#20157,#4167);
#2088=LINE('',#20160,#4168);
#2089=LINE('',#20162,#4169);
#2090=LINE('',#20163,#4170);
#2091=LINE('',#20166,#4171);
#2092=LINE('',#20168,#4172);
#2093=LINE('',#20169,#4173);
#2094=LINE('',#20172,#4174);
#2095=LINE('',#20174,#4175);
#2096=LINE('',#20175,#4176);
#2097=LINE('',#20178,#4177);
#2098=LINE('',#20180,#4178);
#2099=LINE('',#20181,#4179);
#2100=LINE('',#20184,#4180);
#2101=LINE('',#20186,#4181);
#2102=LINE('',#20187,#4182);
#2103=LINE('',#20190,#4183);
#2104=LINE('',#20192,#4184);
#2105=LINE('',#20193,#4185);
#2106=LINE('',#20196,#4186);
#2107=LINE('',#20198,#4187);
#2108=LINE('',#20199,#4188);
#2109=LINE('',#20202,#4189);
#2110=LINE('',#20204,#4190);
#2111=LINE('',#20205,#4191);
#2112=LINE('',#20208,#4192);
#2113=LINE('',#20210,#4193);
#2114=LINE('',#20211,#4194);
#2115=LINE('',#20214,#4195);
#2116=LINE('',#20216,#4196);
#2117=LINE('',#20217,#4197);
#2118=LINE('',#20220,#4198);
#2119=LINE('',#20222,#4199);
#2120=LINE('',#20223,#4200);
#2121=LINE('',#20225,#4201);
#2122=LINE('',#20226,#4202);
#2123=LINE('',#20230,#4203);
#2124=LINE('',#20232,#4204);
#2125=LINE('',#20234,#4205);
#2126=LINE('',#20235,#4206);
#2127=LINE('',#20238,#4207);
#2128=LINE('',#20240,#4208);
#2129=LINE('',#20241,#4209);
#2130=LINE('',#20244,#4210);
#2131=LINE('',#20246,#4211);
#2132=LINE('',#20247,#4212);
#2133=LINE('',#20250,#4213);
#2134=LINE('',#20252,#4214);
#2135=LINE('',#20253,#4215);
#2136=LINE('',#20256,#4216);
#2137=LINE('',#20258,#4217);
#2138=LINE('',#20259,#4218);
#2139=LINE('',#20262,#4219);
#2140=LINE('',#20264,#4220);
#2141=LINE('',#20265,#4221);
#2142=LINE('',#20268,#4222);
#2143=LINE('',#20270,#4223);
#2144=LINE('',#20271,#4224);
#2145=LINE('',#20274,#4225);
#2146=LINE('',#20276,#4226);
#2147=LINE('',#20277,#4227);
#2148=LINE('',#20280,#4228);
#2149=LINE('',#20282,#4229);
#2150=LINE('',#20283,#4230);
#2151=LINE('',#20286,#4231);
#2152=LINE('',#20288,#4232);
#2153=LINE('',#20289,#4233);
#2154=LINE('',#20292,#4234);
#2155=LINE('',#20294,#4235);
#2156=LINE('',#20295,#4236);
#2157=LINE('',#20298,#4237);
#2158=LINE('',#20300,#4238);
#2159=LINE('',#20301,#4239);
#2160=LINE('',#20304,#4240);
#2161=LINE('',#20306,#4241);
#2162=LINE('',#20307,#4242);
#2163=LINE('',#20310,#4243);
#2164=LINE('',#20312,#4244);
#2165=LINE('',#20313,#4245);
#2166=LINE('',#20316,#4246);
#2167=LINE('',#20318,#4247);
#2168=LINE('',#20319,#4248);
#2169=LINE('',#20322,#4249);
#2170=LINE('',#20324,#4250);
#2171=LINE('',#20325,#4251);
#2172=LINE('',#20328,#4252);
#2173=LINE('',#20330,#4253);
#2174=LINE('',#20331,#4254);
#2175=LINE('',#20334,#4255);
#2176=LINE('',#20336,#4256);
#2177=LINE('',#20337,#4257);
#2178=LINE('',#20340,#4258);
#2179=LINE('',#20342,#4259);
#2180=LINE('',#20343,#4260);
#2181=LINE('',#20345,#4261);
#2182=LINE('',#20346,#4262);
#2183=LINE('',#20350,#4263);
#2184=LINE('',#20352,#4264);
#2185=LINE('',#20354,#4265);
#2186=LINE('',#20355,#4266);
#2187=LINE('',#20358,#4267);
#2188=LINE('',#20360,#4268);
#2189=LINE('',#20361,#4269);
#2190=LINE('',#20364,#4270);
#2191=LINE('',#20366,#4271);
#2192=LINE('',#20367,#4272);
#2193=LINE('',#20370,#4273);
#2194=LINE('',#20372,#4274);
#2195=LINE('',#20373,#4275);
#2196=LINE('',#20376,#4276);
#2197=LINE('',#20378,#4277);
#2198=LINE('',#20379,#4278);
#2199=LINE('',#20382,#4279);
#2200=LINE('',#20384,#4280);
#2201=LINE('',#20385,#4281);
#2202=LINE('',#20388,#4282);
#2203=LINE('',#20390,#4283);
#2204=LINE('',#20391,#4284);
#2205=LINE('',#20394,#4285);
#2206=LINE('',#20396,#4286);
#2207=LINE('',#20397,#4287);
#2208=LINE('',#20400,#4288);
#2209=LINE('',#20402,#4289);
#2210=LINE('',#20403,#4290);
#2211=LINE('',#20406,#4291);
#2212=LINE('',#20408,#4292);
#2213=LINE('',#20409,#4293);
#2214=LINE('',#20412,#4294);
#2215=LINE('',#20414,#4295);
#2216=LINE('',#20415,#4296);
#2217=LINE('',#20418,#4297);
#2218=LINE('',#20420,#4298);
#2219=LINE('',#20421,#4299);
#2220=LINE('',#20424,#4300);
#2221=LINE('',#20426,#4301);
#2222=LINE('',#20427,#4302);
#2223=LINE('',#20430,#4303);
#2224=LINE('',#20432,#4304);
#2225=LINE('',#20433,#4305);
#2226=LINE('',#20436,#4306);
#2227=LINE('',#20438,#4307);
#2228=LINE('',#20439,#4308);
#2229=LINE('',#20442,#4309);
#2230=LINE('',#20444,#4310);
#2231=LINE('',#20445,#4311);
#2232=LINE('',#20448,#4312);
#2233=LINE('',#20450,#4313);
#2234=LINE('',#20451,#4314);
#2235=LINE('',#20454,#4315);
#2236=LINE('',#20456,#4316);
#2237=LINE('',#20457,#4317);
#2238=LINE('',#20460,#4318);
#2239=LINE('',#20462,#4319);
#2240=LINE('',#20463,#4320);
#2241=LINE('',#20465,#4321);
#2242=LINE('',#20466,#4322);
#2243=LINE('',#20470,#4323);
#2244=LINE('',#20472,#4324);
#2245=LINE('',#20474,#4325);
#2246=LINE('',#20475,#4326);
#2247=LINE('',#20478,#4327);
#2248=LINE('',#20480,#4328);
#2249=LINE('',#20481,#4329);
#2250=LINE('',#20484,#4330);
#2251=LINE('',#20486,#4331);
#2252=LINE('',#20487,#4332);
#2253=LINE('',#20490,#4333);
#2254=LINE('',#20492,#4334);
#2255=LINE('',#20493,#4335);
#2256=LINE('',#20496,#4336);
#2257=LINE('',#20498,#4337);
#2258=LINE('',#20499,#4338);
#2259=LINE('',#20502,#4339);
#2260=LINE('',#20504,#4340);
#2261=LINE('',#20505,#4341);
#2262=LINE('',#20508,#4342);
#2263=LINE('',#20510,#4343);
#2264=LINE('',#20511,#4344);
#2265=LINE('',#20514,#4345);
#2266=LINE('',#20516,#4346);
#2267=LINE('',#20517,#4347);
#2268=LINE('',#20520,#4348);
#2269=LINE('',#20522,#4349);
#2270=LINE('',#20523,#4350);
#2271=LINE('',#20526,#4351);
#2272=LINE('',#20528,#4352);
#2273=LINE('',#20529,#4353);
#2274=LINE('',#20532,#4354);
#2275=LINE('',#20534,#4355);
#2276=LINE('',#20535,#4356);
#2277=LINE('',#20538,#4357);
#2278=LINE('',#20540,#4358);
#2279=LINE('',#20541,#4359);
#2280=LINE('',#20544,#4360);
#2281=LINE('',#20546,#4361);
#2282=LINE('',#20547,#4362);
#2283=LINE('',#20550,#4363);
#2284=LINE('',#20552,#4364);
#2285=LINE('',#20553,#4365);
#2286=LINE('',#20556,#4366);
#2287=LINE('',#20558,#4367);
#2288=LINE('',#20559,#4368);
#2289=LINE('',#20562,#4369);
#2290=LINE('',#20564,#4370);
#2291=LINE('',#20565,#4371);
#2292=LINE('',#20568,#4372);
#2293=LINE('',#20570,#4373);
#2294=LINE('',#20571,#4374);
#2295=LINE('',#20574,#4375);
#2296=LINE('',#20576,#4376);
#2297=LINE('',#20577,#4377);
#2298=LINE('',#20580,#4378);
#2299=LINE('',#20582,#4379);
#2300=LINE('',#20583,#4380);
#2301=LINE('',#20585,#4381);
#2302=LINE('',#20586,#4382);
#2303=LINE('',#20590,#4383);
#2304=LINE('',#20592,#4384);
#2305=LINE('',#20594,#4385);
#2306=LINE('',#20595,#4386);
#2307=LINE('',#20598,#4387);
#2308=LINE('',#20600,#4388);
#2309=LINE('',#20601,#4389);
#2310=LINE('',#20604,#4390);
#2311=LINE('',#20606,#4391);
#2312=LINE('',#20607,#4392);
#2313=LINE('',#20610,#4393);
#2314=LINE('',#20612,#4394);
#2315=LINE('',#20613,#4395);
#2316=LINE('',#20616,#4396);
#2317=LINE('',#20618,#4397);
#2318=LINE('',#20619,#4398);
#2319=LINE('',#20622,#4399);
#2320=LINE('',#20624,#4400);
#2321=LINE('',#20625,#4401);
#2322=LINE('',#20628,#4402);
#2323=LINE('',#20630,#4403);
#2324=LINE('',#20631,#4404);
#2325=LINE('',#20634,#4405);
#2326=LINE('',#20636,#4406);
#2327=LINE('',#20637,#4407);
#2328=LINE('',#20640,#4408);
#2329=LINE('',#20642,#4409);
#2330=LINE('',#20643,#4410);
#2331=LINE('',#20646,#4411);
#2332=LINE('',#20648,#4412);
#2333=LINE('',#20649,#4413);
#2334=LINE('',#20652,#4414);
#2335=LINE('',#20654,#4415);
#2336=LINE('',#20655,#4416);
#2337=LINE('',#20658,#4417);
#2338=LINE('',#20660,#4418);
#2339=LINE('',#20661,#4419);
#2340=LINE('',#20664,#4420);
#2341=LINE('',#20666,#4421);
#2342=LINE('',#20667,#4422);
#2343=LINE('',#20670,#4423);
#2344=LINE('',#20672,#4424);
#2345=LINE('',#20673,#4425);
#2346=LINE('',#20676,#4426);
#2347=LINE('',#20678,#4427);
#2348=LINE('',#20679,#4428);
#2349=LINE('',#20682,#4429);
#2350=LINE('',#20684,#4430);
#2351=LINE('',#20685,#4431);
#2352=LINE('',#20688,#4432);
#2353=LINE('',#20690,#4433);
#2354=LINE('',#20691,#4434);
#2355=LINE('',#20694,#4435);
#2356=LINE('',#20696,#4436);
#2357=LINE('',#20697,#4437);
#2358=LINE('',#20700,#4438);
#2359=LINE('',#20702,#4439);
#2360=LINE('',#20703,#4440);
#2361=LINE('',#20706,#4441);
#2362=LINE('',#20708,#4442);
#2363=LINE('',#20709,#4443);
#2364=LINE('',#20712,#4444);
#2365=LINE('',#20714,#4445);
#2366=LINE('',#20715,#4446);
#2367=LINE('',#20718,#4447);
#2368=LINE('',#20720,#4448);
#2369=LINE('',#20721,#4449);
#2370=LINE('',#20724,#4450);
#2371=LINE('',#20726,#4451);
#2372=LINE('',#20727,#4452);
#2373=LINE('',#20730,#4453);
#2374=LINE('',#20732,#4454);
#2375=LINE('',#20733,#4455);
#2376=LINE('',#20736,#4456);
#2377=LINE('',#20738,#4457);
#2378=LINE('',#20739,#4458);
#2379=LINE('',#20742,#4459);
#2380=LINE('',#20744,#4460);
#2381=LINE('',#20745,#4461);
#2382=LINE('',#20748,#4462);
#2383=LINE('',#20750,#4463);
#2384=LINE('',#20751,#4464);
#2385=LINE('',#20754,#4465);
#2386=LINE('',#20756,#4466);
#2387=LINE('',#20757,#4467);
#2388=LINE('',#20760,#4468);
#2389=LINE('',#20762,#4469);
#2390=LINE('',#20763,#4470);
#2391=LINE('',#20766,#4471);
#2392=LINE('',#20768,#4472);
#2393=LINE('',#20769,#4473);
#2394=LINE('',#20772,#4474);
#2395=LINE('',#20774,#4475);
#2396=LINE('',#20775,#4476);
#2397=LINE('',#20778,#4477);
#2398=LINE('',#20780,#4478);
#2399=LINE('',#20781,#4479);
#2400=LINE('',#20784,#4480);
#2401=LINE('',#20786,#4481);
#2402=LINE('',#20787,#4482);
#2403=LINE('',#20790,#4483);
#2404=LINE('',#20792,#4484);
#2405=LINE('',#20793,#4485);
#2406=LINE('',#20796,#4486);
#2407=LINE('',#20798,#4487);
#2408=LINE('',#20799,#4488);
#2409=LINE('',#20802,#4489);
#2410=LINE('',#20804,#4490);
#2411=LINE('',#20805,#4491);
#2412=LINE('',#20808,#4492);
#2413=LINE('',#20810,#4493);
#2414=LINE('',#20811,#4494);
#2415=LINE('',#20814,#4495);
#2416=LINE('',#20816,#4496);
#2417=LINE('',#20817,#4497);
#2418=LINE('',#20820,#4498);
#2419=LINE('',#20822,#4499);
#2420=LINE('',#20823,#4500);
#2421=LINE('',#20826,#4501);
#2422=LINE('',#20828,#4502);
#2423=LINE('',#20829,#4503);
#2424=LINE('',#20832,#4504);
#2425=LINE('',#20834,#4505);
#2426=LINE('',#20835,#4506);
#2427=LINE('',#20838,#4507);
#2428=LINE('',#20840,#4508);
#2429=LINE('',#20841,#4509);
#2430=LINE('',#20844,#4510);
#2431=LINE('',#20846,#4511);
#2432=LINE('',#20847,#4512);
#2433=LINE('',#20850,#4513);
#2434=LINE('',#20852,#4514);
#2435=LINE('',#20853,#4515);
#2436=LINE('',#20856,#4516);
#2437=LINE('',#20858,#4517);
#2438=LINE('',#20859,#4518);
#2439=LINE('',#20862,#4519);
#2440=LINE('',#20864,#4520);
#2441=LINE('',#20865,#4521);
#2442=LINE('',#20868,#4522);
#2443=LINE('',#20870,#4523);
#2444=LINE('',#20871,#4524);
#2445=LINE('',#20874,#4525);
#2446=LINE('',#20876,#4526);
#2447=LINE('',#20877,#4527);
#2448=LINE('',#20880,#4528);
#2449=LINE('',#20882,#4529);
#2450=LINE('',#20883,#4530);
#2451=LINE('',#20886,#4531);
#2452=LINE('',#20888,#4532);
#2453=LINE('',#20889,#4533);
#2454=LINE('',#20892,#4534);
#2455=LINE('',#20894,#4535);
#2456=LINE('',#20895,#4536);
#2457=LINE('',#20898,#4537);
#2458=LINE('',#20900,#4538);
#2459=LINE('',#20901,#4539);
#2460=LINE('',#20904,#4540);
#2461=LINE('',#20906,#4541);
#2462=LINE('',#20907,#4542);
#2463=LINE('',#20910,#4543);
#2464=LINE('',#20912,#4544);
#2465=LINE('',#20913,#4545);
#2466=LINE('',#20916,#4546);
#2467=LINE('',#20918,#4547);
#2468=LINE('',#20919,#4548);
#2469=LINE('',#20922,#4549);
#2470=LINE('',#20924,#4550);
#2471=LINE('',#20925,#4551);
#2472=LINE('',#20928,#4552);
#2473=LINE('',#20930,#4553);
#2474=LINE('',#20931,#4554);
#2475=LINE('',#20934,#4555);
#2476=LINE('',#20936,#4556);
#2477=LINE('',#20937,#4557);
#2478=LINE('',#20940,#4558);
#2479=LINE('',#20942,#4559);
#2480=LINE('',#20943,#4560);
#2481=LINE('',#20946,#4561);
#2482=LINE('',#20948,#4562);
#2483=LINE('',#20949,#4563);
#2484=LINE('',#20952,#4564);
#2485=LINE('',#20954,#4565);
#2486=LINE('',#20955,#4566);
#2487=LINE('',#20958,#4567);
#2488=LINE('',#20960,#4568);
#2489=LINE('',#20961,#4569);
#2490=LINE('',#20964,#4570);
#2491=LINE('',#20966,#4571);
#2492=LINE('',#20967,#4572);
#2493=LINE('',#20970,#4573);
#2494=LINE('',#20972,#4574);
#2495=LINE('',#20973,#4575);
#2496=LINE('',#20976,#4576);
#2497=LINE('',#20978,#4577);
#2498=LINE('',#20979,#4578);
#2499=LINE('',#20982,#4579);
#2500=LINE('',#20984,#4580);
#2501=LINE('',#20985,#4581);
#2502=LINE('',#20988,#4582);
#2503=LINE('',#20990,#4583);
#2504=LINE('',#20991,#4584);
#2505=LINE('',#20994,#4585);
#2506=LINE('',#20996,#4586);
#2507=LINE('',#20997,#4587);
#2508=LINE('',#21000,#4588);
#2509=LINE('',#21002,#4589);
#2510=LINE('',#21003,#4590);
#2511=LINE('',#21006,#4591);
#2512=LINE('',#21008,#4592);
#2513=LINE('',#21009,#4593);
#2514=LINE('',#21012,#4594);
#2515=LINE('',#21014,#4595);
#2516=LINE('',#21015,#4596);
#2517=LINE('',#21018,#4597);
#2518=LINE('',#21020,#4598);
#2519=LINE('',#21021,#4599);
#2520=LINE('',#21024,#4600);
#2521=LINE('',#21026,#4601);
#2522=LINE('',#21027,#4602);
#2523=LINE('',#21030,#4603);
#2524=LINE('',#21032,#4604);
#2525=LINE('',#21033,#4605);
#2526=LINE('',#21036,#4606);
#2527=LINE('',#21038,#4607);
#2528=LINE('',#21039,#4608);
#2529=LINE('',#21042,#4609);
#2530=LINE('',#21044,#4610);
#2531=LINE('',#21045,#4611);
#2532=LINE('',#21048,#4612);
#2533=LINE('',#21050,#4613);
#2534=LINE('',#21051,#4614);
#2535=LINE('',#21054,#4615);
#2536=LINE('',#21056,#4616);
#2537=LINE('',#21057,#4617);
#2538=LINE('',#21060,#4618);
#2539=LINE('',#21062,#4619);
#2540=LINE('',#21063,#4620);
#2541=LINE('',#21066,#4621);
#2542=LINE('',#21068,#4622);
#2543=LINE('',#21069,#4623);
#2544=LINE('',#21072,#4624);
#2545=LINE('',#21074,#4625);
#2546=LINE('',#21075,#4626);
#2547=LINE('',#21078,#4627);
#2548=LINE('',#21080,#4628);
#2549=LINE('',#21081,#4629);
#2550=LINE('',#21084,#4630);
#2551=LINE('',#21086,#4631);
#2552=LINE('',#21087,#4632);
#2553=LINE('',#21090,#4633);
#2554=LINE('',#21092,#4634);
#2555=LINE('',#21093,#4635);
#2556=LINE('',#21096,#4636);
#2557=LINE('',#21098,#4637);
#2558=LINE('',#21099,#4638);
#2559=LINE('',#21102,#4639);
#2560=LINE('',#21104,#4640);
#2561=LINE('',#21105,#4641);
#2562=LINE('',#21108,#4642);
#2563=LINE('',#21110,#4643);
#2564=LINE('',#21111,#4644);
#2565=LINE('',#21114,#4645);
#2566=LINE('',#21116,#4646);
#2567=LINE('',#21117,#4647);
#2568=LINE('',#21120,#4648);
#2569=LINE('',#21122,#4649);
#2570=LINE('',#21123,#4650);
#2571=LINE('',#21126,#4651);
#2572=LINE('',#21128,#4652);
#2573=LINE('',#21129,#4653);
#2574=LINE('',#21132,#4654);
#2575=LINE('',#21134,#4655);
#2576=LINE('',#21135,#4656);
#2577=LINE('',#21137,#4657);
#2578=LINE('',#21138,#4658);
#2579=LINE('',#21145,#4659);
#2580=LINE('',#21147,#4660);
#2581=LINE('',#21149,#4661);
#2582=LINE('',#21150,#4662);
#2583=LINE('',#21153,#4663);
#2584=LINE('',#21155,#4664);
#2585=LINE('',#21156,#4665);
#2586=LINE('',#21159,#4666);
#2587=LINE('',#21161,#4667);
#2588=LINE('',#21162,#4668);
#2589=LINE('',#21164,#4669);
#2590=LINE('',#21165,#4670);
#2591=LINE('',#21169,#4671);
#2592=LINE('',#21171,#4672);
#2593=LINE('',#21173,#4673);
#2594=LINE('',#21174,#4674);
#2595=LINE('',#21177,#4675);
#2596=LINE('',#21179,#4676);
#2597=LINE('',#21180,#4677);
#2598=LINE('',#21183,#4678);
#2599=LINE('',#21185,#4679);
#2600=LINE('',#21186,#4680);
#2601=LINE('',#21188,#4681);
#2602=LINE('',#21189,#4682);
#2603=LINE('',#21193,#4683);
#2604=LINE('',#21195,#4684);
#2605=LINE('',#21197,#4685);
#2606=LINE('',#21198,#4686);
#2607=LINE('',#21201,#4687);
#2608=LINE('',#21203,#4688);
#2609=LINE('',#21204,#4689);
#2610=LINE('',#21207,#4690);
#2611=LINE('',#21209,#4691);
#2612=LINE('',#21210,#4692);
#2613=LINE('',#21213,#4693);
#2614=LINE('',#21215,#4694);
#2615=LINE('',#21216,#4695);
#2616=LINE('',#21219,#4696);
#2617=LINE('',#21221,#4697);
#2618=LINE('',#21222,#4698);
#2619=LINE('',#21225,#4699);
#2620=LINE('',#21227,#4700);
#2621=LINE('',#21228,#4701);
#2622=LINE('',#21231,#4702);
#2623=LINE('',#21233,#4703);
#2624=LINE('',#21234,#4704);
#2625=LINE('',#21237,#4705);
#2626=LINE('',#21239,#4706);
#2627=LINE('',#21240,#4707);
#2628=LINE('',#21243,#4708);
#2629=LINE('',#21245,#4709);
#2630=LINE('',#21246,#4710);
#2631=LINE('',#21249,#4711);
#2632=LINE('',#21251,#4712);
#2633=LINE('',#21252,#4713);
#2634=LINE('',#21255,#4714);
#2635=LINE('',#21257,#4715);
#2636=LINE('',#21258,#4716);
#2637=LINE('',#21261,#4717);
#2638=LINE('',#21263,#4718);
#2639=LINE('',#21264,#4719);
#2640=LINE('',#21267,#4720);
#2641=LINE('',#21269,#4721);
#2642=LINE('',#21270,#4722);
#2643=LINE('',#21273,#4723);
#2644=LINE('',#21275,#4724);
#2645=LINE('',#21276,#4725);
#2646=LINE('',#21279,#4726);
#2647=LINE('',#21281,#4727);
#2648=LINE('',#21282,#4728);
#2649=LINE('',#21285,#4729);
#2650=LINE('',#21287,#4730);
#2651=LINE('',#21288,#4731);
#2652=LINE('',#21291,#4732);
#2653=LINE('',#21293,#4733);
#2654=LINE('',#21294,#4734);
#2655=LINE('',#21297,#4735);
#2656=LINE('',#21299,#4736);
#2657=LINE('',#21300,#4737);
#2658=LINE('',#21303,#4738);
#2659=LINE('',#21305,#4739);
#2660=LINE('',#21306,#4740);
#2661=LINE('',#21308,#4741);
#2662=LINE('',#21309,#4742);
#2663=LINE('',#21313,#4743);
#2664=LINE('',#21315,#4744);
#2665=LINE('',#21317,#4745);
#2666=LINE('',#21318,#4746);
#2667=LINE('',#21321,#4747);
#2668=LINE('',#21323,#4748);
#2669=LINE('',#21324,#4749);
#2670=LINE('',#21327,#4750);
#2671=LINE('',#21329,#4751);
#2672=LINE('',#21330,#4752);
#2673=LINE('',#21333,#4753);
#2674=LINE('',#21335,#4754);
#2675=LINE('',#21336,#4755);
#2676=LINE('',#21339,#4756);
#2677=LINE('',#21341,#4757);
#2678=LINE('',#21342,#4758);
#2679=LINE('',#21345,#4759);
#2680=LINE('',#21347,#4760);
#2681=LINE('',#21348,#4761);
#2682=LINE('',#21351,#4762);
#2683=LINE('',#21353,#4763);
#2684=LINE('',#21354,#4764);
#2685=LINE('',#21357,#4765);
#2686=LINE('',#21359,#4766);
#2687=LINE('',#21360,#4767);
#2688=LINE('',#21363,#4768);
#2689=LINE('',#21365,#4769);
#2690=LINE('',#21366,#4770);
#2691=LINE('',#21369,#4771);
#2692=LINE('',#21371,#4772);
#2693=LINE('',#21372,#4773);
#2694=LINE('',#21375,#4774);
#2695=LINE('',#21377,#4775);
#2696=LINE('',#21378,#4776);
#2697=LINE('',#21381,#4777);
#2698=LINE('',#21383,#4778);
#2699=LINE('',#21384,#4779);
#2700=LINE('',#21387,#4780);
#2701=LINE('',#21389,#4781);
#2702=LINE('',#21390,#4782);
#2703=LINE('',#21393,#4783);
#2704=LINE('',#21395,#4784);
#2705=LINE('',#21396,#4785);
#2706=LINE('',#21399,#4786);
#2707=LINE('',#21401,#4787);
#2708=LINE('',#21402,#4788);
#2709=LINE('',#21405,#4789);
#2710=LINE('',#21407,#4790);
#2711=LINE('',#21408,#4791);
#2712=LINE('',#21411,#4792);
#2713=LINE('',#21413,#4793);
#2714=LINE('',#21414,#4794);
#2715=LINE('',#21417,#4795);
#2716=LINE('',#21419,#4796);
#2717=LINE('',#21420,#4797);
#2718=LINE('',#21423,#4798);
#2719=LINE('',#21425,#4799);
#2720=LINE('',#21426,#4800);
#2721=LINE('',#21428,#4801);
#2722=LINE('',#21429,#4802);
#2723=LINE('',#21433,#4803);
#2724=LINE('',#21435,#4804);
#2725=LINE('',#21437,#4805);
#2726=LINE('',#21438,#4806);
#2727=LINE('',#21441,#4807);
#2728=LINE('',#21443,#4808);
#2729=LINE('',#21444,#4809);
#2730=LINE('',#21447,#4810);
#2731=LINE('',#21449,#4811);
#2732=LINE('',#21450,#4812);
#2733=LINE('',#21453,#4813);
#2734=LINE('',#21455,#4814);
#2735=LINE('',#21456,#4815);
#2736=LINE('',#21459,#4816);
#2737=LINE('',#21461,#4817);
#2738=LINE('',#21462,#4818);
#2739=LINE('',#21465,#4819);
#2740=LINE('',#21467,#4820);
#2741=LINE('',#21468,#4821);
#2742=LINE('',#21471,#4822);
#2743=LINE('',#21473,#4823);
#2744=LINE('',#21474,#4824);
#2745=LINE('',#21477,#4825);
#2746=LINE('',#21479,#4826);
#2747=LINE('',#21480,#4827);
#2748=LINE('',#21483,#4828);
#2749=LINE('',#21485,#4829);
#2750=LINE('',#21486,#4830);
#2751=LINE('',#21489,#4831);
#2752=LINE('',#21491,#4832);
#2753=LINE('',#21492,#4833);
#2754=LINE('',#21495,#4834);
#2755=LINE('',#21497,#4835);
#2756=LINE('',#21498,#4836);
#2757=LINE('',#21501,#4837);
#2758=LINE('',#21503,#4838);
#2759=LINE('',#21504,#4839);
#2760=LINE('',#21507,#4840);
#2761=LINE('',#21509,#4841);
#2762=LINE('',#21510,#4842);
#2763=LINE('',#21513,#4843);
#2764=LINE('',#21515,#4844);
#2765=LINE('',#21516,#4845);
#2766=LINE('',#21519,#4846);
#2767=LINE('',#21521,#4847);
#2768=LINE('',#21522,#4848);
#2769=LINE('',#21525,#4849);
#2770=LINE('',#21527,#4850);
#2771=LINE('',#21528,#4851);
#2772=LINE('',#21531,#4852);
#2773=LINE('',#21533,#4853);
#2774=LINE('',#21534,#4854);
#2775=LINE('',#21537,#4855);
#2776=LINE('',#21539,#4856);
#2777=LINE('',#21540,#4857);
#2778=LINE('',#21543,#4858);
#2779=LINE('',#21545,#4859);
#2780=LINE('',#21546,#4860);
#2781=LINE('',#21548,#4861);
#2782=LINE('',#21549,#4862);
#2783=LINE('',#21553,#4863);
#2784=LINE('',#21555,#4864);
#2785=LINE('',#21557,#4865);
#2786=LINE('',#21558,#4866);
#2787=LINE('',#21561,#4867);
#2788=LINE('',#21563,#4868);
#2789=LINE('',#21564,#4869);
#2790=LINE('',#21567,#4870);
#2791=LINE('',#21569,#4871);
#2792=LINE('',#21570,#4872);
#2793=LINE('',#21573,#4873);
#2794=LINE('',#21575,#4874);
#2795=LINE('',#21576,#4875);
#2796=LINE('',#21579,#4876);
#2797=LINE('',#21581,#4877);
#2798=LINE('',#21582,#4878);
#2799=LINE('',#21585,#4879);
#2800=LINE('',#21587,#4880);
#2801=LINE('',#21588,#4881);
#2802=LINE('',#21591,#4882);
#2803=LINE('',#21593,#4883);
#2804=LINE('',#21594,#4884);
#2805=LINE('',#21597,#4885);
#2806=LINE('',#21599,#4886);
#2807=LINE('',#21600,#4887);
#2808=LINE('',#21603,#4888);
#2809=LINE('',#21605,#4889);
#2810=LINE('',#21606,#4890);
#2811=LINE('',#21609,#4891);
#2812=LINE('',#21611,#4892);
#2813=LINE('',#21612,#4893);
#2814=LINE('',#21615,#4894);
#2815=LINE('',#21617,#4895);
#2816=LINE('',#21618,#4896);
#2817=LINE('',#21621,#4897);
#2818=LINE('',#21623,#4898);
#2819=LINE('',#21624,#4899);
#2820=LINE('',#21627,#4900);
#2821=LINE('',#21629,#4901);
#2822=LINE('',#21630,#4902);
#2823=LINE('',#21633,#4903);
#2824=LINE('',#21635,#4904);
#2825=LINE('',#21636,#4905);
#2826=LINE('',#21639,#4906);
#2827=LINE('',#21641,#4907);
#2828=LINE('',#21642,#4908);
#2829=LINE('',#21645,#4909);
#2830=LINE('',#21647,#4910);
#2831=LINE('',#21648,#4911);
#2832=LINE('',#21651,#4912);
#2833=LINE('',#21653,#4913);
#2834=LINE('',#21654,#4914);
#2835=LINE('',#21657,#4915);
#2836=LINE('',#21659,#4916);
#2837=LINE('',#21660,#4917);
#2838=LINE('',#21663,#4918);
#2839=LINE('',#21665,#4919);
#2840=LINE('',#21666,#4920);
#2841=LINE('',#21668,#4921);
#2842=LINE('',#21669,#4922);
#2843=LINE('',#21673,#4923);
#2844=LINE('',#21675,#4924);
#2845=LINE('',#21677,#4925);
#2846=LINE('',#21678,#4926);
#2847=LINE('',#21681,#4927);
#2848=LINE('',#21683,#4928);
#2849=LINE('',#21684,#4929);
#2850=LINE('',#21687,#4930);
#2851=LINE('',#21689,#4931);
#2852=LINE('',#21690,#4932);
#2853=LINE('',#21693,#4933);
#2854=LINE('',#21695,#4934);
#2855=LINE('',#21696,#4935);
#2856=LINE('',#21699,#4936);
#2857=LINE('',#21701,#4937);
#2858=LINE('',#21702,#4938);
#2859=LINE('',#21705,#4939);
#2860=LINE('',#21707,#4940);
#2861=LINE('',#21708,#4941);
#2862=LINE('',#21711,#4942);
#2863=LINE('',#21713,#4943);
#2864=LINE('',#21714,#4944);
#2865=LINE('',#21717,#4945);
#2866=LINE('',#21719,#4946);
#2867=LINE('',#21720,#4947);
#2868=LINE('',#21723,#4948);
#2869=LINE('',#21725,#4949);
#2870=LINE('',#21726,#4950);
#2871=LINE('',#21729,#4951);
#2872=LINE('',#21731,#4952);
#2873=LINE('',#21732,#4953);
#2874=LINE('',#21735,#4954);
#2875=LINE('',#21737,#4955);
#2876=LINE('',#21738,#4956);
#2877=LINE('',#21741,#4957);
#2878=LINE('',#21743,#4958);
#2879=LINE('',#21744,#4959);
#2880=LINE('',#21747,#4960);
#2881=LINE('',#21749,#4961);
#2882=LINE('',#21750,#4962);
#2883=LINE('',#21753,#4963);
#2884=LINE('',#21755,#4964);
#2885=LINE('',#21756,#4965);
#2886=LINE('',#21759,#4966);
#2887=LINE('',#21761,#4967);
#2888=LINE('',#21762,#4968);
#2889=LINE('',#21765,#4969);
#2890=LINE('',#21767,#4970);
#2891=LINE('',#21768,#4971);
#2892=LINE('',#21771,#4972);
#2893=LINE('',#21773,#4973);
#2894=LINE('',#21774,#4974);
#2895=LINE('',#21777,#4975);
#2896=LINE('',#21779,#4976);
#2897=LINE('',#21780,#4977);
#2898=LINE('',#21783,#4978);
#2899=LINE('',#21785,#4979);
#2900=LINE('',#21786,#4980);
#2901=LINE('',#21788,#4981);
#2902=LINE('',#21789,#4982);
#2903=LINE('',#21793,#4983);
#2904=LINE('',#21795,#4984);
#2905=LINE('',#21797,#4985);
#2906=LINE('',#21798,#4986);
#2907=LINE('',#21801,#4987);
#2908=LINE('',#21803,#4988);
#2909=LINE('',#21804,#4989);
#2910=LINE('',#21807,#4990);
#2911=LINE('',#21809,#4991);
#2912=LINE('',#21810,#4992);
#2913=LINE('',#21813,#4993);
#2914=LINE('',#21815,#4994);
#2915=LINE('',#21816,#4995);
#2916=LINE('',#21819,#4996);
#2917=LINE('',#21821,#4997);
#2918=LINE('',#21822,#4998);
#2919=LINE('',#21825,#4999);
#2920=LINE('',#21827,#5000);
#2921=LINE('',#21828,#5001);
#2922=LINE('',#21831,#5002);
#2923=LINE('',#21833,#5003);
#2924=LINE('',#21834,#5004);
#2925=LINE('',#21837,#5005);
#2926=LINE('',#21839,#5006);
#2927=LINE('',#21840,#5007);
#2928=LINE('',#21843,#5008);
#2929=LINE('',#21845,#5009);
#2930=LINE('',#21846,#5010);
#2931=LINE('',#21849,#5011);
#2932=LINE('',#21851,#5012);
#2933=LINE('',#21852,#5013);
#2934=LINE('',#21855,#5014);
#2935=LINE('',#21857,#5015);
#2936=LINE('',#21858,#5016);
#2937=LINE('',#21861,#5017);
#2938=LINE('',#21863,#5018);
#2939=LINE('',#21864,#5019);
#2940=LINE('',#21867,#5020);
#2941=LINE('',#21869,#5021);
#2942=LINE('',#21870,#5022);
#2943=LINE('',#21873,#5023);
#2944=LINE('',#21875,#5024);
#2945=LINE('',#21876,#5025);
#2946=LINE('',#21879,#5026);
#2947=LINE('',#21881,#5027);
#2948=LINE('',#21882,#5028);
#2949=LINE('',#21885,#5029);
#2950=LINE('',#21887,#5030);
#2951=LINE('',#21888,#5031);
#2952=LINE('',#21891,#5032);
#2953=LINE('',#21893,#5033);
#2954=LINE('',#21894,#5034);
#2955=LINE('',#21897,#5035);
#2956=LINE('',#21899,#5036);
#2957=LINE('',#21900,#5037);
#2958=LINE('',#21903,#5038);
#2959=LINE('',#21905,#5039);
#2960=LINE('',#21906,#5040);
#2961=LINE('',#21908,#5041);
#2962=LINE('',#21909,#5042);
#2963=LINE('',#21913,#5043);
#2964=LINE('',#21915,#5044);
#2965=LINE('',#21917,#5045);
#2966=LINE('',#21918,#5046);
#2967=LINE('',#21921,#5047);
#2968=LINE('',#21923,#5048);
#2969=LINE('',#21924,#5049);
#2970=LINE('',#21927,#5050);
#2971=LINE('',#21929,#5051);
#2972=LINE('',#21930,#5052);
#2973=LINE('',#21933,#5053);
#2974=LINE('',#21935,#5054);
#2975=LINE('',#21936,#5055);
#2976=LINE('',#21939,#5056);
#2977=LINE('',#21941,#5057);
#2978=LINE('',#21942,#5058);
#2979=LINE('',#21945,#5059);
#2980=LINE('',#21947,#5060);
#2981=LINE('',#21948,#5061);
#2982=LINE('',#21951,#5062);
#2983=LINE('',#21953,#5063);
#2984=LINE('',#21954,#5064);
#2985=LINE('',#21957,#5065);
#2986=LINE('',#21959,#5066);
#2987=LINE('',#21960,#5067);
#2988=LINE('',#21963,#5068);
#2989=LINE('',#21965,#5069);
#2990=LINE('',#21966,#5070);
#2991=LINE('',#21969,#5071);
#2992=LINE('',#21971,#5072);
#2993=LINE('',#21972,#5073);
#2994=LINE('',#21975,#5074);
#2995=LINE('',#21977,#5075);
#2996=LINE('',#21978,#5076);
#2997=LINE('',#21981,#5077);
#2998=LINE('',#21983,#5078);
#2999=LINE('',#21984,#5079);
#3000=LINE('',#21987,#5080);
#3001=LINE('',#21989,#5081);
#3002=LINE('',#21990,#5082);
#3003=LINE('',#21993,#5083);
#3004=LINE('',#21995,#5084);
#3005=LINE('',#21996,#5085);
#3006=LINE('',#21999,#5086);
#3007=LINE('',#22001,#5087);
#3008=LINE('',#22002,#5088);
#3009=LINE('',#22005,#5089);
#3010=LINE('',#22007,#5090);
#3011=LINE('',#22008,#5091);
#3012=LINE('',#22011,#5092);
#3013=LINE('',#22013,#5093);
#3014=LINE('',#22014,#5094);
#3015=LINE('',#22017,#5095);
#3016=LINE('',#22019,#5096);
#3017=LINE('',#22020,#5097);
#3018=LINE('',#22023,#5098);
#3019=LINE('',#22025,#5099);
#3020=LINE('',#22026,#5100);
#3021=LINE('',#22028,#5101);
#3022=LINE('',#22029,#5102);
#3023=LINE('',#22033,#5103);
#3024=LINE('',#22035,#5104);
#3025=LINE('',#22037,#5105);
#3026=LINE('',#22038,#5106);
#3027=LINE('',#22041,#5107);
#3028=LINE('',#22043,#5108);
#3029=LINE('',#22044,#5109);
#3030=LINE('',#22047,#5110);
#3031=LINE('',#22049,#5111);
#3032=LINE('',#22050,#5112);
#3033=LINE('',#22053,#5113);
#3034=LINE('',#22055,#5114);
#3035=LINE('',#22056,#5115);
#3036=LINE('',#22059,#5116);
#3037=LINE('',#22061,#5117);
#3038=LINE('',#22062,#5118);
#3039=LINE('',#22065,#5119);
#3040=LINE('',#22067,#5120);
#3041=LINE('',#22068,#5121);
#3042=LINE('',#22071,#5122);
#3043=LINE('',#22073,#5123);
#3044=LINE('',#22074,#5124);
#3045=LINE('',#22077,#5125);
#3046=LINE('',#22079,#5126);
#3047=LINE('',#22080,#5127);
#3048=LINE('',#22083,#5128);
#3049=LINE('',#22085,#5129);
#3050=LINE('',#22086,#5130);
#3051=LINE('',#22089,#5131);
#3052=LINE('',#22091,#5132);
#3053=LINE('',#22092,#5133);
#3054=LINE('',#22095,#5134);
#3055=LINE('',#22097,#5135);
#3056=LINE('',#22098,#5136);
#3057=LINE('',#22101,#5137);
#3058=LINE('',#22103,#5138);
#3059=LINE('',#22104,#5139);
#3060=LINE('',#22107,#5140);
#3061=LINE('',#22109,#5141);
#3062=LINE('',#22110,#5142);
#3063=LINE('',#22113,#5143);
#3064=LINE('',#22115,#5144);
#3065=LINE('',#22116,#5145);
#3066=LINE('',#22119,#5146);
#3067=LINE('',#22121,#5147);
#3068=LINE('',#22122,#5148);
#3069=LINE('',#22125,#5149);
#3070=LINE('',#22127,#5150);
#3071=LINE('',#22128,#5151);
#3072=LINE('',#22131,#5152);
#3073=LINE('',#22133,#5153);
#3074=LINE('',#22134,#5154);
#3075=LINE('',#22137,#5155);
#3076=LINE('',#22139,#5156);
#3077=LINE('',#22140,#5157);
#3078=LINE('',#22143,#5158);
#3079=LINE('',#22145,#5159);
#3080=LINE('',#22146,#5160);
#3081=LINE('',#22148,#5161);
#3082=LINE('',#22149,#5162);
#3083=LINE('',#22153,#5163);
#3084=LINE('',#22155,#5164);
#3085=LINE('',#22157,#5165);
#3086=LINE('',#22158,#5166);
#3087=LINE('',#22161,#5167);
#3088=LINE('',#22163,#5168);
#3089=LINE('',#22164,#5169);
#3090=LINE('',#22167,#5170);
#3091=LINE('',#22169,#5171);
#3092=LINE('',#22170,#5172);
#3093=LINE('',#22173,#5173);
#3094=LINE('',#22175,#5174);
#3095=LINE('',#22176,#5175);
#3096=LINE('',#22179,#5176);
#3097=LINE('',#22181,#5177);
#3098=LINE('',#22182,#5178);
#3099=LINE('',#22185,#5179);
#3100=LINE('',#22187,#5180);
#3101=LINE('',#22188,#5181);
#3102=LINE('',#22191,#5182);
#3103=LINE('',#22193,#5183);
#3104=LINE('',#22194,#5184);
#3105=LINE('',#22197,#5185);
#3106=LINE('',#22199,#5186);
#3107=LINE('',#22200,#5187);
#3108=LINE('',#22203,#5188);
#3109=LINE('',#22205,#5189);
#3110=LINE('',#22206,#5190);
#3111=LINE('',#22209,#5191);
#3112=LINE('',#22211,#5192);
#3113=LINE('',#22212,#5193);
#3114=LINE('',#22215,#5194);
#3115=LINE('',#22217,#5195);
#3116=LINE('',#22218,#5196);
#3117=LINE('',#22221,#5197);
#3118=LINE('',#22223,#5198);
#3119=LINE('',#22224,#5199);
#3120=LINE('',#22227,#5200);
#3121=LINE('',#22229,#5201);
#3122=LINE('',#22230,#5202);
#3123=LINE('',#22233,#5203);
#3124=LINE('',#22235,#5204);
#3125=LINE('',#22236,#5205);
#3126=LINE('',#22239,#5206);
#3127=LINE('',#22241,#5207);
#3128=LINE('',#22242,#5208);
#3129=LINE('',#22245,#5209);
#3130=LINE('',#22247,#5210);
#3131=LINE('',#22248,#5211);
#3132=LINE('',#22251,#5212);
#3133=LINE('',#22253,#5213);
#3134=LINE('',#22254,#5214);
#3135=LINE('',#22257,#5215);
#3136=LINE('',#22259,#5216);
#3137=LINE('',#22260,#5217);
#3138=LINE('',#22263,#5218);
#3139=LINE('',#22265,#5219);
#3140=LINE('',#22266,#5220);
#3141=LINE('',#22268,#5221);
#3142=LINE('',#22269,#5222);
#3143=LINE('',#22273,#5223);
#3144=LINE('',#22275,#5224);
#3145=LINE('',#22277,#5225);
#3146=LINE('',#22278,#5226);
#3147=LINE('',#22281,#5227);
#3148=LINE('',#22283,#5228);
#3149=LINE('',#22284,#5229);
#3150=LINE('',#22287,#5230);
#3151=LINE('',#22289,#5231);
#3152=LINE('',#22290,#5232);
#3153=LINE('',#22293,#5233);
#3154=LINE('',#22295,#5234);
#3155=LINE('',#22296,#5235);
#3156=LINE('',#22299,#5236);
#3157=LINE('',#22301,#5237);
#3158=LINE('',#22302,#5238);
#3159=LINE('',#22305,#5239);
#3160=LINE('',#22307,#5240);
#3161=LINE('',#22308,#5241);
#3162=LINE('',#22311,#5242);
#3163=LINE('',#22313,#5243);
#3164=LINE('',#22314,#5244);
#3165=LINE('',#22317,#5245);
#3166=LINE('',#22319,#5246);
#3167=LINE('',#22320,#5247);
#3168=LINE('',#22323,#5248);
#3169=LINE('',#22325,#5249);
#3170=LINE('',#22326,#5250);
#3171=LINE('',#22329,#5251);
#3172=LINE('',#22331,#5252);
#3173=LINE('',#22332,#5253);
#3174=LINE('',#22335,#5254);
#3175=LINE('',#22337,#5255);
#3176=LINE('',#22338,#5256);
#3177=LINE('',#22341,#5257);
#3178=LINE('',#22343,#5258);
#3179=LINE('',#22344,#5259);
#3180=LINE('',#22347,#5260);
#3181=LINE('',#22349,#5261);
#3182=LINE('',#22350,#5262);
#3183=LINE('',#22353,#5263);
#3184=LINE('',#22355,#5264);
#3185=LINE('',#22356,#5265);
#3186=LINE('',#22359,#5266);
#3187=LINE('',#22361,#5267);
#3188=LINE('',#22362,#5268);
#3189=LINE('',#22365,#5269);
#3190=LINE('',#22367,#5270);
#3191=LINE('',#22368,#5271);
#3192=LINE('',#22371,#5272);
#3193=LINE('',#22373,#5273);
#3194=LINE('',#22374,#5274);
#3195=LINE('',#22377,#5275);
#3196=LINE('',#22379,#5276);
#3197=LINE('',#22380,#5277);
#3198=LINE('',#22383,#5278);
#3199=LINE('',#22385,#5279);
#3200=LINE('',#22386,#5280);
#3201=LINE('',#22388,#5281);
#3202=LINE('',#22389,#5282);
#3203=LINE('',#22393,#5283);
#3204=LINE('',#22395,#5284);
#3205=LINE('',#22397,#5285);
#3206=LINE('',#22398,#5286);
#3207=LINE('',#22401,#5287);
#3208=LINE('',#22403,#5288);
#3209=LINE('',#22404,#5289);
#3210=LINE('',#22407,#5290);
#3211=LINE('',#22409,#5291);
#3212=LINE('',#22410,#5292);
#3213=LINE('',#22413,#5293);
#3214=LINE('',#22415,#5294);
#3215=LINE('',#22416,#5295);
#3216=LINE('',#22419,#5296);
#3217=LINE('',#22421,#5297);
#3218=LINE('',#22422,#5298);
#3219=LINE('',#22425,#5299);
#3220=LINE('',#22427,#5300);
#3221=LINE('',#22428,#5301);
#3222=LINE('',#22431,#5302);
#3223=LINE('',#22433,#5303);
#3224=LINE('',#22434,#5304);
#3225=LINE('',#22437,#5305);
#3226=LINE('',#22439,#5306);
#3227=LINE('',#22440,#5307);
#3228=LINE('',#22443,#5308);
#3229=LINE('',#22445,#5309);
#3230=LINE('',#22446,#5310);
#3231=LINE('',#22449,#5311);
#3232=LINE('',#22451,#5312);
#3233=LINE('',#22452,#5313);
#3234=LINE('',#22455,#5314);
#3235=LINE('',#22457,#5315);
#3236=LINE('',#22458,#5316);
#3237=LINE('',#22461,#5317);
#3238=LINE('',#22463,#5318);
#3239=LINE('',#22464,#5319);
#3240=LINE('',#22467,#5320);
#3241=LINE('',#22469,#5321);
#3242=LINE('',#22470,#5322);
#3243=LINE('',#22473,#5323);
#3244=LINE('',#22475,#5324);
#3245=LINE('',#22476,#5325);
#3246=LINE('',#22479,#5326);
#3247=LINE('',#22481,#5327);
#3248=LINE('',#22482,#5328);
#3249=LINE('',#22485,#5329);
#3250=LINE('',#22487,#5330);
#3251=LINE('',#22488,#5331);
#3252=LINE('',#22491,#5332);
#3253=LINE('',#22493,#5333);
#3254=LINE('',#22494,#5334);
#3255=LINE('',#22497,#5335);
#3256=LINE('',#22499,#5336);
#3257=LINE('',#22500,#5337);
#3258=LINE('',#22503,#5338);
#3259=LINE('',#22505,#5339);
#3260=LINE('',#22506,#5340);
#3261=LINE('',#22508,#5341);
#3262=LINE('',#22509,#5342);
#3263=LINE('',#22513,#5343);
#3264=LINE('',#22515,#5344);
#3265=LINE('',#22517,#5345);
#3266=LINE('',#22518,#5346);
#3267=LINE('',#22521,#5347);
#3268=LINE('',#22523,#5348);
#3269=LINE('',#22524,#5349);
#3270=LINE('',#22527,#5350);
#3271=LINE('',#22529,#5351);
#3272=LINE('',#22530,#5352);
#3273=LINE('',#22533,#5353);
#3274=LINE('',#22535,#5354);
#3275=LINE('',#22536,#5355);
#3276=LINE('',#22539,#5356);
#3277=LINE('',#22541,#5357);
#3278=LINE('',#22542,#5358);
#3279=LINE('',#22545,#5359);
#3280=LINE('',#22547,#5360);
#3281=LINE('',#22548,#5361);
#3282=LINE('',#22551,#5362);
#3283=LINE('',#22553,#5363);
#3284=LINE('',#22554,#5364);
#3285=LINE('',#22557,#5365);
#3286=LINE('',#22559,#5366);
#3287=LINE('',#22560,#5367);
#3288=LINE('',#22563,#5368);
#3289=LINE('',#22565,#5369);
#3290=LINE('',#22566,#5370);
#3291=LINE('',#22569,#5371);
#3292=LINE('',#22571,#5372);
#3293=LINE('',#22572,#5373);
#3294=LINE('',#22575,#5374);
#3295=LINE('',#22577,#5375);
#3296=LINE('',#22578,#5376);
#3297=LINE('',#22581,#5377);
#3298=LINE('',#22583,#5378);
#3299=LINE('',#22584,#5379);
#3300=LINE('',#22587,#5380);
#3301=LINE('',#22589,#5381);
#3302=LINE('',#22590,#5382);
#3303=LINE('',#22593,#5383);
#3304=LINE('',#22595,#5384);
#3305=LINE('',#22596,#5385);
#3306=LINE('',#22599,#5386);
#3307=LINE('',#22601,#5387);
#3308=LINE('',#22602,#5388);
#3309=LINE('',#22605,#5389);
#3310=LINE('',#22607,#5390);
#3311=LINE('',#22608,#5391);
#3312=LINE('',#22611,#5392);
#3313=LINE('',#22613,#5393);
#3314=LINE('',#22614,#5394);
#3315=LINE('',#22617,#5395);
#3316=LINE('',#22619,#5396);
#3317=LINE('',#22620,#5397);
#3318=LINE('',#22623,#5398);
#3319=LINE('',#22625,#5399);
#3320=LINE('',#22626,#5400);
#3321=LINE('',#22628,#5401);
#3322=LINE('',#22629,#5402);
#3323=LINE('',#22633,#5403);
#3324=LINE('',#22635,#5404);
#3325=LINE('',#22637,#5405);
#3326=LINE('',#22638,#5406);
#3327=LINE('',#22641,#5407);
#3328=LINE('',#22643,#5408);
#3329=LINE('',#22644,#5409);
#3330=LINE('',#22647,#5410);
#3331=LINE('',#22649,#5411);
#3332=LINE('',#22650,#5412);
#3333=LINE('',#22653,#5413);
#3334=LINE('',#22655,#5414);
#3335=LINE('',#22656,#5415);
#3336=LINE('',#22659,#5416);
#3337=LINE('',#22661,#5417);
#3338=LINE('',#22662,#5418);
#3339=LINE('',#22665,#5419);
#3340=LINE('',#22667,#5420);
#3341=LINE('',#22668,#5421);
#3342=LINE('',#22671,#5422);
#3343=LINE('',#22673,#5423);
#3344=LINE('',#22674,#5424);
#3345=LINE('',#22677,#5425);
#3346=LINE('',#22679,#5426);
#3347=LINE('',#22680,#5427);
#3348=LINE('',#22683,#5428);
#3349=LINE('',#22685,#5429);
#3350=LINE('',#22686,#5430);
#3351=LINE('',#22689,#5431);
#3352=LINE('',#22691,#5432);
#3353=LINE('',#22692,#5433);
#3354=LINE('',#22695,#5434);
#3355=LINE('',#22697,#5435);
#3356=LINE('',#22698,#5436);
#3357=LINE('',#22701,#5437);
#3358=LINE('',#22703,#5438);
#3359=LINE('',#22704,#5439);
#3360=LINE('',#22707,#5440);
#3361=LINE('',#22709,#5441);
#3362=LINE('',#22710,#5442);
#3363=LINE('',#22713,#5443);
#3364=LINE('',#22715,#5444);
#3365=LINE('',#22716,#5445);
#3366=LINE('',#22719,#5446);
#3367=LINE('',#22721,#5447);
#3368=LINE('',#22722,#5448);
#3369=LINE('',#22725,#5449);
#3370=LINE('',#22727,#5450);
#3371=LINE('',#22728,#5451);
#3372=LINE('',#22731,#5452);
#3373=LINE('',#22733,#5453);
#3374=LINE('',#22734,#5454);
#3375=LINE('',#22737,#5455);
#3376=LINE('',#22739,#5456);
#3377=LINE('',#22740,#5457);
#3378=LINE('',#22743,#5458);
#3379=LINE('',#22745,#5459);
#3380=LINE('',#22746,#5460);
#3381=LINE('',#22748,#5461);
#3382=LINE('',#22749,#5462);
#3383=LINE('',#22753,#5463);
#3384=LINE('',#22755,#5464);
#3385=LINE('',#22757,#5465);
#3386=LINE('',#22758,#5466);
#3387=LINE('',#22761,#5467);
#3388=LINE('',#22763,#5468);
#3389=LINE('',#22764,#5469);
#3390=LINE('',#22767,#5470);
#3391=LINE('',#22769,#5471);
#3392=LINE('',#22770,#5472);
#3393=LINE('',#22773,#5473);
#3394=LINE('',#22775,#5474);
#3395=LINE('',#22776,#5475);
#3396=LINE('',#22779,#5476);
#3397=LINE('',#22781,#5477);
#3398=LINE('',#22782,#5478);
#3399=LINE('',#22785,#5479);
#3400=LINE('',#22787,#5480);
#3401=LINE('',#22788,#5481);
#3402=LINE('',#22791,#5482);
#3403=LINE('',#22793,#5483);
#3404=LINE('',#22794,#5484);
#3405=LINE('',#22797,#5485);
#3406=LINE('',#22799,#5486);
#3407=LINE('',#22800,#5487);
#3408=LINE('',#22803,#5488);
#3409=LINE('',#22805,#5489);
#3410=LINE('',#22806,#5490);
#3411=LINE('',#22809,#5491);
#3412=LINE('',#22811,#5492);
#3413=LINE('',#22812,#5493);
#3414=LINE('',#22815,#5494);
#3415=LINE('',#22817,#5495);
#3416=LINE('',#22818,#5496);
#3417=LINE('',#22821,#5497);
#3418=LINE('',#22823,#5498);
#3419=LINE('',#22824,#5499);
#3420=LINE('',#22827,#5500);
#3421=LINE('',#22829,#5501);
#3422=LINE('',#22830,#5502);
#3423=LINE('',#22833,#5503);
#3424=LINE('',#22835,#5504);
#3425=LINE('',#22836,#5505);
#3426=LINE('',#22839,#5506);
#3427=LINE('',#22841,#5507);
#3428=LINE('',#22842,#5508);
#3429=LINE('',#22845,#5509);
#3430=LINE('',#22847,#5510);
#3431=LINE('',#22848,#5511);
#3432=LINE('',#22851,#5512);
#3433=LINE('',#22853,#5513);
#3434=LINE('',#22854,#5514);
#3435=LINE('',#22857,#5515);
#3436=LINE('',#22859,#5516);
#3437=LINE('',#22860,#5517);
#3438=LINE('',#22863,#5518);
#3439=LINE('',#22865,#5519);
#3440=LINE('',#22866,#5520);
#3441=LINE('',#22869,#5521);
#3442=LINE('',#22871,#5522);
#3443=LINE('',#22872,#5523);
#3444=LINE('',#22875,#5524);
#3445=LINE('',#22877,#5525);
#3446=LINE('',#22878,#5526);
#3447=LINE('',#22881,#5527);
#3448=LINE('',#22883,#5528);
#3449=LINE('',#22884,#5529);
#3450=LINE('',#22887,#5530);
#3451=LINE('',#22889,#5531);
#3452=LINE('',#22890,#5532);
#3453=LINE('',#22893,#5533);
#3454=LINE('',#22895,#5534);
#3455=LINE('',#22896,#5535);
#3456=LINE('',#22899,#5536);
#3457=LINE('',#22901,#5537);
#3458=LINE('',#22902,#5538);
#3459=LINE('',#22905,#5539);
#3460=LINE('',#22907,#5540);
#3461=LINE('',#22908,#5541);
#3462=LINE('',#22911,#5542);
#3463=LINE('',#22913,#5543);
#3464=LINE('',#22914,#5544);
#3465=LINE('',#22917,#5545);
#3466=LINE('',#22919,#5546);
#3467=LINE('',#22920,#5547);
#3468=LINE('',#22923,#5548);
#3469=LINE('',#22925,#5549);
#3470=LINE('',#22926,#5550);
#3471=LINE('',#22929,#5551);
#3472=LINE('',#22931,#5552);
#3473=LINE('',#22932,#5553);
#3474=LINE('',#22935,#5554);
#3475=LINE('',#22937,#5555);
#3476=LINE('',#22938,#5556);
#3477=LINE('',#22941,#5557);
#3478=LINE('',#22943,#5558);
#3479=LINE('',#22944,#5559);
#3480=LINE('',#22947,#5560);
#3481=LINE('',#22949,#5561);
#3482=LINE('',#22950,#5562);
#3483=LINE('',#22953,#5563);
#3484=LINE('',#22955,#5564);
#3485=LINE('',#22956,#5565);
#3486=LINE('',#22959,#5566);
#3487=LINE('',#22961,#5567);
#3488=LINE('',#22962,#5568);
#3489=LINE('',#22965,#5569);
#3490=LINE('',#22967,#5570);
#3491=LINE('',#22968,#5571);
#3492=LINE('',#22971,#5572);
#3493=LINE('',#22973,#5573);
#3494=LINE('',#22974,#5574);
#3495=LINE('',#22977,#5575);
#3496=LINE('',#22979,#5576);
#3497=LINE('',#22980,#5577);
#3498=LINE('',#22983,#5578);
#3499=LINE('',#22985,#5579);
#3500=LINE('',#22986,#5580);
#3501=LINE('',#22989,#5581);
#3502=LINE('',#22991,#5582);
#3503=LINE('',#22992,#5583);
#3504=LINE('',#22995,#5584);
#3505=LINE('',#22997,#5585);
#3506=LINE('',#22998,#5586);
#3507=LINE('',#23001,#5587);
#3508=LINE('',#23003,#5588);
#3509=LINE('',#23004,#5589);
#3510=LINE('',#23007,#5590);
#3511=LINE('',#23009,#5591);
#3512=LINE('',#23010,#5592);
#3513=LINE('',#23013,#5593);
#3514=LINE('',#23015,#5594);
#3515=LINE('',#23016,#5595);
#3516=LINE('',#23019,#5596);
#3517=LINE('',#23021,#5597);
#3518=LINE('',#23022,#5598);
#3519=LINE('',#23025,#5599);
#3520=LINE('',#23027,#5600);
#3521=LINE('',#23028,#5601);
#3522=LINE('',#23031,#5602);
#3523=LINE('',#23033,#5603);
#3524=LINE('',#23034,#5604);
#3525=LINE('',#23037,#5605);
#3526=LINE('',#23039,#5606);
#3527=LINE('',#23040,#5607);
#3528=LINE('',#23043,#5608);
#3529=LINE('',#23045,#5609);
#3530=LINE('',#23046,#5610);
#3531=LINE('',#23049,#5611);
#3532=LINE('',#23051,#5612);
#3533=LINE('',#23052,#5613);
#3534=LINE('',#23055,#5614);
#3535=LINE('',#23057,#5615);
#3536=LINE('',#23058,#5616);
#3537=LINE('',#23061,#5617);
#3538=LINE('',#23063,#5618);
#3539=LINE('',#23064,#5619);
#3540=LINE('',#23067,#5620);
#3541=LINE('',#23069,#5621);
#3542=LINE('',#23070,#5622);
#3543=LINE('',#23073,#5623);
#3544=LINE('',#23075,#5624);
#3545=LINE('',#23076,#5625);
#3546=LINE('',#23079,#5626);
#3547=LINE('',#23081,#5627);
#3548=LINE('',#23082,#5628);
#3549=LINE('',#23085,#5629);
#3550=LINE('',#23087,#5630);
#3551=LINE('',#23088,#5631);
#3552=LINE('',#23091,#5632);
#3553=LINE('',#23093,#5633);
#3554=LINE('',#23094,#5634);
#3555=LINE('',#23097,#5635);
#3556=LINE('',#23099,#5636);
#3557=LINE('',#23100,#5637);
#3558=LINE('',#23103,#5638);
#3559=LINE('',#23105,#5639);
#3560=LINE('',#23106,#5640);
#3561=LINE('',#23109,#5641);
#3562=LINE('',#23111,#5642);
#3563=LINE('',#23112,#5643);
#3564=LINE('',#23115,#5644);
#3565=LINE('',#23117,#5645);
#3566=LINE('',#23118,#5646);
#3567=LINE('',#23121,#5647);
#3568=LINE('',#23123,#5648);
#3569=LINE('',#23124,#5649);
#3570=LINE('',#23127,#5650);
#3571=LINE('',#23129,#5651);
#3572=LINE('',#23130,#5652);
#3573=LINE('',#23133,#5653);
#3574=LINE('',#23135,#5654);
#3575=LINE('',#23136,#5655);
#3576=LINE('',#23139,#5656);
#3577=LINE('',#23141,#5657);
#3578=LINE('',#23142,#5658);
#3579=LINE('',#23145,#5659);
#3580=LINE('',#23147,#5660);
#3581=LINE('',#23148,#5661);
#3582=LINE('',#23151,#5662);
#3583=LINE('',#23153,#5663);
#3584=LINE('',#23154,#5664);
#3585=LINE('',#23157,#5665);
#3586=LINE('',#23159,#5666);
#3587=LINE('',#23160,#5667);
#3588=LINE('',#23163,#5668);
#3589=LINE('',#23165,#5669);
#3590=LINE('',#23166,#5670);
#3591=LINE('',#23169,#5671);
#3592=LINE('',#23171,#5672);
#3593=LINE('',#23172,#5673);
#3594=LINE('',#23175,#5674);
#3595=LINE('',#23177,#5675);
#3596=LINE('',#23178,#5676);
#3597=LINE('',#23181,#5677);
#3598=LINE('',#23183,#5678);
#3599=LINE('',#23184,#5679);
#3600=LINE('',#23187,#5680);
#3601=LINE('',#23189,#5681);
#3602=LINE('',#23190,#5682);
#3603=LINE('',#23193,#5683);
#3604=LINE('',#23195,#5684);
#3605=LINE('',#23196,#5685);
#3606=LINE('',#23199,#5686);
#3607=LINE('',#23201,#5687);
#3608=LINE('',#23202,#5688);
#3609=LINE('',#23205,#5689);
#3610=LINE('',#23207,#5690);
#3611=LINE('',#23208,#5691);
#3612=LINE('',#23211,#5692);
#3613=LINE('',#23213,#5693);
#3614=LINE('',#23214,#5694);
#3615=LINE('',#23217,#5695);
#3616=LINE('',#23219,#5696);
#3617=LINE('',#23220,#5697);
#3618=LINE('',#23223,#5698);
#3619=LINE('',#23225,#5699);
#3620=LINE('',#23226,#5700);
#3621=LINE('',#23229,#5701);
#3622=LINE('',#23231,#5702);
#3623=LINE('',#23232,#5703);
#3624=LINE('',#23235,#5704);
#3625=LINE('',#23237,#5705);
#3626=LINE('',#23238,#5706);
#3627=LINE('',#23241,#5707);
#3628=LINE('',#23243,#5708);
#3629=LINE('',#23244,#5709);
#3630=LINE('',#23247,#5710);
#3631=LINE('',#23249,#5711);
#3632=LINE('',#23250,#5712);
#3633=LINE('',#23252,#5713);
#3634=LINE('',#23253,#5714);
#3635=VECTOR('',#15551,10.);
#3636=VECTOR('',#15552,10.);
#3637=VECTOR('',#15553,10.);
#3638=VECTOR('',#15554,10.);
#3639=VECTOR('',#15557,10.);
#3640=VECTOR('',#15558,10.);
#3641=VECTOR('',#15559,10.);
#3642=VECTOR('',#15562,10.);
#3643=VECTOR('',#15563,10.);
#3644=VECTOR('',#15564,10.);
#3645=VECTOR('',#15567,10.);
#3646=VECTOR('',#15568,10.);
#3647=VECTOR('',#15569,10.);
#3648=VECTOR('',#15572,10.);
#3649=VECTOR('',#15573,10.);
#3650=VECTOR('',#15574,10.);
#3651=VECTOR('',#15577,10.);
#3652=VECTOR('',#15578,10.);
#3653=VECTOR('',#15579,10.);
#3654=VECTOR('',#15582,10.);
#3655=VECTOR('',#15583,10.);
#3656=VECTOR('',#15584,10.);
#3657=VECTOR('',#15587,10.);
#3658=VECTOR('',#15588,10.);
#3659=VECTOR('',#15589,10.);
#3660=VECTOR('',#15592,10.);
#3661=VECTOR('',#15593,10.);
#3662=VECTOR('',#15594,10.);
#3663=VECTOR('',#15597,10.);
#3664=VECTOR('',#15598,10.);
#3665=VECTOR('',#15599,10.);
#3666=VECTOR('',#15602,10.);
#3667=VECTOR('',#15603,10.);
#3668=VECTOR('',#15604,10.);
#3669=VECTOR('',#15607,10.);
#3670=VECTOR('',#15608,10.);
#3671=VECTOR('',#15609,10.);
#3672=VECTOR('',#15612,10.);
#3673=VECTOR('',#15613,10.);
#3674=VECTOR('',#15614,10.);
#3675=VECTOR('',#15617,10.);
#3676=VECTOR('',#15618,10.);
#3677=VECTOR('',#15619,10.);
#3678=VECTOR('',#15622,10.);
#3679=VECTOR('',#15623,10.);
#3680=VECTOR('',#15624,10.);
#3681=VECTOR('',#15627,10.);
#3682=VECTOR('',#15628,10.);
#3683=VECTOR('',#15629,10.);
#3684=VECTOR('',#15632,10.);
#3685=VECTOR('',#15633,10.);
#3686=VECTOR('',#15634,10.);
#3687=VECTOR('',#15637,10.);
#3688=VECTOR('',#15638,10.);
#3689=VECTOR('',#15639,10.);
#3690=VECTOR('',#15642,10.);
#3691=VECTOR('',#15643,10.);
#3692=VECTOR('',#15644,10.);
#3693=VECTOR('',#15647,10.);
#3694=VECTOR('',#15648,10.);
#3695=VECTOR('',#15651,10.);
#3696=VECTOR('',#15652,10.);
#3697=VECTOR('',#15653,10.);
#3698=VECTOR('',#15654,10.);
#3699=VECTOR('',#15657,10.);
#3700=VECTOR('',#15658,10.);
#3701=VECTOR('',#15659,10.);
#3702=VECTOR('',#15662,10.);
#3703=VECTOR('',#15663,10.);
#3704=VECTOR('',#15664,10.);
#3705=VECTOR('',#15667,10.);
#3706=VECTOR('',#15668,10.);
#3707=VECTOR('',#15669,10.);
#3708=VECTOR('',#15672,10.);
#3709=VECTOR('',#15673,10.);
#3710=VECTOR('',#15674,10.);
#3711=VECTOR('',#15677,10.);
#3712=VECTOR('',#15678,10.);
#3713=VECTOR('',#15679,10.);
#3714=VECTOR('',#15682,10.);
#3715=VECTOR('',#15683,10.);
#3716=VECTOR('',#15684,10.);
#3717=VECTOR('',#15687,10.);
#3718=VECTOR('',#15688,10.);
#3719=VECTOR('',#15689,10.);
#3720=VECTOR('',#15692,10.);
#3721=VECTOR('',#15693,10.);
#3722=VECTOR('',#15694,10.);
#3723=VECTOR('',#15697,10.);
#3724=VECTOR('',#15698,10.);
#3725=VECTOR('',#15699,10.);
#3726=VECTOR('',#15702,10.);
#3727=VECTOR('',#15703,10.);
#3728=VECTOR('',#15704,10.);
#3729=VECTOR('',#15707,10.);
#3730=VECTOR('',#15708,10.);
#3731=VECTOR('',#15709,10.);
#3732=VECTOR('',#15712,10.);
#3733=VECTOR('',#15713,10.);
#3734=VECTOR('',#15714,10.);
#3735=VECTOR('',#15717,10.);
#3736=VECTOR('',#15718,10.);
#3737=VECTOR('',#15719,10.);
#3738=VECTOR('',#15722,10.);
#3739=VECTOR('',#15723,10.);
#3740=VECTOR('',#15724,10.);
#3741=VECTOR('',#15727,10.);
#3742=VECTOR('',#15728,10.);
#3743=VECTOR('',#15729,10.);
#3744=VECTOR('',#15732,10.);
#3745=VECTOR('',#15733,10.);
#3746=VECTOR('',#15734,10.);
#3747=VECTOR('',#15737,10.);
#3748=VECTOR('',#15738,10.);
#3749=VECTOR('',#15739,10.);
#3750=VECTOR('',#15742,10.);
#3751=VECTOR('',#15743,10.);
#3752=VECTOR('',#15744,10.);
#3753=VECTOR('',#15747,10.);
#3754=VECTOR('',#15748,10.);
#3755=VECTOR('',#15751,10.);
#3756=VECTOR('',#15752,10.);
#3757=VECTOR('',#15753,10.);
#3758=VECTOR('',#15754,10.);
#3759=VECTOR('',#15757,10.);
#3760=VECTOR('',#15758,10.);
#3761=VECTOR('',#15759,10.);
#3762=VECTOR('',#15762,10.);
#3763=VECTOR('',#15763,10.);
#3764=VECTOR('',#15764,10.);
#3765=VECTOR('',#15767,10.);
#3766=VECTOR('',#15768,10.);
#3767=VECTOR('',#15769,10.);
#3768=VECTOR('',#15772,10.);
#3769=VECTOR('',#15773,10.);
#3770=VECTOR('',#15774,10.);
#3771=VECTOR('',#15777,10.);
#3772=VECTOR('',#15778,10.);
#3773=VECTOR('',#15779,10.);
#3774=VECTOR('',#15782,10.);
#3775=VECTOR('',#15783,10.);
#3776=VECTOR('',#15784,10.);
#3777=VECTOR('',#15787,10.);
#3778=VECTOR('',#15788,10.);
#3779=VECTOR('',#15789,10.);
#3780=VECTOR('',#15792,10.);
#3781=VECTOR('',#15793,10.);
#3782=VECTOR('',#15794,10.);
#3783=VECTOR('',#15797,10.);
#3784=VECTOR('',#15798,10.);
#3785=VECTOR('',#15799,10.);
#3786=VECTOR('',#15802,10.);
#3787=VECTOR('',#15803,10.);
#3788=VECTOR('',#15804,10.);
#3789=VECTOR('',#15807,10.);
#3790=VECTOR('',#15808,10.);
#3791=VECTOR('',#15809,10.);
#3792=VECTOR('',#15812,10.);
#3793=VECTOR('',#15813,10.);
#3794=VECTOR('',#15814,10.);
#3795=VECTOR('',#15817,10.);
#3796=VECTOR('',#15818,10.);
#3797=VECTOR('',#15819,10.);
#3798=VECTOR('',#15822,10.);
#3799=VECTOR('',#15823,10.);
#3800=VECTOR('',#15824,10.);
#3801=VECTOR('',#15827,10.);
#3802=VECTOR('',#15828,10.);
#3803=VECTOR('',#15829,10.);
#3804=VECTOR('',#15832,10.);
#3805=VECTOR('',#15833,10.);
#3806=VECTOR('',#15834,10.);
#3807=VECTOR('',#15837,10.);
#3808=VECTOR('',#15838,10.);
#3809=VECTOR('',#15839,10.);
#3810=VECTOR('',#15842,10.);
#3811=VECTOR('',#15843,10.);
#3812=VECTOR('',#15844,10.);
#3813=VECTOR('',#15847,10.);
#3814=VECTOR('',#15848,10.);
#3815=VECTOR('',#15851,10.);
#3816=VECTOR('',#15852,10.);
#3817=VECTOR('',#15853,10.);
#3818=VECTOR('',#15854,10.);
#3819=VECTOR('',#15857,10.);
#3820=VECTOR('',#15858,10.);
#3821=VECTOR('',#15859,10.);
#3822=VECTOR('',#15862,10.);
#3823=VECTOR('',#15863,10.);
#3824=VECTOR('',#15864,10.);
#3825=VECTOR('',#15867,10.);
#3826=VECTOR('',#15868,10.);
#3827=VECTOR('',#15869,10.);
#3828=VECTOR('',#15872,10.);
#3829=VECTOR('',#15873,10.);
#3830=VECTOR('',#15874,10.);
#3831=VECTOR('',#15877,10.);
#3832=VECTOR('',#15878,10.);
#3833=VECTOR('',#15879,10.);
#3834=VECTOR('',#15882,10.);
#3835=VECTOR('',#15883,10.);
#3836=VECTOR('',#15884,10.);
#3837=VECTOR('',#15887,10.);
#3838=VECTOR('',#15888,10.);
#3839=VECTOR('',#15889,10.);
#3840=VECTOR('',#15892,10.);
#3841=VECTOR('',#15893,10.);
#3842=VECTOR('',#15894,10.);
#3843=VECTOR('',#15897,10.);
#3844=VECTOR('',#15898,10.);
#3845=VECTOR('',#15899,10.);
#3846=VECTOR('',#15902,10.);
#3847=VECTOR('',#15903,10.);
#3848=VECTOR('',#15904,10.);
#3849=VECTOR('',#15907,10.);
#3850=VECTOR('',#15908,10.);
#3851=VECTOR('',#15909,10.);
#3852=VECTOR('',#15912,10.);
#3853=VECTOR('',#15913,10.);
#3854=VECTOR('',#15914,10.);
#3855=VECTOR('',#15917,10.);
#3856=VECTOR('',#15918,10.);
#3857=VECTOR('',#15919,10.);
#3858=VECTOR('',#15922,10.);
#3859=VECTOR('',#15923,10.);
#3860=VECTOR('',#15924,10.);
#3861=VECTOR('',#15927,10.);
#3862=VECTOR('',#15928,10.);
#3863=VECTOR('',#15929,10.);
#3864=VECTOR('',#15932,10.);
#3865=VECTOR('',#15933,10.);
#3866=VECTOR('',#15934,10.);
#3867=VECTOR('',#15937,10.);
#3868=VECTOR('',#15938,10.);
#3869=VECTOR('',#15939,10.);
#3870=VECTOR('',#15942,10.);
#3871=VECTOR('',#15943,10.);
#3872=VECTOR('',#15944,10.);
#3873=VECTOR('',#15947,10.);
#3874=VECTOR('',#15948,10.);
#3875=VECTOR('',#15951,10.);
#3876=VECTOR('',#15952,10.);
#3877=VECTOR('',#15953,10.);
#3878=VECTOR('',#15954,10.);
#3879=VECTOR('',#15957,10.);
#3880=VECTOR('',#15958,10.);
#3881=VECTOR('',#15959,10.);
#3882=VECTOR('',#15962,10.);
#3883=VECTOR('',#15963,10.);
#3884=VECTOR('',#15964,10.);
#3885=VECTOR('',#15967,10.);
#3886=VECTOR('',#15968,10.);
#3887=VECTOR('',#15969,10.);
#3888=VECTOR('',#15972,10.);
#3889=VECTOR('',#15973,10.);
#3890=VECTOR('',#15974,10.);
#3891=VECTOR('',#15977,10.);
#3892=VECTOR('',#15978,10.);
#3893=VECTOR('',#15979,10.);
#3894=VECTOR('',#15982,10.);
#3895=VECTOR('',#15983,10.);
#3896=VECTOR('',#15984,10.);
#3897=VECTOR('',#15987,10.);
#3898=VECTOR('',#15988,10.);
#3899=VECTOR('',#15989,10.);
#3900=VECTOR('',#15992,10.);
#3901=VECTOR('',#15993,10.);
#3902=VECTOR('',#15994,10.);
#3903=VECTOR('',#15997,10.);
#3904=VECTOR('',#15998,10.);
#3905=VECTOR('',#15999,10.);
#3906=VECTOR('',#16002,10.);
#3907=VECTOR('',#16003,10.);
#3908=VECTOR('',#16004,10.);
#3909=VECTOR('',#16007,10.);
#3910=VECTOR('',#16008,10.);
#3911=VECTOR('',#16009,10.);
#3912=VECTOR('',#16012,10.);
#3913=VECTOR('',#16013,10.);
#3914=VECTOR('',#16014,10.);
#3915=VECTOR('',#16017,10.);
#3916=VECTOR('',#16018,10.);
#3917=VECTOR('',#16019,10.);
#3918=VECTOR('',#16022,10.);
#3919=VECTOR('',#16023,10.);
#3920=VECTOR('',#16024,10.);
#3921=VECTOR('',#16027,10.);
#3922=VECTOR('',#16028,10.);
#3923=VECTOR('',#16029,10.);
#3924=VECTOR('',#16032,10.);
#3925=VECTOR('',#16033,10.);
#3926=VECTOR('',#16034,10.);
#3927=VECTOR('',#16037,10.);
#3928=VECTOR('',#16038,10.);
#3929=VECTOR('',#16039,10.);
#3930=VECTOR('',#16042,10.);
#3931=VECTOR('',#16043,10.);
#3932=VECTOR('',#16044,10.);
#3933=VECTOR('',#16047,10.);
#3934=VECTOR('',#16048,10.);
#3935=VECTOR('',#16049,10.);
#3936=VECTOR('',#16052,10.);
#3937=VECTOR('',#16053,10.);
#3938=VECTOR('',#16054,10.);
#3939=VECTOR('',#16057,10.);
#3940=VECTOR('',#16058,10.);
#3941=VECTOR('',#16059,10.);
#3942=VECTOR('',#16062,10.);
#3943=VECTOR('',#16063,10.);
#3944=VECTOR('',#16064,10.);
#3945=VECTOR('',#16067,10.);
#3946=VECTOR('',#16068,10.);
#3947=VECTOR('',#16069,10.);
#3948=VECTOR('',#16072,10.);
#3949=VECTOR('',#16073,10.);
#3950=VECTOR('',#16074,10.);
#3951=VECTOR('',#16077,10.);
#3952=VECTOR('',#16078,10.);
#3953=VECTOR('',#16079,10.);
#3954=VECTOR('',#16082,10.);
#3955=VECTOR('',#16083,10.);
#3956=VECTOR('',#16084,10.);
#3957=VECTOR('',#16087,10.);
#3958=VECTOR('',#16088,10.);
#3959=VECTOR('',#16089,10.);
#3960=VECTOR('',#16092,10.);
#3961=VECTOR('',#16093,10.);
#3962=VECTOR('',#16094,10.);
#3963=VECTOR('',#16097,10.);
#3964=VECTOR('',#16098,10.);
#3965=VECTOR('',#16099,10.);
#3966=VECTOR('',#16102,10.);
#3967=VECTOR('',#16103,10.);
#3968=VECTOR('',#16104,10.);
#3969=VECTOR('',#16107,10.);
#3970=VECTOR('',#16108,10.);
#3971=VECTOR('',#16109,10.);
#3972=VECTOR('',#16112,10.);
#3973=VECTOR('',#16113,10.);
#3974=VECTOR('',#16114,10.);
#3975=VECTOR('',#16117,10.);
#3976=VECTOR('',#16118,10.);
#3977=VECTOR('',#16119,10.);
#3978=VECTOR('',#16122,10.);
#3979=VECTOR('',#16123,10.);
#3980=VECTOR('',#16124,10.);
#3981=VECTOR('',#16127,10.);
#3982=VECTOR('',#16128,10.);
#3983=VECTOR('',#16129,10.);
#3984=VECTOR('',#16132,10.);
#3985=VECTOR('',#16133,10.);
#3986=VECTOR('',#16134,10.);
#3987=VECTOR('',#16137,10.);
#3988=VECTOR('',#16138,10.);
#3989=VECTOR('',#16139,10.);
#3990=VECTOR('',#16142,10.);
#3991=VECTOR('',#16143,10.);
#3992=VECTOR('',#16144,10.);
#3993=VECTOR('',#16147,10.);
#3994=VECTOR('',#16148,10.);
#3995=VECTOR('',#16149,10.);
#3996=VECTOR('',#16152,10.);
#3997=VECTOR('',#16153,10.);
#3998=VECTOR('',#16154,10.);
#3999=VECTOR('',#16157,10.);
#4000=VECTOR('',#16158,10.);
#4001=VECTOR('',#16159,10.);
#4002=VECTOR('',#16162,10.);
#4003=VECTOR('',#16163,10.);
#4004=VECTOR('',#16164,10.);
#4005=VECTOR('',#16167,10.);
#4006=VECTOR('',#16168,10.);
#4007=VECTOR('',#16169,10.);
#4008=VECTOR('',#16172,10.);
#4009=VECTOR('',#16173,10.);
#4010=VECTOR('',#16174,10.);
#4011=VECTOR('',#16177,10.);
#4012=VECTOR('',#16178,10.);
#4013=VECTOR('',#16179,10.);
#4014=VECTOR('',#16182,10.);
#4015=VECTOR('',#16183,10.);
#4016=VECTOR('',#16184,10.);
#4017=VECTOR('',#16187,10.);
#4018=VECTOR('',#16188,10.);
#4019=VECTOR('',#16189,10.);
#4020=VECTOR('',#16192,10.);
#4021=VECTOR('',#16193,10.);
#4022=VECTOR('',#16194,10.);
#4023=VECTOR('',#16197,10.);
#4024=VECTOR('',#16198,10.);
#4025=VECTOR('',#16199,10.);
#4026=VECTOR('',#16202,10.);
#4027=VECTOR('',#16203,10.);
#4028=VECTOR('',#16204,10.);
#4029=VECTOR('',#16207,10.);
#4030=VECTOR('',#16208,10.);
#4031=VECTOR('',#16209,10.);
#4032=VECTOR('',#16212,10.);
#4033=VECTOR('',#16213,10.);
#4034=VECTOR('',#16214,10.);
#4035=VECTOR('',#16217,10.);
#4036=VECTOR('',#16218,10.);
#4037=VECTOR('',#16219,10.);
#4038=VECTOR('',#16222,10.);
#4039=VECTOR('',#16223,10.);
#4040=VECTOR('',#16224,10.);
#4041=VECTOR('',#16227,10.);
#4042=VECTOR('',#16228,10.);
#4043=VECTOR('',#16229,10.);
#4044=VECTOR('',#16232,10.);
#4045=VECTOR('',#16233,10.);
#4046=VECTOR('',#16234,10.);
#4047=VECTOR('',#16237,10.);
#4048=VECTOR('',#16238,10.);
#4049=VECTOR('',#16239,10.);
#4050=VECTOR('',#16242,10.);
#4051=VECTOR('',#16243,10.);
#4052=VECTOR('',#16244,10.);
#4053=VECTOR('',#16247,10.);
#4054=VECTOR('',#16248,10.);
#4055=VECTOR('',#16249,10.);
#4056=VECTOR('',#16252,10.);
#4057=VECTOR('',#16253,10.);
#4058=VECTOR('',#16254,10.);
#4059=VECTOR('',#16257,10.);
#4060=VECTOR('',#16258,10.);
#4061=VECTOR('',#16259,10.);
#4062=VECTOR('',#16262,10.);
#4063=VECTOR('',#16263,10.);
#4064=VECTOR('',#16264,10.);
#4065=VECTOR('',#16267,10.);
#4066=VECTOR('',#16268,10.);
#4067=VECTOR('',#16269,10.);
#4068=VECTOR('',#16272,10.);
#4069=VECTOR('',#16273,10.);
#4070=VECTOR('',#16274,10.);
#4071=VECTOR('',#16277,10.);
#4072=VECTOR('',#16278,10.);
#4073=VECTOR('',#16279,10.);
#4074=VECTOR('',#16282,10.);
#4075=VECTOR('',#16283,10.);
#4076=VECTOR('',#16284,10.);
#4077=VECTOR('',#16287,10.);
#4078=VECTOR('',#16288,10.);
#4079=VECTOR('',#16289,10.);
#4080=VECTOR('',#16292,10.);
#4081=VECTOR('',#16293,10.);
#4082=VECTOR('',#16294,10.);
#4083=VECTOR('',#16297,10.);
#4084=VECTOR('',#16298,10.);
#4085=VECTOR('',#16299,10.);
#4086=VECTOR('',#16302,10.);
#4087=VECTOR('',#16303,10.);
#4088=VECTOR('',#16304,10.);
#4089=VECTOR('',#16307,10.);
#4090=VECTOR('',#16308,10.);
#4091=VECTOR('',#16309,10.);
#4092=VECTOR('',#16312,10.);
#4093=VECTOR('',#16313,10.);
#4094=VECTOR('',#16314,10.);
#4095=VECTOR('',#16317,10.);
#4096=VECTOR('',#16318,10.);
#4097=VECTOR('',#16319,10.);
#4098=VECTOR('',#16322,10.);
#4099=VECTOR('',#16323,10.);
#4100=VECTOR('',#16324,10.);
#4101=VECTOR('',#16327,10.);
#4102=VECTOR('',#16328,10.);
#4103=VECTOR('',#16329,10.);
#4104=VECTOR('',#16332,10.);
#4105=VECTOR('',#16333,10.);
#4106=VECTOR('',#16334,10.);
#4107=VECTOR('',#16337,10.);
#4108=VECTOR('',#16338,10.);
#4109=VECTOR('',#16339,10.);
#4110=VECTOR('',#16342,10.);
#4111=VECTOR('',#16343,10.);
#4112=VECTOR('',#16344,10.);
#4113=VECTOR('',#16347,10.);
#4114=VECTOR('',#16348,10.);
#4115=VECTOR('',#16349,10.);
#4116=VECTOR('',#16352,10.);
#4117=VECTOR('',#16353,10.);
#4118=VECTOR('',#16354,10.);
#4119=VECTOR('',#16357,10.);
#4120=VECTOR('',#16358,10.);
#4121=VECTOR('',#16359,10.);
#4122=VECTOR('',#16362,10.);
#4123=VECTOR('',#16363,10.);
#4124=VECTOR('',#16364,10.);
#4125=VECTOR('',#16367,10.);
#4126=VECTOR('',#16368,10.);
#4127=VECTOR('',#16379,10.);
#4128=VECTOR('',#16382,10.);
#4129=VECTOR('',#16385,10.);
#4130=VECTOR('',#16388,10.);
#4131=VECTOR('',#16391,10.);
#4132=VECTOR('',#16394,10.);
#4133=VECTOR('',#16397,10.);
#4134=VECTOR('',#16398,10.);
#4135=VECTOR('',#16403,10.);
#4136=VECTOR('',#16408,10.);
#4137=VECTOR('',#16409,10.);
#4138=VECTOR('',#16412,10.);
#4139=VECTOR('',#16413,10.);
#4140=VECTOR('',#16418,10.);
#4141=VECTOR('',#16421,10.);
#4142=VECTOR('',#16424,10.);
#4143=VECTOR('',#16431,10.);
#4144=VECTOR('',#16432,10.);
#4145=VECTOR('',#16433,10.);
#4146=VECTOR('',#16434,10.);
#4147=VECTOR('',#16437,10.);
#4148=VECTOR('',#16438,10.);
#4149=VECTOR('',#16439,10.);
#4150=VECTOR('',#16442,10.);
#4151=VECTOR('',#16443,10.);
#4152=VECTOR('',#16444,10.);
#4153=VECTOR('',#16447,10.);
#4154=VECTOR('',#16448,10.);
#4155=VECTOR('',#16449,10.);
#4156=VECTOR('',#16452,10.);
#4157=VECTOR('',#16453,10.);
#4158=VECTOR('',#16454,10.);
#4159=VECTOR('',#16457,10.);
#4160=VECTOR('',#16458,10.);
#4161=VECTOR('',#16459,10.);
#4162=VECTOR('',#16462,10.);
#4163=VECTOR('',#16463,10.);
#4164=VECTOR('',#16464,10.);
#4165=VECTOR('',#16467,10.);
#4166=VECTOR('',#16468,10.);
#4167=VECTOR('',#16469,10.);
#4168=VECTOR('',#16472,10.);
#4169=VECTOR('',#16473,10.);
#4170=VECTOR('',#16474,10.);
#4171=VECTOR('',#16477,10.);
#4172=VECTOR('',#16478,10.);
#4173=VECTOR('',#16479,10.);
#4174=VECTOR('',#16482,10.);
#4175=VECTOR('',#16483,10.);
#4176=VECTOR('',#16484,10.);
#4177=VECTOR('',#16487,10.);
#4178=VECTOR('',#16488,10.);
#4179=VECTOR('',#16489,10.);
#4180=VECTOR('',#16492,10.);
#4181=VECTOR('',#16493,10.);
#4182=VECTOR('',#16494,10.);
#4183=VECTOR('',#16497,10.);
#4184=VECTOR('',#16498,10.);
#4185=VECTOR('',#16499,10.);
#4186=VECTOR('',#16502,10.);
#4187=VECTOR('',#16503,10.);
#4188=VECTOR('',#16504,10.);
#4189=VECTOR('',#16507,10.);
#4190=VECTOR('',#16508,10.);
#4191=VECTOR('',#16509,10.);
#4192=VECTOR('',#16512,10.);
#4193=VECTOR('',#16513,10.);
#4194=VECTOR('',#16514,10.);
#4195=VECTOR('',#16517,10.);
#4196=VECTOR('',#16518,10.);
#4197=VECTOR('',#16519,10.);
#4198=VECTOR('',#16522,10.);
#4199=VECTOR('',#16523,10.);
#4200=VECTOR('',#16524,10.);
#4201=VECTOR('',#16527,10.);
#4202=VECTOR('',#16528,10.);
#4203=VECTOR('',#16531,10.);
#4204=VECTOR('',#16532,10.);
#4205=VECTOR('',#16533,10.);
#4206=VECTOR('',#16534,10.);
#4207=VECTOR('',#16537,10.);
#4208=VECTOR('',#16538,10.);
#4209=VECTOR('',#16539,10.);
#4210=VECTOR('',#16542,10.);
#4211=VECTOR('',#16543,10.);
#4212=VECTOR('',#16544,10.);
#4213=VECTOR('',#16547,10.);
#4214=VECTOR('',#16548,10.);
#4215=VECTOR('',#16549,10.);
#4216=VECTOR('',#16552,10.);
#4217=VECTOR('',#16553,10.);
#4218=VECTOR('',#16554,10.);
#4219=VECTOR('',#16557,10.);
#4220=VECTOR('',#16558,10.);
#4221=VECTOR('',#16559,10.);
#4222=VECTOR('',#16562,10.);
#4223=VECTOR('',#16563,10.);
#4224=VECTOR('',#16564,10.);
#4225=VECTOR('',#16567,10.);
#4226=VECTOR('',#16568,10.);
#4227=VECTOR('',#16569,10.);
#4228=VECTOR('',#16572,10.);
#4229=VECTOR('',#16573,10.);
#4230=VECTOR('',#16574,10.);
#4231=VECTOR('',#16577,10.);
#4232=VECTOR('',#16578,10.);
#4233=VECTOR('',#16579,10.);
#4234=VECTOR('',#16582,10.);
#4235=VECTOR('',#16583,10.);
#4236=VECTOR('',#16584,10.);
#4237=VECTOR('',#16587,10.);
#4238=VECTOR('',#16588,10.);
#4239=VECTOR('',#16589,10.);
#4240=VECTOR('',#16592,10.);
#4241=VECTOR('',#16593,10.);
#4242=VECTOR('',#16594,10.);
#4243=VECTOR('',#16597,10.);
#4244=VECTOR('',#16598,10.);
#4245=VECTOR('',#16599,10.);
#4246=VECTOR('',#16602,10.);
#4247=VECTOR('',#16603,10.);
#4248=VECTOR('',#16604,10.);
#4249=VECTOR('',#16607,10.);
#4250=VECTOR('',#16608,10.);
#4251=VECTOR('',#16609,10.);
#4252=VECTOR('',#16612,10.);
#4253=VECTOR('',#16613,10.);
#4254=VECTOR('',#16614,10.);
#4255=VECTOR('',#16617,10.);
#4256=VECTOR('',#16618,10.);
#4257=VECTOR('',#16619,10.);
#4258=VECTOR('',#16622,10.);
#4259=VECTOR('',#16623,10.);
#4260=VECTOR('',#16624,10.);
#4261=VECTOR('',#16627,10.);
#4262=VECTOR('',#16628,10.);
#4263=VECTOR('',#16631,10.);
#4264=VECTOR('',#16632,10.);
#4265=VECTOR('',#16633,10.);
#4266=VECTOR('',#16634,10.);
#4267=VECTOR('',#16637,10.);
#4268=VECTOR('',#16638,10.);
#4269=VECTOR('',#16639,10.);
#4270=VECTOR('',#16642,10.);
#4271=VECTOR('',#16643,10.);
#4272=VECTOR('',#16644,10.);
#4273=VECTOR('',#16647,10.);
#4274=VECTOR('',#16648,10.);
#4275=VECTOR('',#16649,10.);
#4276=VECTOR('',#16652,10.);
#4277=VECTOR('',#16653,10.);
#4278=VECTOR('',#16654,10.);
#4279=VECTOR('',#16657,10.);
#4280=VECTOR('',#16658,10.);
#4281=VECTOR('',#16659,10.);
#4282=VECTOR('',#16662,10.);
#4283=VECTOR('',#16663,10.);
#4284=VECTOR('',#16664,10.);
#4285=VECTOR('',#16667,10.);
#4286=VECTOR('',#16668,10.);
#4287=VECTOR('',#16669,10.);
#4288=VECTOR('',#16672,10.);
#4289=VECTOR('',#16673,10.);
#4290=VECTOR('',#16674,10.);
#4291=VECTOR('',#16677,10.);
#4292=VECTOR('',#16678,10.);
#4293=VECTOR('',#16679,10.);
#4294=VECTOR('',#16682,10.);
#4295=VECTOR('',#16683,10.);
#4296=VECTOR('',#16684,10.);
#4297=VECTOR('',#16687,10.);
#4298=VECTOR('',#16688,10.);
#4299=VECTOR('',#16689,10.);
#4300=VECTOR('',#16692,10.);
#4301=VECTOR('',#16693,10.);
#4302=VECTOR('',#16694,10.);
#4303=VECTOR('',#16697,10.);
#4304=VECTOR('',#16698,10.);
#4305=VECTOR('',#16699,10.);
#4306=VECTOR('',#16702,10.);
#4307=VECTOR('',#16703,10.);
#4308=VECTOR('',#16704,10.);
#4309=VECTOR('',#16707,10.);
#4310=VECTOR('',#16708,10.);
#4311=VECTOR('',#16709,10.);
#4312=VECTOR('',#16712,10.);
#4313=VECTOR('',#16713,10.);
#4314=VECTOR('',#16714,10.);
#4315=VECTOR('',#16717,10.);
#4316=VECTOR('',#16718,10.);
#4317=VECTOR('',#16719,10.);
#4318=VECTOR('',#16722,10.);
#4319=VECTOR('',#16723,10.);
#4320=VECTOR('',#16724,10.);
#4321=VECTOR('',#16727,10.);
#4322=VECTOR('',#16728,10.);
#4323=VECTOR('',#16731,10.);
#4324=VECTOR('',#16732,10.);
#4325=VECTOR('',#16733,10.);
#4326=VECTOR('',#16734,10.);
#4327=VECTOR('',#16737,10.);
#4328=VECTOR('',#16738,10.);
#4329=VECTOR('',#16739,10.);
#4330=VECTOR('',#16742,10.);
#4331=VECTOR('',#16743,10.);
#4332=VECTOR('',#16744,10.);
#4333=VECTOR('',#16747,10.);
#4334=VECTOR('',#16748,10.);
#4335=VECTOR('',#16749,10.);
#4336=VECTOR('',#16752,10.);
#4337=VECTOR('',#16753,10.);
#4338=VECTOR('',#16754,10.);
#4339=VECTOR('',#16757,10.);
#4340=VECTOR('',#16758,10.);
#4341=VECTOR('',#16759,10.);
#4342=VECTOR('',#16762,10.);
#4343=VECTOR('',#16763,10.);
#4344=VECTOR('',#16764,10.);
#4345=VECTOR('',#16767,10.);
#4346=VECTOR('',#16768,10.);
#4347=VECTOR('',#16769,10.);
#4348=VECTOR('',#16772,10.);
#4349=VECTOR('',#16773,10.);
#4350=VECTOR('',#16774,10.);
#4351=VECTOR('',#16777,10.);
#4352=VECTOR('',#16778,10.);
#4353=VECTOR('',#16779,10.);
#4354=VECTOR('',#16782,10.);
#4355=VECTOR('',#16783,10.);
#4356=VECTOR('',#16784,10.);
#4357=VECTOR('',#16787,10.);
#4358=VECTOR('',#16788,10.);
#4359=VECTOR('',#16789,10.);
#4360=VECTOR('',#16792,10.);
#4361=VECTOR('',#16793,10.);
#4362=VECTOR('',#16794,10.);
#4363=VECTOR('',#16797,10.);
#4364=VECTOR('',#16798,10.);
#4365=VECTOR('',#16799,10.);
#4366=VECTOR('',#16802,10.);
#4367=VECTOR('',#16803,10.);
#4368=VECTOR('',#16804,10.);
#4369=VECTOR('',#16807,10.);
#4370=VECTOR('',#16808,10.);
#4371=VECTOR('',#16809,10.);
#4372=VECTOR('',#16812,10.);
#4373=VECTOR('',#16813,10.);
#4374=VECTOR('',#16814,10.);
#4375=VECTOR('',#16817,10.);
#4376=VECTOR('',#16818,10.);
#4377=VECTOR('',#16819,10.);
#4378=VECTOR('',#16822,10.);
#4379=VECTOR('',#16823,10.);
#4380=VECTOR('',#16824,10.);
#4381=VECTOR('',#16827,10.);
#4382=VECTOR('',#16828,10.);
#4383=VECTOR('',#16831,10.);
#4384=VECTOR('',#16832,10.);
#4385=VECTOR('',#16833,10.);
#4386=VECTOR('',#16834,10.);
#4387=VECTOR('',#16837,10.);
#4388=VECTOR('',#16838,10.);
#4389=VECTOR('',#16839,10.);
#4390=VECTOR('',#16842,10.);
#4391=VECTOR('',#16843,10.);
#4392=VECTOR('',#16844,10.);
#4393=VECTOR('',#16847,10.);
#4394=VECTOR('',#16848,10.);
#4395=VECTOR('',#16849,10.);
#4396=VECTOR('',#16852,10.);
#4397=VECTOR('',#16853,10.);
#4398=VECTOR('',#16854,10.);
#4399=VECTOR('',#16857,10.);
#4400=VECTOR('',#16858,10.);
#4401=VECTOR('',#16859,10.);
#4402=VECTOR('',#16862,10.);
#4403=VECTOR('',#16863,10.);
#4404=VECTOR('',#16864,10.);
#4405=VECTOR('',#16867,10.);
#4406=VECTOR('',#16868,10.);
#4407=VECTOR('',#16869,10.);
#4408=VECTOR('',#16872,10.);
#4409=VECTOR('',#16873,10.);
#4410=VECTOR('',#16874,10.);
#4411=VECTOR('',#16877,10.);
#4412=VECTOR('',#16878,10.);
#4413=VECTOR('',#16879,10.);
#4414=VECTOR('',#16882,10.);
#4415=VECTOR('',#16883,10.);
#4416=VECTOR('',#16884,10.);
#4417=VECTOR('',#16887,10.);
#4418=VECTOR('',#16888,10.);
#4419=VECTOR('',#16889,10.);
#4420=VECTOR('',#16892,10.);
#4421=VECTOR('',#16893,10.);
#4422=VECTOR('',#16894,10.);
#4423=VECTOR('',#16897,10.);
#4424=VECTOR('',#16898,10.);
#4425=VECTOR('',#16899,10.);
#4426=VECTOR('',#16902,10.);
#4427=VECTOR('',#16903,10.);
#4428=VECTOR('',#16904,10.);
#4429=VECTOR('',#16907,10.);
#4430=VECTOR('',#16908,10.);
#4431=VECTOR('',#16909,10.);
#4432=VECTOR('',#16912,10.);
#4433=VECTOR('',#16913,10.);
#4434=VECTOR('',#16914,10.);
#4435=VECTOR('',#16917,10.);
#4436=VECTOR('',#16918,10.);
#4437=VECTOR('',#16919,10.);
#4438=VECTOR('',#16922,10.);
#4439=VECTOR('',#16923,10.);
#4440=VECTOR('',#16924,10.);
#4441=VECTOR('',#16927,10.);
#4442=VECTOR('',#16928,10.);
#4443=VECTOR('',#16929,10.);
#4444=VECTOR('',#16932,10.);
#4445=VECTOR('',#16933,10.);
#4446=VECTOR('',#16934,10.);
#4447=VECTOR('',#16937,10.);
#4448=VECTOR('',#16938,10.);
#4449=VECTOR('',#16939,10.);
#4450=VECTOR('',#16942,10.);
#4451=VECTOR('',#16943,10.);
#4452=VECTOR('',#16944,10.);
#4453=VECTOR('',#16947,10.);
#4454=VECTOR('',#16948,10.);
#4455=VECTOR('',#16949,10.);
#4456=VECTOR('',#16952,10.);
#4457=VECTOR('',#16953,10.);
#4458=VECTOR('',#16954,10.);
#4459=VECTOR('',#16957,10.);
#4460=VECTOR('',#16958,10.);
#4461=VECTOR('',#16959,10.);
#4462=VECTOR('',#16962,10.);
#4463=VECTOR('',#16963,10.);
#4464=VECTOR('',#16964,10.);
#4465=VECTOR('',#16967,10.);
#4466=VECTOR('',#16968,10.);
#4467=VECTOR('',#16969,10.);
#4468=VECTOR('',#16972,10.);
#4469=VECTOR('',#16973,10.);
#4470=VECTOR('',#16974,10.);
#4471=VECTOR('',#16977,10.);
#4472=VECTOR('',#16978,10.);
#4473=VECTOR('',#16979,10.);
#4474=VECTOR('',#16982,10.);
#4475=VECTOR('',#16983,10.);
#4476=VECTOR('',#16984,10.);
#4477=VECTOR('',#16987,10.);
#4478=VECTOR('',#16988,10.);
#4479=VECTOR('',#16989,10.);
#4480=VECTOR('',#16992,10.);
#4481=VECTOR('',#16993,10.);
#4482=VECTOR('',#16994,10.);
#4483=VECTOR('',#16997,10.);
#4484=VECTOR('',#16998,10.);
#4485=VECTOR('',#16999,10.);
#4486=VECTOR('',#17002,10.);
#4487=VECTOR('',#17003,10.);
#4488=VECTOR('',#17004,10.);
#4489=VECTOR('',#17007,10.);
#4490=VECTOR('',#17008,10.);
#4491=VECTOR('',#17009,10.);
#4492=VECTOR('',#17012,10.);
#4493=VECTOR('',#17013,10.);
#4494=VECTOR('',#17014,10.);
#4495=VECTOR('',#17017,10.);
#4496=VECTOR('',#17018,10.);
#4497=VECTOR('',#17019,10.);
#4498=VECTOR('',#17022,10.);
#4499=VECTOR('',#17023,10.);
#4500=VECTOR('',#17024,10.);
#4501=VECTOR('',#17027,10.);
#4502=VECTOR('',#17028,10.);
#4503=VECTOR('',#17029,10.);
#4504=VECTOR('',#17032,10.);
#4505=VECTOR('',#17033,10.);
#4506=VECTOR('',#17034,10.);
#4507=VECTOR('',#17037,10.);
#4508=VECTOR('',#17038,10.);
#4509=VECTOR('',#17039,10.);
#4510=VECTOR('',#17042,10.);
#4511=VECTOR('',#17043,10.);
#4512=VECTOR('',#17044,10.);
#4513=VECTOR('',#17047,10.);
#4514=VECTOR('',#17048,10.);
#4515=VECTOR('',#17049,10.);
#4516=VECTOR('',#17052,10.);
#4517=VECTOR('',#17053,10.);
#4518=VECTOR('',#17054,10.);
#4519=VECTOR('',#17057,10.);
#4520=VECTOR('',#17058,10.);
#4521=VECTOR('',#17059,10.);
#4522=VECTOR('',#17062,10.);
#4523=VECTOR('',#17063,10.);
#4524=VECTOR('',#17064,10.);
#4525=VECTOR('',#17067,10.);
#4526=VECTOR('',#17068,10.);
#4527=VECTOR('',#17069,10.);
#4528=VECTOR('',#17072,10.);
#4529=VECTOR('',#17073,10.);
#4530=VECTOR('',#17074,10.);
#4531=VECTOR('',#17077,10.);
#4532=VECTOR('',#17078,10.);
#4533=VECTOR('',#17079,10.);
#4534=VECTOR('',#17082,10.);
#4535=VECTOR('',#17083,10.);
#4536=VECTOR('',#17084,10.);
#4537=VECTOR('',#17087,10.);
#4538=VECTOR('',#17088,10.);
#4539=VECTOR('',#17089,10.);
#4540=VECTOR('',#17092,10.);
#4541=VECTOR('',#17093,10.);
#4542=VECTOR('',#17094,10.);
#4543=VECTOR('',#17097,10.);
#4544=VECTOR('',#17098,10.);
#4545=VECTOR('',#17099,10.);
#4546=VECTOR('',#17102,10.);
#4547=VECTOR('',#17103,10.);
#4548=VECTOR('',#17104,10.);
#4549=VECTOR('',#17107,10.);
#4550=VECTOR('',#17108,10.);
#4551=VECTOR('',#17109,10.);
#4552=VECTOR('',#17112,10.);
#4553=VECTOR('',#17113,10.);
#4554=VECTOR('',#17114,10.);
#4555=VECTOR('',#17117,10.);
#4556=VECTOR('',#17118,10.);
#4557=VECTOR('',#17119,10.);
#4558=VECTOR('',#17122,10.);
#4559=VECTOR('',#17123,10.);
#4560=VECTOR('',#17124,10.);
#4561=VECTOR('',#17127,10.);
#4562=VECTOR('',#17128,10.);
#4563=VECTOR('',#17129,10.);
#4564=VECTOR('',#17132,10.);
#4565=VECTOR('',#17133,10.);
#4566=VECTOR('',#17134,10.);
#4567=VECTOR('',#17137,10.);
#4568=VECTOR('',#17138,10.);
#4569=VECTOR('',#17139,10.);
#4570=VECTOR('',#17142,10.);
#4571=VECTOR('',#17143,10.);
#4572=VECTOR('',#17144,10.);
#4573=VECTOR('',#17147,10.);
#4574=VECTOR('',#17148,10.);
#4575=VECTOR('',#17149,10.);
#4576=VECTOR('',#17152,10.);
#4577=VECTOR('',#17153,10.);
#4578=VECTOR('',#17154,10.);
#4579=VECTOR('',#17157,10.);
#4580=VECTOR('',#17158,10.);
#4581=VECTOR('',#17159,10.);
#4582=VECTOR('',#17162,10.);
#4583=VECTOR('',#17163,10.);
#4584=VECTOR('',#17164,10.);
#4585=VECTOR('',#17167,10.);
#4586=VECTOR('',#17168,10.);
#4587=VECTOR('',#17169,10.);
#4588=VECTOR('',#17172,10.);
#4589=VECTOR('',#17173,10.);
#4590=VECTOR('',#17174,10.);
#4591=VECTOR('',#17177,10.);
#4592=VECTOR('',#17178,10.);
#4593=VECTOR('',#17179,10.);
#4594=VECTOR('',#17182,10.);
#4595=VECTOR('',#17183,10.);
#4596=VECTOR('',#17184,10.);
#4597=VECTOR('',#17187,10.);
#4598=VECTOR('',#17188,10.);
#4599=VECTOR('',#17189,10.);
#4600=VECTOR('',#17192,10.);
#4601=VECTOR('',#17193,10.);
#4602=VECTOR('',#17194,10.);
#4603=VECTOR('',#17197,10.);
#4604=VECTOR('',#17198,10.);
#4605=VECTOR('',#17199,10.);
#4606=VECTOR('',#17202,10.);
#4607=VECTOR('',#17203,10.);
#4608=VECTOR('',#17204,10.);
#4609=VECTOR('',#17207,10.);
#4610=VECTOR('',#17208,10.);
#4611=VECTOR('',#17209,10.);
#4612=VECTOR('',#17212,10.);
#4613=VECTOR('',#17213,10.);
#4614=VECTOR('',#17214,10.);
#4615=VECTOR('',#17217,10.);
#4616=VECTOR('',#17218,10.);
#4617=VECTOR('',#17219,10.);
#4618=VECTOR('',#17222,10.);
#4619=VECTOR('',#17223,10.);
#4620=VECTOR('',#17224,10.);
#4621=VECTOR('',#17227,10.);
#4622=VECTOR('',#17228,10.);
#4623=VECTOR('',#17229,10.);
#4624=VECTOR('',#17232,10.);
#4625=VECTOR('',#17233,10.);
#4626=VECTOR('',#17234,10.);
#4627=VECTOR('',#17237,10.);
#4628=VECTOR('',#17238,10.);
#4629=VECTOR('',#17239,10.);
#4630=VECTOR('',#17242,10.);
#4631=VECTOR('',#17243,10.);
#4632=VECTOR('',#17244,10.);
#4633=VECTOR('',#17247,10.);
#4634=VECTOR('',#17248,10.);
#4635=VECTOR('',#17249,10.);
#4636=VECTOR('',#17252,10.);
#4637=VECTOR('',#17253,10.);
#4638=VECTOR('',#17254,10.);
#4639=VECTOR('',#17257,10.);
#4640=VECTOR('',#17258,10.);
#4641=VECTOR('',#17259,10.);
#4642=VECTOR('',#17262,10.);
#4643=VECTOR('',#17263,10.);
#4644=VECTOR('',#17264,10.);
#4645=VECTOR('',#17267,10.);
#4646=VECTOR('',#17268,10.);
#4647=VECTOR('',#17269,10.);
#4648=VECTOR('',#17272,10.);
#4649=VECTOR('',#17273,10.);
#4650=VECTOR('',#17274,10.);
#4651=VECTOR('',#17277,10.);
#4652=VECTOR('',#17278,10.);
#4653=VECTOR('',#17279,10.);
#4654=VECTOR('',#17282,10.);
#4655=VECTOR('',#17283,10.);
#4656=VECTOR('',#17284,10.);
#4657=VECTOR('',#17287,10.);
#4658=VECTOR('',#17288,10.);
#4659=VECTOR('',#17297,10.);
#4660=VECTOR('',#17298,10.);
#4661=VECTOR('',#17299,10.);
#4662=VECTOR('',#17300,10.);
#4663=VECTOR('',#17303,10.);
#4664=VECTOR('',#17304,10.);
#4665=VECTOR('',#17305,10.);
#4666=VECTOR('',#17308,10.);
#4667=VECTOR('',#17309,10.);
#4668=VECTOR('',#17310,10.);
#4669=VECTOR('',#17313,10.);
#4670=VECTOR('',#17314,10.);
#4671=VECTOR('',#17317,10.);
#4672=VECTOR('',#17318,10.);
#4673=VECTOR('',#17319,10.);
#4674=VECTOR('',#17320,10.);
#4675=VECTOR('',#17323,10.);
#4676=VECTOR('',#17324,10.);
#4677=VECTOR('',#17325,10.);
#4678=VECTOR('',#17328,10.);
#4679=VECTOR('',#17329,10.);
#4680=VECTOR('',#17330,10.);
#4681=VECTOR('',#17333,10.);
#4682=VECTOR('',#17334,10.);
#4683=VECTOR('',#17337,10.);
#4684=VECTOR('',#17338,10.);
#4685=VECTOR('',#17339,10.);
#4686=VECTOR('',#17340,10.);
#4687=VECTOR('',#17343,10.);
#4688=VECTOR('',#17344,10.);
#4689=VECTOR('',#17345,10.);
#4690=VECTOR('',#17348,10.);
#4691=VECTOR('',#17349,10.);
#4692=VECTOR('',#17350,10.);
#4693=VECTOR('',#17353,10.);
#4694=VECTOR('',#17354,10.);
#4695=VECTOR('',#17355,10.);
#4696=VECTOR('',#17358,10.);
#4697=VECTOR('',#17359,10.);
#4698=VECTOR('',#17360,10.);
#4699=VECTOR('',#17363,10.);
#4700=VECTOR('',#17364,10.);
#4701=VECTOR('',#17365,10.);
#4702=VECTOR('',#17368,10.);
#4703=VECTOR('',#17369,10.);
#4704=VECTOR('',#17370,10.);
#4705=VECTOR('',#17373,10.);
#4706=VECTOR('',#17374,10.);
#4707=VECTOR('',#17375,10.);
#4708=VECTOR('',#17378,10.);
#4709=VECTOR('',#17379,10.);
#4710=VECTOR('',#17380,10.);
#4711=VECTOR('',#17383,10.);
#4712=VECTOR('',#17384,10.);
#4713=VECTOR('',#17385,10.);
#4714=VECTOR('',#17388,10.);
#4715=VECTOR('',#17389,10.);
#4716=VECTOR('',#17390,10.);
#4717=VECTOR('',#17393,10.);
#4718=VECTOR('',#17394,10.);
#4719=VECTOR('',#17395,10.);
#4720=VECTOR('',#17398,10.);
#4721=VECTOR('',#17399,10.);
#4722=VECTOR('',#17400,10.);
#4723=VECTOR('',#17403,10.);
#4724=VECTOR('',#17404,10.);
#4725=VECTOR('',#17405,10.);
#4726=VECTOR('',#17408,10.);
#4727=VECTOR('',#17409,10.);
#4728=VECTOR('',#17410,10.);
#4729=VECTOR('',#17413,10.);
#4730=VECTOR('',#17414,10.);
#4731=VECTOR('',#17415,10.);
#4732=VECTOR('',#17418,10.);
#4733=VECTOR('',#17419,10.);
#4734=VECTOR('',#17420,10.);
#4735=VECTOR('',#17423,10.);
#4736=VECTOR('',#17424,10.);
#4737=VECTOR('',#17425,10.);
#4738=VECTOR('',#17428,10.);
#4739=VECTOR('',#17429,10.);
#4740=VECTOR('',#17430,10.);
#4741=VECTOR('',#17433,10.);
#4742=VECTOR('',#17434,10.);
#4743=VECTOR('',#17437,10.);
#4744=VECTOR('',#17438,10.);
#4745=VECTOR('',#17439,10.);
#4746=VECTOR('',#17440,10.);
#4747=VECTOR('',#17443,10.);
#4748=VECTOR('',#17444,10.);
#4749=VECTOR('',#17445,10.);
#4750=VECTOR('',#17448,10.);
#4751=VECTOR('',#17449,10.);
#4752=VECTOR('',#17450,10.);
#4753=VECTOR('',#17453,10.);
#4754=VECTOR('',#17454,10.);
#4755=VECTOR('',#17455,10.);
#4756=VECTOR('',#17458,10.);
#4757=VECTOR('',#17459,10.);
#4758=VECTOR('',#17460,10.);
#4759=VECTOR('',#17463,10.);
#4760=VECTOR('',#17464,10.);
#4761=VECTOR('',#17465,10.);
#4762=VECTOR('',#17468,10.);
#4763=VECTOR('',#17469,10.);
#4764=VECTOR('',#17470,10.);
#4765=VECTOR('',#17473,10.);
#4766=VECTOR('',#17474,10.);
#4767=VECTOR('',#17475,10.);
#4768=VECTOR('',#17478,10.);
#4769=VECTOR('',#17479,10.);
#4770=VECTOR('',#17480,10.);
#4771=VECTOR('',#17483,10.);
#4772=VECTOR('',#17484,10.);
#4773=VECTOR('',#17485,10.);
#4774=VECTOR('',#17488,10.);
#4775=VECTOR('',#17489,10.);
#4776=VECTOR('',#17490,10.);
#4777=VECTOR('',#17493,10.);
#4778=VECTOR('',#17494,10.);
#4779=VECTOR('',#17495,10.);
#4780=VECTOR('',#17498,10.);
#4781=VECTOR('',#17499,10.);
#4782=VECTOR('',#17500,10.);
#4783=VECTOR('',#17503,10.);
#4784=VECTOR('',#17504,10.);
#4785=VECTOR('',#17505,10.);
#4786=VECTOR('',#17508,10.);
#4787=VECTOR('',#17509,10.);
#4788=VECTOR('',#17510,10.);
#4789=VECTOR('',#17513,10.);
#4790=VECTOR('',#17514,10.);
#4791=VECTOR('',#17515,10.);
#4792=VECTOR('',#17518,10.);
#4793=VECTOR('',#17519,10.);
#4794=VECTOR('',#17520,10.);
#4795=VECTOR('',#17523,10.);
#4796=VECTOR('',#17524,10.);
#4797=VECTOR('',#17525,10.);
#4798=VECTOR('',#17528,10.);
#4799=VECTOR('',#17529,10.);
#4800=VECTOR('',#17530,10.);
#4801=VECTOR('',#17533,10.);
#4802=VECTOR('',#17534,10.);
#4803=VECTOR('',#17537,10.);
#4804=VECTOR('',#17538,10.);
#4805=VECTOR('',#17539,10.);
#4806=VECTOR('',#17540,10.);
#4807=VECTOR('',#17543,10.);
#4808=VECTOR('',#17544,10.);
#4809=VECTOR('',#17545,10.);
#4810=VECTOR('',#17548,10.);
#4811=VECTOR('',#17549,10.);
#4812=VECTOR('',#17550,10.);
#4813=VECTOR('',#17553,10.);
#4814=VECTOR('',#17554,10.);
#4815=VECTOR('',#17555,10.);
#4816=VECTOR('',#17558,10.);
#4817=VECTOR('',#17559,10.);
#4818=VECTOR('',#17560,10.);
#4819=VECTOR('',#17563,10.);
#4820=VECTOR('',#17564,10.);
#4821=VECTOR('',#17565,10.);
#4822=VECTOR('',#17568,10.);
#4823=VECTOR('',#17569,10.);
#4824=VECTOR('',#17570,10.);
#4825=VECTOR('',#17573,10.);
#4826=VECTOR('',#17574,10.);
#4827=VECTOR('',#17575,10.);
#4828=VECTOR('',#17578,10.);
#4829=VECTOR('',#17579,10.);
#4830=VECTOR('',#17580,10.);
#4831=VECTOR('',#17583,10.);
#4832=VECTOR('',#17584,10.);
#4833=VECTOR('',#17585,10.);
#4834=VECTOR('',#17588,10.);
#4835=VECTOR('',#17589,10.);
#4836=VECTOR('',#17590,10.);
#4837=VECTOR('',#17593,10.);
#4838=VECTOR('',#17594,10.);
#4839=VECTOR('',#17595,10.);
#4840=VECTOR('',#17598,10.);
#4841=VECTOR('',#17599,10.);
#4842=VECTOR('',#17600,10.);
#4843=VECTOR('',#17603,10.);
#4844=VECTOR('',#17604,10.);
#4845=VECTOR('',#17605,10.);
#4846=VECTOR('',#17608,10.);
#4847=VECTOR('',#17609,10.);
#4848=VECTOR('',#17610,10.);
#4849=VECTOR('',#17613,10.);
#4850=VECTOR('',#17614,10.);
#4851=VECTOR('',#17615,10.);
#4852=VECTOR('',#17618,10.);
#4853=VECTOR('',#17619,10.);
#4854=VECTOR('',#17620,10.);
#4855=VECTOR('',#17623,10.);
#4856=VECTOR('',#17624,10.);
#4857=VECTOR('',#17625,10.);
#4858=VECTOR('',#17628,10.);
#4859=VECTOR('',#17629,10.);
#4860=VECTOR('',#17630,10.);
#4861=VECTOR('',#17633,10.);
#4862=VECTOR('',#17634,10.);
#4863=VECTOR('',#17637,10.);
#4864=VECTOR('',#17638,10.);
#4865=VECTOR('',#17639,10.);
#4866=VECTOR('',#17640,10.);
#4867=VECTOR('',#17643,10.);
#4868=VECTOR('',#17644,10.);
#4869=VECTOR('',#17645,10.);
#4870=VECTOR('',#17648,10.);
#4871=VECTOR('',#17649,10.);
#4872=VECTOR('',#17650,10.);
#4873=VECTOR('',#17653,10.);
#4874=VECTOR('',#17654,10.);
#4875=VECTOR('',#17655,10.);
#4876=VECTOR('',#17658,10.);
#4877=VECTOR('',#17659,10.);
#4878=VECTOR('',#17660,10.);
#4879=VECTOR('',#17663,10.);
#4880=VECTOR('',#17664,10.);
#4881=VECTOR('',#17665,10.);
#4882=VECTOR('',#17668,10.);
#4883=VECTOR('',#17669,10.);
#4884=VECTOR('',#17670,10.);
#4885=VECTOR('',#17673,10.);
#4886=VECTOR('',#17674,10.);
#4887=VECTOR('',#17675,10.);
#4888=VECTOR('',#17678,10.);
#4889=VECTOR('',#17679,10.);
#4890=VECTOR('',#17680,10.);
#4891=VECTOR('',#17683,10.);
#4892=VECTOR('',#17684,10.);
#4893=VECTOR('',#17685,10.);
#4894=VECTOR('',#17688,10.);
#4895=VECTOR('',#17689,10.);
#4896=VECTOR('',#17690,10.);
#4897=VECTOR('',#17693,10.);
#4898=VECTOR('',#17694,10.);
#4899=VECTOR('',#17695,10.);
#4900=VECTOR('',#17698,10.);
#4901=VECTOR('',#17699,10.);
#4902=VECTOR('',#17700,10.);
#4903=VECTOR('',#17703,10.);
#4904=VECTOR('',#17704,10.);
#4905=VECTOR('',#17705,10.);
#4906=VECTOR('',#17708,10.);
#4907=VECTOR('',#17709,10.);
#4908=VECTOR('',#17710,10.);
#4909=VECTOR('',#17713,10.);
#4910=VECTOR('',#17714,10.);
#4911=VECTOR('',#17715,10.);
#4912=VECTOR('',#17718,10.);
#4913=VECTOR('',#17719,10.);
#4914=VECTOR('',#17720,10.);
#4915=VECTOR('',#17723,10.);
#4916=VECTOR('',#17724,10.);
#4917=VECTOR('',#17725,10.);
#4918=VECTOR('',#17728,10.);
#4919=VECTOR('',#17729,10.);
#4920=VECTOR('',#17730,10.);
#4921=VECTOR('',#17733,10.);
#4922=VECTOR('',#17734,10.);
#4923=VECTOR('',#17737,10.);
#4924=VECTOR('',#17738,10.);
#4925=VECTOR('',#17739,10.);
#4926=VECTOR('',#17740,10.);
#4927=VECTOR('',#17743,10.);
#4928=VECTOR('',#17744,10.);
#4929=VECTOR('',#17745,10.);
#4930=VECTOR('',#17748,10.);
#4931=VECTOR('',#17749,10.);
#4932=VECTOR('',#17750,10.);
#4933=VECTOR('',#17753,10.);
#4934=VECTOR('',#17754,10.);
#4935=VECTOR('',#17755,10.);
#4936=VECTOR('',#17758,10.);
#4937=VECTOR('',#17759,10.);
#4938=VECTOR('',#17760,10.);
#4939=VECTOR('',#17763,10.);
#4940=VECTOR('',#17764,10.);
#4941=VECTOR('',#17765,10.);
#4942=VECTOR('',#17768,10.);
#4943=VECTOR('',#17769,10.);
#4944=VECTOR('',#17770,10.);
#4945=VECTOR('',#17773,10.);
#4946=VECTOR('',#17774,10.);
#4947=VECTOR('',#17775,10.);
#4948=VECTOR('',#17778,10.);
#4949=VECTOR('',#17779,10.);
#4950=VECTOR('',#17780,10.);
#4951=VECTOR('',#17783,10.);
#4952=VECTOR('',#17784,10.);
#4953=VECTOR('',#17785,10.);
#4954=VECTOR('',#17788,10.);
#4955=VECTOR('',#17789,10.);
#4956=VECTOR('',#17790,10.);
#4957=VECTOR('',#17793,10.);
#4958=VECTOR('',#17794,10.);
#4959=VECTOR('',#17795,10.);
#4960=VECTOR('',#17798,10.);
#4961=VECTOR('',#17799,10.);
#4962=VECTOR('',#17800,10.);
#4963=VECTOR('',#17803,10.);
#4964=VECTOR('',#17804,10.);
#4965=VECTOR('',#17805,10.);
#4966=VECTOR('',#17808,10.);
#4967=VECTOR('',#17809,10.);
#4968=VECTOR('',#17810,10.);
#4969=VECTOR('',#17813,10.);
#4970=VECTOR('',#17814,10.);
#4971=VECTOR('',#17815,10.);
#4972=VECTOR('',#17818,10.);
#4973=VECTOR('',#17819,10.);
#4974=VECTOR('',#17820,10.);
#4975=VECTOR('',#17823,10.);
#4976=VECTOR('',#17824,10.);
#4977=VECTOR('',#17825,10.);
#4978=VECTOR('',#17828,10.);
#4979=VECTOR('',#17829,10.);
#4980=VECTOR('',#17830,10.);
#4981=VECTOR('',#17833,10.);
#4982=VECTOR('',#17834,10.);
#4983=VECTOR('',#17837,10.);
#4984=VECTOR('',#17838,10.);
#4985=VECTOR('',#17839,10.);
#4986=VECTOR('',#17840,10.);
#4987=VECTOR('',#17843,10.);
#4988=VECTOR('',#17844,10.);
#4989=VECTOR('',#17845,10.);
#4990=VECTOR('',#17848,10.);
#4991=VECTOR('',#17849,10.);
#4992=VECTOR('',#17850,10.);
#4993=VECTOR('',#17853,10.);
#4994=VECTOR('',#17854,10.);
#4995=VECTOR('',#17855,10.);
#4996=VECTOR('',#17858,10.);
#4997=VECTOR('',#17859,10.);
#4998=VECTOR('',#17860,10.);
#4999=VECTOR('',#17863,10.);
#5000=VECTOR('',#17864,10.);
#5001=VECTOR('',#17865,10.);
#5002=VECTOR('',#17868,10.);
#5003=VECTOR('',#17869,10.);
#5004=VECTOR('',#17870,10.);
#5005=VECTOR('',#17873,10.);
#5006=VECTOR('',#17874,10.);
#5007=VECTOR('',#17875,10.);
#5008=VECTOR('',#17878,10.);
#5009=VECTOR('',#17879,10.);
#5010=VECTOR('',#17880,10.);
#5011=VECTOR('',#17883,10.);
#5012=VECTOR('',#17884,10.);
#5013=VECTOR('',#17885,10.);
#5014=VECTOR('',#17888,10.);
#5015=VECTOR('',#17889,10.);
#5016=VECTOR('',#17890,10.);
#5017=VECTOR('',#17893,10.);
#5018=VECTOR('',#17894,10.);
#5019=VECTOR('',#17895,10.);
#5020=VECTOR('',#17898,10.);
#5021=VECTOR('',#17899,10.);
#5022=VECTOR('',#17900,10.);
#5023=VECTOR('',#17903,10.);
#5024=VECTOR('',#17904,10.);
#5025=VECTOR('',#17905,10.);
#5026=VECTOR('',#17908,10.);
#5027=VECTOR('',#17909,10.);
#5028=VECTOR('',#17910,10.);
#5029=VECTOR('',#17913,10.);
#5030=VECTOR('',#17914,10.);
#5031=VECTOR('',#17915,10.);
#5032=VECTOR('',#17918,10.);
#5033=VECTOR('',#17919,10.);
#5034=VECTOR('',#17920,10.);
#5035=VECTOR('',#17923,10.);
#5036=VECTOR('',#17924,10.);
#5037=VECTOR('',#17925,10.);
#5038=VECTOR('',#17928,10.);
#5039=VECTOR('',#17929,10.);
#5040=VECTOR('',#17930,10.);
#5041=VECTOR('',#17933,10.);
#5042=VECTOR('',#17934,10.);
#5043=VECTOR('',#17937,10.);
#5044=VECTOR('',#17938,10.);
#5045=VECTOR('',#17939,10.);
#5046=VECTOR('',#17940,10.);
#5047=VECTOR('',#17943,10.);
#5048=VECTOR('',#17944,10.);
#5049=VECTOR('',#17945,10.);
#5050=VECTOR('',#17948,10.);
#5051=VECTOR('',#17949,10.);
#5052=VECTOR('',#17950,10.);
#5053=VECTOR('',#17953,10.);
#5054=VECTOR('',#17954,10.);
#5055=VECTOR('',#17955,10.);
#5056=VECTOR('',#17958,10.);
#5057=VECTOR('',#17959,10.);
#5058=VECTOR('',#17960,10.);
#5059=VECTOR('',#17963,10.);
#5060=VECTOR('',#17964,10.);
#5061=VECTOR('',#17965,10.);
#5062=VECTOR('',#17968,10.);
#5063=VECTOR('',#17969,10.);
#5064=VECTOR('',#17970,10.);
#5065=VECTOR('',#17973,10.);
#5066=VECTOR('',#17974,10.);
#5067=VECTOR('',#17975,10.);
#5068=VECTOR('',#17978,10.);
#5069=VECTOR('',#17979,10.);
#5070=VECTOR('',#17980,10.);
#5071=VECTOR('',#17983,10.);
#5072=VECTOR('',#17984,10.);
#5073=VECTOR('',#17985,10.);
#5074=VECTOR('',#17988,10.);
#5075=VECTOR('',#17989,10.);
#5076=VECTOR('',#17990,10.);
#5077=VECTOR('',#17993,10.);
#5078=VECTOR('',#17994,10.);
#5079=VECTOR('',#17995,10.);
#5080=VECTOR('',#17998,10.);
#5081=VECTOR('',#17999,10.);
#5082=VECTOR('',#18000,10.);
#5083=VECTOR('',#18003,10.);
#5084=VECTOR('',#18004,10.);
#5085=VECTOR('',#18005,10.);
#5086=VECTOR('',#18008,10.);
#5087=VECTOR('',#18009,10.);
#5088=VECTOR('',#18010,10.);
#5089=VECTOR('',#18013,10.);
#5090=VECTOR('',#18014,10.);
#5091=VECTOR('',#18015,10.);
#5092=VECTOR('',#18018,10.);
#5093=VECTOR('',#18019,10.);
#5094=VECTOR('',#18020,10.);
#5095=VECTOR('',#18023,10.);
#5096=VECTOR('',#18024,10.);
#5097=VECTOR('',#18025,10.);
#5098=VECTOR('',#18028,10.);
#5099=VECTOR('',#18029,10.);
#5100=VECTOR('',#18030,10.);
#5101=VECTOR('',#18033,10.);
#5102=VECTOR('',#18034,10.);
#5103=VECTOR('',#18037,10.);
#5104=VECTOR('',#18038,10.);
#5105=VECTOR('',#18039,10.);
#5106=VECTOR('',#18040,10.);
#5107=VECTOR('',#18043,10.);
#5108=VECTOR('',#18044,10.);
#5109=VECTOR('',#18045,10.);
#5110=VECTOR('',#18048,10.);
#5111=VECTOR('',#18049,10.);
#5112=VECTOR('',#18050,10.);
#5113=VECTOR('',#18053,10.);
#5114=VECTOR('',#18054,10.);
#5115=VECTOR('',#18055,10.);
#5116=VECTOR('',#18058,10.);
#5117=VECTOR('',#18059,10.);
#5118=VECTOR('',#18060,10.);
#5119=VECTOR('',#18063,10.);
#5120=VECTOR('',#18064,10.);
#5121=VECTOR('',#18065,10.);
#5122=VECTOR('',#18068,10.);
#5123=VECTOR('',#18069,10.);
#5124=VECTOR('',#18070,10.);
#5125=VECTOR('',#18073,10.);
#5126=VECTOR('',#18074,10.);
#5127=VECTOR('',#18075,10.);
#5128=VECTOR('',#18078,10.);
#5129=VECTOR('',#18079,10.);
#5130=VECTOR('',#18080,10.);
#5131=VECTOR('',#18083,10.);
#5132=VECTOR('',#18084,10.);
#5133=VECTOR('',#18085,10.);
#5134=VECTOR('',#18088,10.);
#5135=VECTOR('',#18089,10.);
#5136=VECTOR('',#18090,10.);
#5137=VECTOR('',#18093,10.);
#5138=VECTOR('',#18094,10.);
#5139=VECTOR('',#18095,10.);
#5140=VECTOR('',#18098,10.);
#5141=VECTOR('',#18099,10.);
#5142=VECTOR('',#18100,10.);
#5143=VECTOR('',#18103,10.);
#5144=VECTOR('',#18104,10.);
#5145=VECTOR('',#18105,10.);
#5146=VECTOR('',#18108,10.);
#5147=VECTOR('',#18109,10.);
#5148=VECTOR('',#18110,10.);
#5149=VECTOR('',#18113,10.);
#5150=VECTOR('',#18114,10.);
#5151=VECTOR('',#18115,10.);
#5152=VECTOR('',#18118,10.);
#5153=VECTOR('',#18119,10.);
#5154=VECTOR('',#18120,10.);
#5155=VECTOR('',#18123,10.);
#5156=VECTOR('',#18124,10.);
#5157=VECTOR('',#18125,10.);
#5158=VECTOR('',#18128,10.);
#5159=VECTOR('',#18129,10.);
#5160=VECTOR('',#18130,10.);
#5161=VECTOR('',#18133,10.);
#5162=VECTOR('',#18134,10.);
#5163=VECTOR('',#18137,10.);
#5164=VECTOR('',#18138,10.);
#5165=VECTOR('',#18139,10.);
#5166=VECTOR('',#18140,10.);
#5167=VECTOR('',#18143,10.);
#5168=VECTOR('',#18144,10.);
#5169=VECTOR('',#18145,10.);
#5170=VECTOR('',#18148,10.);
#5171=VECTOR('',#18149,10.);
#5172=VECTOR('',#18150,10.);
#5173=VECTOR('',#18153,10.);
#5174=VECTOR('',#18154,10.);
#5175=VECTOR('',#18155,10.);
#5176=VECTOR('',#18158,10.);
#5177=VECTOR('',#18159,10.);
#5178=VECTOR('',#18160,10.);
#5179=VECTOR('',#18163,10.);
#5180=VECTOR('',#18164,10.);
#5181=VECTOR('',#18165,10.);
#5182=VECTOR('',#18168,10.);
#5183=VECTOR('',#18169,10.);
#5184=VECTOR('',#18170,10.);
#5185=VECTOR('',#18173,10.);
#5186=VECTOR('',#18174,10.);
#5187=VECTOR('',#18175,10.);
#5188=VECTOR('',#18178,10.);
#5189=VECTOR('',#18179,10.);
#5190=VECTOR('',#18180,10.);
#5191=VECTOR('',#18183,10.);
#5192=VECTOR('',#18184,10.);
#5193=VECTOR('',#18185,10.);
#5194=VECTOR('',#18188,10.);
#5195=VECTOR('',#18189,10.);
#5196=VECTOR('',#18190,10.);
#5197=VECTOR('',#18193,10.);
#5198=VECTOR('',#18194,10.);
#5199=VECTOR('',#18195,10.);
#5200=VECTOR('',#18198,10.);
#5201=VECTOR('',#18199,10.);
#5202=VECTOR('',#18200,10.);
#5203=VECTOR('',#18203,10.);
#5204=VECTOR('',#18204,10.);
#5205=VECTOR('',#18205,10.);
#5206=VECTOR('',#18208,10.);
#5207=VECTOR('',#18209,10.);
#5208=VECTOR('',#18210,10.);
#5209=VECTOR('',#18213,10.);
#5210=VECTOR('',#18214,10.);
#5211=VECTOR('',#18215,10.);
#5212=VECTOR('',#18218,10.);
#5213=VECTOR('',#18219,10.);
#5214=VECTOR('',#18220,10.);
#5215=VECTOR('',#18223,10.);
#5216=VECTOR('',#18224,10.);
#5217=VECTOR('',#18225,10.);
#5218=VECTOR('',#18228,10.);
#5219=VECTOR('',#18229,10.);
#5220=VECTOR('',#18230,10.);
#5221=VECTOR('',#18233,10.);
#5222=VECTOR('',#18234,10.);
#5223=VECTOR('',#18237,10.);
#5224=VECTOR('',#18238,10.);
#5225=VECTOR('',#18239,10.);
#5226=VECTOR('',#18240,10.);
#5227=VECTOR('',#18243,10.);
#5228=VECTOR('',#18244,10.);
#5229=VECTOR('',#18245,10.);
#5230=VECTOR('',#18248,10.);
#5231=VECTOR('',#18249,10.);
#5232=VECTOR('',#18250,10.);
#5233=VECTOR('',#18253,10.);
#5234=VECTOR('',#18254,10.);
#5235=VECTOR('',#18255,10.);
#5236=VECTOR('',#18258,10.);
#5237=VECTOR('',#18259,10.);
#5238=VECTOR('',#18260,10.);
#5239=VECTOR('',#18263,10.);
#5240=VECTOR('',#18264,10.);
#5241=VECTOR('',#18265,10.);
#5242=VECTOR('',#18268,10.);
#5243=VECTOR('',#18269,10.);
#5244=VECTOR('',#18270,10.);
#5245=VECTOR('',#18273,10.);
#5246=VECTOR('',#18274,10.);
#5247=VECTOR('',#18275,10.);
#5248=VECTOR('',#18278,10.);
#5249=VECTOR('',#18279,10.);
#5250=VECTOR('',#18280,10.);
#5251=VECTOR('',#18283,10.);
#5252=VECTOR('',#18284,10.);
#5253=VECTOR('',#18285,10.);
#5254=VECTOR('',#18288,10.);
#5255=VECTOR('',#18289,10.);
#5256=VECTOR('',#18290,10.);
#5257=VECTOR('',#18293,10.);
#5258=VECTOR('',#18294,10.);
#5259=VECTOR('',#18295,10.);
#5260=VECTOR('',#18298,10.);
#5261=VECTOR('',#18299,10.);
#5262=VECTOR('',#18300,10.);
#5263=VECTOR('',#18303,10.);
#5264=VECTOR('',#18304,10.);
#5265=VECTOR('',#18305,10.);
#5266=VECTOR('',#18308,10.);
#5267=VECTOR('',#18309,10.);
#5268=VECTOR('',#18310,10.);
#5269=VECTOR('',#18313,10.);
#5270=VECTOR('',#18314,10.);
#5271=VECTOR('',#18315,10.);
#5272=VECTOR('',#18318,10.);
#5273=VECTOR('',#18319,10.);
#5274=VECTOR('',#18320,10.);
#5275=VECTOR('',#18323,10.);
#5276=VECTOR('',#18324,10.);
#5277=VECTOR('',#18325,10.);
#5278=VECTOR('',#18328,10.);
#5279=VECTOR('',#18329,10.);
#5280=VECTOR('',#18330,10.);
#5281=VECTOR('',#18333,10.);
#5282=VECTOR('',#18334,10.);
#5283=VECTOR('',#18337,10.);
#5284=VECTOR('',#18338,10.);
#5285=VECTOR('',#18339,10.);
#5286=VECTOR('',#18340,10.);
#5287=VECTOR('',#18343,10.);
#5288=VECTOR('',#18344,10.);
#5289=VECTOR('',#18345,10.);
#5290=VECTOR('',#18348,10.);
#5291=VECTOR('',#18349,10.);
#5292=VECTOR('',#18350,10.);
#5293=VECTOR('',#18353,10.);
#5294=VECTOR('',#18354,10.);
#5295=VECTOR('',#18355,10.);
#5296=VECTOR('',#18358,10.);
#5297=VECTOR('',#18359,10.);
#5298=VECTOR('',#18360,10.);
#5299=VECTOR('',#18363,10.);
#5300=VECTOR('',#18364,10.);
#5301=VECTOR('',#18365,10.);
#5302=VECTOR('',#18368,10.);
#5303=VECTOR('',#18369,10.);
#5304=VECTOR('',#18370,10.);
#5305=VECTOR('',#18373,10.);
#5306=VECTOR('',#18374,10.);
#5307=VECTOR('',#18375,10.);
#5308=VECTOR('',#18378,10.);
#5309=VECTOR('',#18379,10.);
#5310=VECTOR('',#18380,10.);
#5311=VECTOR('',#18383,10.);
#5312=VECTOR('',#18384,10.);
#5313=VECTOR('',#18385,10.);
#5314=VECTOR('',#18388,10.);
#5315=VECTOR('',#18389,10.);
#5316=VECTOR('',#18390,10.);
#5317=VECTOR('',#18393,10.);
#5318=VECTOR('',#18394,10.);
#5319=VECTOR('',#18395,10.);
#5320=VECTOR('',#18398,10.);
#5321=VECTOR('',#18399,10.);
#5322=VECTOR('',#18400,10.);
#5323=VECTOR('',#18403,10.);
#5324=VECTOR('',#18404,10.);
#5325=VECTOR('',#18405,10.);
#5326=VECTOR('',#18408,10.);
#5327=VECTOR('',#18409,10.);
#5328=VECTOR('',#18410,10.);
#5329=VECTOR('',#18413,10.);
#5330=VECTOR('',#18414,10.);
#5331=VECTOR('',#18415,10.);
#5332=VECTOR('',#18418,10.);
#5333=VECTOR('',#18419,10.);
#5334=VECTOR('',#18420,10.);
#5335=VECTOR('',#18423,10.);
#5336=VECTOR('',#18424,10.);
#5337=VECTOR('',#18425,10.);
#5338=VECTOR('',#18428,10.);
#5339=VECTOR('',#18429,10.);
#5340=VECTOR('',#18430,10.);
#5341=VECTOR('',#18433,10.);
#5342=VECTOR('',#18434,10.);
#5343=VECTOR('',#18437,10.);
#5344=VECTOR('',#18438,10.);
#5345=VECTOR('',#18439,10.);
#5346=VECTOR('',#18440,10.);
#5347=VECTOR('',#18443,10.);
#5348=VECTOR('',#18444,10.);
#5349=VECTOR('',#18445,10.);
#5350=VECTOR('',#18448,10.);
#5351=VECTOR('',#18449,10.);
#5352=VECTOR('',#18450,10.);
#5353=VECTOR('',#18453,10.);
#5354=VECTOR('',#18454,10.);
#5355=VECTOR('',#18455,10.);
#5356=VECTOR('',#18458,10.);
#5357=VECTOR('',#18459,10.);
#5358=VECTOR('',#18460,10.);
#5359=VECTOR('',#18463,10.);
#5360=VECTOR('',#18464,10.);
#5361=VECTOR('',#18465,10.);
#5362=VECTOR('',#18468,10.);
#5363=VECTOR('',#18469,10.);
#5364=VECTOR('',#18470,10.);
#5365=VECTOR('',#18473,10.);
#5366=VECTOR('',#18474,10.);
#5367=VECTOR('',#18475,10.);
#5368=VECTOR('',#18478,10.);
#5369=VECTOR('',#18479,10.);
#5370=VECTOR('',#18480,10.);
#5371=VECTOR('',#18483,10.);
#5372=VECTOR('',#18484,10.);
#5373=VECTOR('',#18485,10.);
#5374=VECTOR('',#18488,10.);
#5375=VECTOR('',#18489,10.);
#5376=VECTOR('',#18490,10.);
#5377=VECTOR('',#18493,10.);
#5378=VECTOR('',#18494,10.);
#5379=VECTOR('',#18495,10.);
#5380=VECTOR('',#18498,10.);
#5381=VECTOR('',#18499,10.);
#5382=VECTOR('',#18500,10.);
#5383=VECTOR('',#18503,10.);
#5384=VECTOR('',#18504,10.);
#5385=VECTOR('',#18505,10.);
#5386=VECTOR('',#18508,10.);
#5387=VECTOR('',#18509,10.);
#5388=VECTOR('',#18510,10.);
#5389=VECTOR('',#18513,10.);
#5390=VECTOR('',#18514,10.);
#5391=VECTOR('',#18515,10.);
#5392=VECTOR('',#18518,10.);
#5393=VECTOR('',#18519,10.);
#5394=VECTOR('',#18520,10.);
#5395=VECTOR('',#18523,10.);
#5396=VECTOR('',#18524,10.);
#5397=VECTOR('',#18525,10.);
#5398=VECTOR('',#18528,10.);
#5399=VECTOR('',#18529,10.);
#5400=VECTOR('',#18530,10.);
#5401=VECTOR('',#18533,10.);
#5402=VECTOR('',#18534,10.);
#5403=VECTOR('',#18537,10.);
#5404=VECTOR('',#18538,10.);
#5405=VECTOR('',#18539,10.);
#5406=VECTOR('',#18540,10.);
#5407=VECTOR('',#18543,10.);
#5408=VECTOR('',#18544,10.);
#5409=VECTOR('',#18545,10.);
#5410=VECTOR('',#18548,10.);
#5411=VECTOR('',#18549,10.);
#5412=VECTOR('',#18550,10.);
#5413=VECTOR('',#18553,10.);
#5414=VECTOR('',#18554,10.);
#5415=VECTOR('',#18555,10.);
#5416=VECTOR('',#18558,10.);
#5417=VECTOR('',#18559,10.);
#5418=VECTOR('',#18560,10.);
#5419=VECTOR('',#18563,10.);
#5420=VECTOR('',#18564,10.);
#5421=VECTOR('',#18565,10.);
#5422=VECTOR('',#18568,10.);
#5423=VECTOR('',#18569,10.);
#5424=VECTOR('',#18570,10.);
#5425=VECTOR('',#18573,10.);
#5426=VECTOR('',#18574,10.);
#5427=VECTOR('',#18575,10.);
#5428=VECTOR('',#18578,10.);
#5429=VECTOR('',#18579,10.);
#5430=VECTOR('',#18580,10.);
#5431=VECTOR('',#18583,10.);
#5432=VECTOR('',#18584,10.);
#5433=VECTOR('',#18585,10.);
#5434=VECTOR('',#18588,10.);
#5435=VECTOR('',#18589,10.);
#5436=VECTOR('',#18590,10.);
#5437=VECTOR('',#18593,10.);
#5438=VECTOR('',#18594,10.);
#5439=VECTOR('',#18595,10.);
#5440=VECTOR('',#18598,10.);
#5441=VECTOR('',#18599,10.);
#5442=VECTOR('',#18600,10.);
#5443=VECTOR('',#18603,10.);
#5444=VECTOR('',#18604,10.);
#5445=VECTOR('',#18605,10.);
#5446=VECTOR('',#18608,10.);
#5447=VECTOR('',#18609,10.);
#5448=VECTOR('',#18610,10.);
#5449=VECTOR('',#18613,10.);
#5450=VECTOR('',#18614,10.);
#5451=VECTOR('',#18615,10.);
#5452=VECTOR('',#18618,10.);
#5453=VECTOR('',#18619,10.);
#5454=VECTOR('',#18620,10.);
#5455=VECTOR('',#18623,10.);
#5456=VECTOR('',#18624,10.);
#5457=VECTOR('',#18625,10.);
#5458=VECTOR('',#18628,10.);
#5459=VECTOR('',#18629,10.);
#5460=VECTOR('',#18630,10.);
#5461=VECTOR('',#18633,10.);
#5462=VECTOR('',#18634,10.);
#5463=VECTOR('',#18637,10.);
#5464=VECTOR('',#18638,10.);
#5465=VECTOR('',#18639,10.);
#5466=VECTOR('',#18640,10.);
#5467=VECTOR('',#18643,10.);
#5468=VECTOR('',#18644,10.);
#5469=VECTOR('',#18645,10.);
#5470=VECTOR('',#18648,10.);
#5471=VECTOR('',#18649,10.);
#5472=VECTOR('',#18650,10.);
#5473=VECTOR('',#18653,10.);
#5474=VECTOR('',#18654,10.);
#5475=VECTOR('',#18655,10.);
#5476=VECTOR('',#18658,10.);
#5477=VECTOR('',#18659,10.);
#5478=VECTOR('',#18660,10.);
#5479=VECTOR('',#18663,10.);
#5480=VECTOR('',#18664,10.);
#5481=VECTOR('',#18665,10.);
#5482=VECTOR('',#18668,10.);
#5483=VECTOR('',#18669,10.);
#5484=VECTOR('',#18670,10.);
#5485=VECTOR('',#18673,10.);
#5486=VECTOR('',#18674,10.);
#5487=VECTOR('',#18675,10.);
#5488=VECTOR('',#18678,10.);
#5489=VECTOR('',#18679,10.);
#5490=VECTOR('',#18680,10.);
#5491=VECTOR('',#18683,10.);
#5492=VECTOR('',#18684,10.);
#5493=VECTOR('',#18685,10.);
#5494=VECTOR('',#18688,10.);
#5495=VECTOR('',#18689,10.);
#5496=VECTOR('',#18690,10.);
#5497=VECTOR('',#18693,10.);
#5498=VECTOR('',#18694,10.);
#5499=VECTOR('',#18695,10.);
#5500=VECTOR('',#18698,10.);
#5501=VECTOR('',#18699,10.);
#5502=VECTOR('',#18700,10.);
#5503=VECTOR('',#18703,10.);
#5504=VECTOR('',#18704,10.);
#5505=VECTOR('',#18705,10.);
#5506=VECTOR('',#18708,10.);
#5507=VECTOR('',#18709,10.);
#5508=VECTOR('',#18710,10.);
#5509=VECTOR('',#18713,10.);
#5510=VECTOR('',#18714,10.);
#5511=VECTOR('',#18715,10.);
#5512=VECTOR('',#18718,10.);
#5513=VECTOR('',#18719,10.);
#5514=VECTOR('',#18720,10.);
#5515=VECTOR('',#18723,10.);
#5516=VECTOR('',#18724,10.);
#5517=VECTOR('',#18725,10.);
#5518=VECTOR('',#18728,10.);
#5519=VECTOR('',#18729,10.);
#5520=VECTOR('',#18730,10.);
#5521=VECTOR('',#18733,10.);
#5522=VECTOR('',#18734,10.);
#5523=VECTOR('',#18735,10.);
#5524=VECTOR('',#18738,10.);
#5525=VECTOR('',#18739,10.);
#5526=VECTOR('',#18740,10.);
#5527=VECTOR('',#18743,10.);
#5528=VECTOR('',#18744,10.);
#5529=VECTOR('',#18745,10.);
#5530=VECTOR('',#18748,10.);
#5531=VECTOR('',#18749,10.);
#5532=VECTOR('',#18750,10.);
#5533=VECTOR('',#18753,10.);
#5534=VECTOR('',#18754,10.);
#5535=VECTOR('',#18755,10.);
#5536=VECTOR('',#18758,10.);
#5537=VECTOR('',#18759,10.);
#5538=VECTOR('',#18760,10.);
#5539=VECTOR('',#18763,10.);
#5540=VECTOR('',#18764,10.);
#5541=VECTOR('',#18765,10.);
#5542=VECTOR('',#18768,10.);
#5543=VECTOR('',#18769,10.);
#5544=VECTOR('',#18770,10.);
#5545=VECTOR('',#18773,10.);
#5546=VECTOR('',#18774,10.);
#5547=VECTOR('',#18775,10.);
#5548=VECTOR('',#18778,10.);
#5549=VECTOR('',#18779,10.);
#5550=VECTOR('',#18780,10.);
#5551=VECTOR('',#18783,10.);
#5552=VECTOR('',#18784,10.);
#5553=VECTOR('',#18785,10.);
#5554=VECTOR('',#18788,10.);
#5555=VECTOR('',#18789,10.);
#5556=VECTOR('',#18790,10.);
#5557=VECTOR('',#18793,10.);
#5558=VECTOR('',#18794,10.);
#5559=VECTOR('',#18795,10.);
#5560=VECTOR('',#18798,10.);
#5561=VECTOR('',#18799,10.);
#5562=VECTOR('',#18800,10.);
#5563=VECTOR('',#18803,10.);
#5564=VECTOR('',#18804,10.);
#5565=VECTOR('',#18805,10.);
#5566=VECTOR('',#18808,10.);
#5567=VECTOR('',#18809,10.);
#5568=VECTOR('',#18810,10.);
#5569=VECTOR('',#18813,10.);
#5570=VECTOR('',#18814,10.);
#5571=VECTOR('',#18815,10.);
#5572=VECTOR('',#18818,10.);
#5573=VECTOR('',#18819,10.);
#5574=VECTOR('',#18820,10.);
#5575=VECTOR('',#18823,10.);
#5576=VECTOR('',#18824,10.);
#5577=VECTOR('',#18825,10.);
#5578=VECTOR('',#18828,10.);
#5579=VECTOR('',#18829,10.);
#5580=VECTOR('',#18830,10.);
#5581=VECTOR('',#18833,10.);
#5582=VECTOR('',#18834,10.);
#5583=VECTOR('',#18835,10.);
#5584=VECTOR('',#18838,10.);
#5585=VECTOR('',#18839,10.);
#5586=VECTOR('',#18840,10.);
#5587=VECTOR('',#18843,10.);
#5588=VECTOR('',#18844,10.);
#5589=VECTOR('',#18845,10.);
#5590=VECTOR('',#18848,10.);
#5591=VECTOR('',#18849,10.);
#5592=VECTOR('',#18850,10.);
#5593=VECTOR('',#18853,10.);
#5594=VECTOR('',#18854,10.);
#5595=VECTOR('',#18855,10.);
#5596=VECTOR('',#18858,10.);
#5597=VECTOR('',#18859,10.);
#5598=VECTOR('',#18860,10.);
#5599=VECTOR('',#18863,10.);
#5600=VECTOR('',#18864,10.);
#5601=VECTOR('',#18865,10.);
#5602=VECTOR('',#18868,10.);
#5603=VECTOR('',#18869,10.);
#5604=VECTOR('',#18870,10.);
#5605=VECTOR('',#18873,10.);
#5606=VECTOR('',#18874,10.);
#5607=VECTOR('',#18875,10.);
#5608=VECTOR('',#18878,10.);
#5609=VECTOR('',#18879,10.);
#5610=VECTOR('',#18880,10.);
#5611=VECTOR('',#18883,10.);
#5612=VECTOR('',#18884,10.);
#5613=VECTOR('',#18885,10.);
#5614=VECTOR('',#18888,10.);
#5615=VECTOR('',#18889,10.);
#5616=VECTOR('',#18890,10.);
#5617=VECTOR('',#18893,10.);
#5618=VECTOR('',#18894,10.);
#5619=VECTOR('',#18895,10.);
#5620=VECTOR('',#18898,10.);
#5621=VECTOR('',#18899,10.);
#5622=VECTOR('',#18900,10.);
#5623=VECTOR('',#18903,10.);
#5624=VECTOR('',#18904,10.);
#5625=VECTOR('',#18905,10.);
#5626=VECTOR('',#18908,10.);
#5627=VECTOR('',#18909,10.);
#5628=VECTOR('',#18910,10.);
#5629=VECTOR('',#18913,10.);
#5630=VECTOR('',#18914,10.);
#5631=VECTOR('',#18915,10.);
#5632=VECTOR('',#18918,10.);
#5633=VECTOR('',#18919,10.);
#5634=VECTOR('',#18920,10.);
#5635=VECTOR('',#18923,10.);
#5636=VECTOR('',#18924,10.);
#5637=VECTOR('',#18925,10.);
#5638=VECTOR('',#18928,10.);
#5639=VECTOR('',#18929,10.);
#5640=VECTOR('',#18930,10.);
#5641=VECTOR('',#18933,10.);
#5642=VECTOR('',#18934,10.);
#5643=VECTOR('',#18935,10.);
#5644=VECTOR('',#18938,10.);
#5645=VECTOR('',#18939,10.);
#5646=VECTOR('',#18940,10.);
#5647=VECTOR('',#18943,10.);
#5648=VECTOR('',#18944,10.);
#5649=VECTOR('',#18945,10.);
#5650=VECTOR('',#18948,10.);
#5651=VECTOR('',#18949,10.);
#5652=VECTOR('',#18950,10.);
#5653=VECTOR('',#18953,10.);
#5654=VECTOR('',#18954,10.);
#5655=VECTOR('',#18955,10.);
#5656=VECTOR('',#18958,10.);
#5657=VECTOR('',#18959,10.);
#5658=VECTOR('',#18960,10.);
#5659=VECTOR('',#18963,10.);
#5660=VECTOR('',#18964,10.);
#5661=VECTOR('',#18965,10.);
#5662=VECTOR('',#18968,10.);
#5663=VECTOR('',#18969,10.);
#5664=VECTOR('',#18970,10.);
#5665=VECTOR('',#18973,10.);
#5666=VECTOR('',#18974,10.);
#5667=VECTOR('',#18975,10.);
#5668=VECTOR('',#18978,10.);
#5669=VECTOR('',#18979,10.);
#5670=VECTOR('',#18980,10.);
#5671=VECTOR('',#18983,10.);
#5672=VECTOR('',#18984,10.);
#5673=VECTOR('',#18985,10.);
#5674=VECTOR('',#18988,10.);
#5675=VECTOR('',#18989,10.);
#5676=VECTOR('',#18990,10.);
#5677=VECTOR('',#18993,10.);
#5678=VECTOR('',#18994,10.);
#5679=VECTOR('',#18995,10.);
#5680=VECTOR('',#18998,10.);
#5681=VECTOR('',#18999,10.);
#5682=VECTOR('',#19000,10.);
#5683=VECTOR('',#19003,10.);
#5684=VECTOR('',#19004,10.);
#5685=VECTOR('',#19005,10.);
#5686=VECTOR('',#19008,10.);
#5687=VECTOR('',#19009,10.);
#5688=VECTOR('',#19010,10.);
#5689=VECTOR('',#19013,10.);
#5690=VECTOR('',#19014,10.);
#5691=VECTOR('',#19015,10.);
#5692=VECTOR('',#19018,10.);
#5693=VECTOR('',#19019,10.);
#5694=VECTOR('',#19020,10.);
#5695=VECTOR('',#19023,10.);
#5696=VECTOR('',#19024,10.);
#5697=VECTOR('',#19025,10.);
#5698=VECTOR('',#19028,10.);
#5699=VECTOR('',#19029,10.);
#5700=VECTOR('',#19030,10.);
#5701=VECTOR('',#19033,10.);
#5702=VECTOR('',#19034,10.);
#5703=VECTOR('',#19035,10.);
#5704=VECTOR('',#19038,10.);
#5705=VECTOR('',#19039,10.);
#5706=VECTOR('',#19040,10.);
#5707=VECTOR('',#19043,10.);
#5708=VECTOR('',#19044,10.);
#5709=VECTOR('',#19045,10.);
#5710=VECTOR('',#19048,10.);
#5711=VECTOR('',#19049,10.);
#5712=VECTOR('',#19050,10.);
#5713=VECTOR('',#19053,10.);
#5714=VECTOR('',#19054,10.);
#5715=VERTEX_POINT('',#19070);
#5716=VERTEX_POINT('',#19071);
#5717=VERTEX_POINT('',#19073);
#5718=VERTEX_POINT('',#19075);
#5719=VERTEX_POINT('',#19079);
#5720=VERTEX_POINT('',#19081);
#5721=VERTEX_POINT('',#19085);
#5722=VERTEX_POINT('',#19087);
#5723=VERTEX_POINT('',#19091);
#5724=VERTEX_POINT('',#19093);
#5725=VERTEX_POINT('',#19097);
#5726=VERTEX_POINT('',#19099);
#5727=VERTEX_POINT('',#19103);
#5728=VERTEX_POINT('',#19105);
#5729=VERTEX_POINT('',#19109);
#5730=VERTEX_POINT('',#19111);
#5731=VERTEX_POINT('',#19115);
#5732=VERTEX_POINT('',#19117);
#5733=VERTEX_POINT('',#19121);
#5734=VERTEX_POINT('',#19123);
#5735=VERTEX_POINT('',#19127);
#5736=VERTEX_POINT('',#19129);
#5737=VERTEX_POINT('',#19133);
#5738=VERTEX_POINT('',#19135);
#5739=VERTEX_POINT('',#19139);
#5740=VERTEX_POINT('',#19141);
#5741=VERTEX_POINT('',#19145);
#5742=VERTEX_POINT('',#19147);
#5743=VERTEX_POINT('',#19151);
#5744=VERTEX_POINT('',#19153);
#5745=VERTEX_POINT('',#19157);
#5746=VERTEX_POINT('',#19159);
#5747=VERTEX_POINT('',#19163);
#5748=VERTEX_POINT('',#19165);
#5749=VERTEX_POINT('',#19169);
#5750=VERTEX_POINT('',#19171);
#5751=VERTEX_POINT('',#19175);
#5752=VERTEX_POINT('',#19177);
#5753=VERTEX_POINT('',#19181);
#5754=VERTEX_POINT('',#19183);
#5755=VERTEX_POINT('',#19190);
#5756=VERTEX_POINT('',#19191);
#5757=VERTEX_POINT('',#19193);
#5758=VERTEX_POINT('',#19195);
#5759=VERTEX_POINT('',#19199);
#5760=VERTEX_POINT('',#19201);
#5761=VERTEX_POINT('',#19205);
#5762=VERTEX_POINT('',#19207);
#5763=VERTEX_POINT('',#19211);
#5764=VERTEX_POINT('',#19213);
#5765=VERTEX_POINT('',#19217);
#5766=VERTEX_POINT('',#19219);
#5767=VERTEX_POINT('',#19223);
#5768=VERTEX_POINT('',#19225);
#5769=VERTEX_POINT('',#19229);
#5770=VERTEX_POINT('',#19231);
#5771=VERTEX_POINT('',#19235);
#5772=VERTEX_POINT('',#19237);
#5773=VERTEX_POINT('',#19241);
#5774=VERTEX_POINT('',#19243);
#5775=VERTEX_POINT('',#19247);
#5776=VERTEX_POINT('',#19249);
#5777=VERTEX_POINT('',#19253);
#5778=VERTEX_POINT('',#19255);
#5779=VERTEX_POINT('',#19259);
#5780=VERTEX_POINT('',#19261);
#5781=VERTEX_POINT('',#19265);
#5782=VERTEX_POINT('',#19267);
#5783=VERTEX_POINT('',#19271);
#5784=VERTEX_POINT('',#19273);
#5785=VERTEX_POINT('',#19277);
#5786=VERTEX_POINT('',#19279);
#5787=VERTEX_POINT('',#19283);
#5788=VERTEX_POINT('',#19285);
#5789=VERTEX_POINT('',#19289);
#5790=VERTEX_POINT('',#19291);
#5791=VERTEX_POINT('',#19295);
#5792=VERTEX_POINT('',#19297);
#5793=VERTEX_POINT('',#19301);
#5794=VERTEX_POINT('',#19303);
#5795=VERTEX_POINT('',#19310);
#5796=VERTEX_POINT('',#19311);
#5797=VERTEX_POINT('',#19313);
#5798=VERTEX_POINT('',#19315);
#5799=VERTEX_POINT('',#19319);
#5800=VERTEX_POINT('',#19321);
#5801=VERTEX_POINT('',#19325);
#5802=VERTEX_POINT('',#19327);
#5803=VERTEX_POINT('',#19331);
#5804=VERTEX_POINT('',#19333);
#5805=VERTEX_POINT('',#19337);
#5806=VERTEX_POINT('',#19339);
#5807=VERTEX_POINT('',#19343);
#5808=VERTEX_POINT('',#19345);
#5809=VERTEX_POINT('',#19349);
#5810=VERTEX_POINT('',#19351);
#5811=VERTEX_POINT('',#19355);
#5812=VERTEX_POINT('',#19357);
#5813=VERTEX_POINT('',#19361);
#5814=VERTEX_POINT('',#19363);
#5815=VERTEX_POINT('',#19367);
#5816=VERTEX_POINT('',#19369);
#5817=VERTEX_POINT('',#19373);
#5818=VERTEX_POINT('',#19375);
#5819=VERTEX_POINT('',#19379);
#5820=VERTEX_POINT('',#19381);
#5821=VERTEX_POINT('',#19385);
#5822=VERTEX_POINT('',#19387);
#5823=VERTEX_POINT('',#19391);
#5824=VERTEX_POINT('',#19393);
#5825=VERTEX_POINT('',#19397);
#5826=VERTEX_POINT('',#19399);
#5827=VERTEX_POINT('',#19403);
#5828=VERTEX_POINT('',#19405);
#5829=VERTEX_POINT('',#19409);
#5830=VERTEX_POINT('',#19411);
#5831=VERTEX_POINT('',#19415);
#5832=VERTEX_POINT('',#19417);
#5833=VERTEX_POINT('',#19421);
#5834=VERTEX_POINT('',#19423);
#5835=VERTEX_POINT('',#19430);
#5836=VERTEX_POINT('',#19431);
#5837=VERTEX_POINT('',#19433);
#5838=VERTEX_POINT('',#19435);
#5839=VERTEX_POINT('',#19439);
#5840=VERTEX_POINT('',#19441);
#5841=VERTEX_POINT('',#19445);
#5842=VERTEX_POINT('',#19447);
#5843=VERTEX_POINT('',#19451);
#5844=VERTEX_POINT('',#19453);
#5845=VERTEX_POINT('',#19457);
#5846=VERTEX_POINT('',#19459);
#5847=VERTEX_POINT('',#19463);
#5848=VERTEX_POINT('',#19465);
#5849=VERTEX_POINT('',#19469);
#5850=VERTEX_POINT('',#19471);
#5851=VERTEX_POINT('',#19475);
#5852=VERTEX_POINT('',#19477);
#5853=VERTEX_POINT('',#19481);
#5854=VERTEX_POINT('',#19483);
#5855=VERTEX_POINT('',#19487);
#5856=VERTEX_POINT('',#19489);
#5857=VERTEX_POINT('',#19493);
#5858=VERTEX_POINT('',#19495);
#5859=VERTEX_POINT('',#19499);
#5860=VERTEX_POINT('',#19501);
#5861=VERTEX_POINT('',#19505);
#5862=VERTEX_POINT('',#19507);
#5863=VERTEX_POINT('',#19511);
#5864=VERTEX_POINT('',#19513);
#5865=VERTEX_POINT('',#19517);
#5866=VERTEX_POINT('',#19519);
#5867=VERTEX_POINT('',#19523);
#5868=VERTEX_POINT('',#19525);
#5869=VERTEX_POINT('',#19529);
#5870=VERTEX_POINT('',#19531);
#5871=VERTEX_POINT('',#19535);
#5872=VERTEX_POINT('',#19537);
#5873=VERTEX_POINT('',#19541);
#5874=VERTEX_POINT('',#19543);
#5875=VERTEX_POINT('',#19550);
#5876=VERTEX_POINT('',#19551);
#5877=VERTEX_POINT('',#19553);
#5878=VERTEX_POINT('',#19555);
#5879=VERTEX_POINT('',#19559);
#5880=VERTEX_POINT('',#19561);
#5881=VERTEX_POINT('',#19565);
#5882=VERTEX_POINT('',#19567);
#5883=VERTEX_POINT('',#19571);
#5884=VERTEX_POINT('',#19573);
#5885=VERTEX_POINT('',#19577);
#5886=VERTEX_POINT('',#19579);
#5887=VERTEX_POINT('',#19583);
#5888=VERTEX_POINT('',#19585);
#5889=VERTEX_POINT('',#19589);
#5890=VERTEX_POINT('',#19591);
#5891=VERTEX_POINT('',#19595);
#5892=VERTEX_POINT('',#19597);
#5893=VERTEX_POINT('',#19601);
#5894=VERTEX_POINT('',#19603);
#5895=VERTEX_POINT('',#19607);
#5896=VERTEX_POINT('',#19609);
#5897=VERTEX_POINT('',#19613);
#5898=VERTEX_POINT('',#19615);
#5899=VERTEX_POINT('',#19619);
#5900=VERTEX_POINT('',#19621);
#5901=VERTEX_POINT('',#19625);
#5902=VERTEX_POINT('',#19627);
#5903=VERTEX_POINT('',#19631);
#5904=VERTEX_POINT('',#19633);
#5905=VERTEX_POINT('',#19637);
#5906=VERTEX_POINT('',#19639);
#5907=VERTEX_POINT('',#19643);
#5908=VERTEX_POINT('',#19645);
#5909=VERTEX_POINT('',#19649);
#5910=VERTEX_POINT('',#19651);
#5911=VERTEX_POINT('',#19655);
#5912=VERTEX_POINT('',#19657);
#5913=VERTEX_POINT('',#19661);
#5914=VERTEX_POINT('',#19663);
#5915=VERTEX_POINT('',#19667);
#5916=VERTEX_POINT('',#19669);
#5917=VERTEX_POINT('',#19673);
#5918=VERTEX_POINT('',#19675);
#5919=VERTEX_POINT('',#19679);
#5920=VERTEX_POINT('',#19681);
#5921=VERTEX_POINT('',#19685);
#5922=VERTEX_POINT('',#19687);
#5923=VERTEX_POINT('',#19691);
#5924=VERTEX_POINT('',#19693);
#5925=VERTEX_POINT('',#19697);
#5926=VERTEX_POINT('',#19699);
#5927=VERTEX_POINT('',#19703);
#5928=VERTEX_POINT('',#19705);
#5929=VERTEX_POINT('',#19709);
#5930=VERTEX_POINT('',#19711);
#5931=VERTEX_POINT('',#19715);
#5932=VERTEX_POINT('',#19717);
#5933=VERTEX_POINT('',#19721);
#5934=VERTEX_POINT('',#19723);
#5935=VERTEX_POINT('',#19727);
#5936=VERTEX_POINT('',#19729);
#5937=VERTEX_POINT('',#19733);
#5938=VERTEX_POINT('',#19735);
#5939=VERTEX_POINT('',#19739);
#5940=VERTEX_POINT('',#19741);
#5941=VERTEX_POINT('',#19745);
#5942=VERTEX_POINT('',#19747);
#5943=VERTEX_POINT('',#19751);
#5944=VERTEX_POINT('',#19753);
#5945=VERTEX_POINT('',#19757);
#5946=VERTEX_POINT('',#19759);
#5947=VERTEX_POINT('',#19763);
#5948=VERTEX_POINT('',#19765);
#5949=VERTEX_POINT('',#19769);
#5950=VERTEX_POINT('',#19771);
#5951=VERTEX_POINT('',#19775);
#5952=VERTEX_POINT('',#19777);
#5953=VERTEX_POINT('',#19781);
#5954=VERTEX_POINT('',#19783);
#5955=VERTEX_POINT('',#19787);
#5956=VERTEX_POINT('',#19789);
#5957=VERTEX_POINT('',#19793);
#5958=VERTEX_POINT('',#19795);
#5959=VERTEX_POINT('',#19799);
#5960=VERTEX_POINT('',#19801);
#5961=VERTEX_POINT('',#19805);
#5962=VERTEX_POINT('',#19807);
#5963=VERTEX_POINT('',#19811);
#5964=VERTEX_POINT('',#19813);
#5965=VERTEX_POINT('',#19817);
#5966=VERTEX_POINT('',#19819);
#5967=VERTEX_POINT('',#19823);
#5968=VERTEX_POINT('',#19825);
#5969=VERTEX_POINT('',#19829);
#5970=VERTEX_POINT('',#19831);
#5971=VERTEX_POINT('',#19835);
#5972=VERTEX_POINT('',#19837);
#5973=VERTEX_POINT('',#19841);
#5974=VERTEX_POINT('',#19843);
#5975=VERTEX_POINT('',#19847);
#5976=VERTEX_POINT('',#19849);
#5977=VERTEX_POINT('',#19853);
#5978=VERTEX_POINT('',#19855);
#5979=VERTEX_POINT('',#19859);
#5980=VERTEX_POINT('',#19861);
#5981=VERTEX_POINT('',#19865);
#5982=VERTEX_POINT('',#19867);
#5983=VERTEX_POINT('',#19871);
#5984=VERTEX_POINT('',#19873);
#5985=VERTEX_POINT('',#19877);
#5986=VERTEX_POINT('',#19879);
#5987=VERTEX_POINT('',#19883);
#5988=VERTEX_POINT('',#19885);
#5989=VERTEX_POINT('',#19889);
#5990=VERTEX_POINT('',#19891);
#5991=VERTEX_POINT('',#19895);
#5992=VERTEX_POINT('',#19897);
#5993=VERTEX_POINT('',#19901);
#5994=VERTEX_POINT('',#19903);
#5995=VERTEX_POINT('',#19907);
#5996=VERTEX_POINT('',#19909);
#5997=VERTEX_POINT('',#19913);
#5998=VERTEX_POINT('',#19915);
#5999=VERTEX_POINT('',#19919);
#6000=VERTEX_POINT('',#19921);
#6001=VERTEX_POINT('',#19925);
#6002=VERTEX_POINT('',#19927);
#6003=VERTEX_POINT('',#19931);
#6004=VERTEX_POINT('',#19933);
#6005=VERTEX_POINT('',#19937);
#6006=VERTEX_POINT('',#19939);
#6007=VERTEX_POINT('',#19943);
#6008=VERTEX_POINT('',#19945);
#6009=VERTEX_POINT('',#19949);
#6010=VERTEX_POINT('',#19951);
#6011=VERTEX_POINT('',#19955);
#6012=VERTEX_POINT('',#19957);
#6013=VERTEX_POINT('',#19961);
#6014=VERTEX_POINT('',#19963);
#6015=VERTEX_POINT('',#19967);
#6016=VERTEX_POINT('',#19969);
#6017=VERTEX_POINT('',#19973);
#6018=VERTEX_POINT('',#19975);
#6019=VERTEX_POINT('',#19979);
#6020=VERTEX_POINT('',#19981);
#6021=VERTEX_POINT('',#19985);
#6022=VERTEX_POINT('',#19987);
#6023=VERTEX_POINT('',#19991);
#6024=VERTEX_POINT('',#19993);
#6025=VERTEX_POINT('',#19997);
#6026=VERTEX_POINT('',#19999);
#6027=VERTEX_POINT('',#20003);
#6028=VERTEX_POINT('',#20005);
#6029=VERTEX_POINT('',#20009);
#6030=VERTEX_POINT('',#20011);
#6031=VERTEX_POINT('',#20015);
#6032=VERTEX_POINT('',#20017);
#6033=VERTEX_POINT('',#20021);
#6034=VERTEX_POINT('',#20023);
#6035=VERTEX_POINT('',#20027);
#6036=VERTEX_POINT('',#20029);
#6037=VERTEX_POINT('',#20033);
#6038=VERTEX_POINT('',#20035);
#6039=VERTEX_POINT('',#20039);
#6040=VERTEX_POINT('',#20041);
#6041=VERTEX_POINT('',#20045);
#6042=VERTEX_POINT('',#20047);
#6043=VERTEX_POINT('',#20057);
#6044=VERTEX_POINT('',#20058);
#6045=VERTEX_POINT('',#20060);
#6046=VERTEX_POINT('',#20062);
#6047=VERTEX_POINT('',#20066);
#6048=VERTEX_POINT('',#20068);
#6049=VERTEX_POINT('',#20070);
#6050=VERTEX_POINT('',#20072);
#6051=VERTEX_POINT('',#20074);
#6052=VERTEX_POINT('',#20076);
#6053=VERTEX_POINT('',#20080);
#6054=VERTEX_POINT('',#20084);
#6055=VERTEX_POINT('',#20088);
#6056=VERTEX_POINT('',#20089);
#6057=VERTEX_POINT('',#20094);
#6058=VERTEX_POINT('',#20098);
#6059=VERTEX_POINT('',#20108);
#6060=VERTEX_POINT('',#20109);
#6061=VERTEX_POINT('',#20111);
#6062=VERTEX_POINT('',#20113);
#6063=VERTEX_POINT('',#20117);
#6064=VERTEX_POINT('',#20119);
#6065=VERTEX_POINT('',#20123);
#6066=VERTEX_POINT('',#20125);
#6067=VERTEX_POINT('',#20129);
#6068=VERTEX_POINT('',#20131);
#6069=VERTEX_POINT('',#20135);
#6070=VERTEX_POINT('',#20137);
#6071=VERTEX_POINT('',#20141);
#6072=VERTEX_POINT('',#20143);
#6073=VERTEX_POINT('',#20147);
#6074=VERTEX_POINT('',#20149);
#6075=VERTEX_POINT('',#20153);
#6076=VERTEX_POINT('',#20155);
#6077=VERTEX_POINT('',#20159);
#6078=VERTEX_POINT('',#20161);
#6079=VERTEX_POINT('',#20165);
#6080=VERTEX_POINT('',#20167);
#6081=VERTEX_POINT('',#20171);
#6082=VERTEX_POINT('',#20173);
#6083=VERTEX_POINT('',#20177);
#6084=VERTEX_POINT('',#20179);
#6085=VERTEX_POINT('',#20183);
#6086=VERTEX_POINT('',#20185);
#6087=VERTEX_POINT('',#20189);
#6088=VERTEX_POINT('',#20191);
#6089=VERTEX_POINT('',#20195);
#6090=VERTEX_POINT('',#20197);
#6091=VERTEX_POINT('',#20201);
#6092=VERTEX_POINT('',#20203);
#6093=VERTEX_POINT('',#20207);
#6094=VERTEX_POINT('',#20209);
#6095=VERTEX_POINT('',#20213);
#6096=VERTEX_POINT('',#20215);
#6097=VERTEX_POINT('',#20219);
#6098=VERTEX_POINT('',#20221);
#6099=VERTEX_POINT('',#20228);
#6100=VERTEX_POINT('',#20229);
#6101=VERTEX_POINT('',#20231);
#6102=VERTEX_POINT('',#20233);
#6103=VERTEX_POINT('',#20237);
#6104=VERTEX_POINT('',#20239);
#6105=VERTEX_POINT('',#20243);
#6106=VERTEX_POINT('',#20245);
#6107=VERTEX_POINT('',#20249);
#6108=VERTEX_POINT('',#20251);
#6109=VERTEX_POINT('',#20255);
#6110=VERTEX_POINT('',#20257);
#6111=VERTEX_POINT('',#20261);
#6112=VERTEX_POINT('',#20263);
#6113=VERTEX_POINT('',#20267);
#6114=VERTEX_POINT('',#20269);
#6115=VERTEX_POINT('',#20273);
#6116=VERTEX_POINT('',#20275);
#6117=VERTEX_POINT('',#20279);
#6118=VERTEX_POINT('',#20281);
#6119=VERTEX_POINT('',#20285);
#6120=VERTEX_POINT('',#20287);
#6121=VERTEX_POINT('',#20291);
#6122=VERTEX_POINT('',#20293);
#6123=VERTEX_POINT('',#20297);
#6124=VERTEX_POINT('',#20299);
#6125=VERTEX_POINT('',#20303);
#6126=VERTEX_POINT('',#20305);
#6127=VERTEX_POINT('',#20309);
#6128=VERTEX_POINT('',#20311);
#6129=VERTEX_POINT('',#20315);
#6130=VERTEX_POINT('',#20317);
#6131=VERTEX_POINT('',#20321);
#6132=VERTEX_POINT('',#20323);
#6133=VERTEX_POINT('',#20327);
#6134=VERTEX_POINT('',#20329);
#6135=VERTEX_POINT('',#20333);
#6136=VERTEX_POINT('',#20335);
#6137=VERTEX_POINT('',#20339);
#6138=VERTEX_POINT('',#20341);
#6139=VERTEX_POINT('',#20348);
#6140=VERTEX_POINT('',#20349);
#6141=VERTEX_POINT('',#20351);
#6142=VERTEX_POINT('',#20353);
#6143=VERTEX_POINT('',#20357);
#6144=VERTEX_POINT('',#20359);
#6145=VERTEX_POINT('',#20363);
#6146=VERTEX_POINT('',#20365);
#6147=VERTEX_POINT('',#20369);
#6148=VERTEX_POINT('',#20371);
#6149=VERTEX_POINT('',#20375);
#6150=VERTEX_POINT('',#20377);
#6151=VERTEX_POINT('',#20381);
#6152=VERTEX_POINT('',#20383);
#6153=VERTEX_POINT('',#20387);
#6154=VERTEX_POINT('',#20389);
#6155=VERTEX_POINT('',#20393);
#6156=VERTEX_POINT('',#20395);
#6157=VERTEX_POINT('',#20399);
#6158=VERTEX_POINT('',#20401);
#6159=VERTEX_POINT('',#20405);
#6160=VERTEX_POINT('',#20407);
#6161=VERTEX_POINT('',#20411);
#6162=VERTEX_POINT('',#20413);
#6163=VERTEX_POINT('',#20417);
#6164=VERTEX_POINT('',#20419);
#6165=VERTEX_POINT('',#20423);
#6166=VERTEX_POINT('',#20425);
#6167=VERTEX_POINT('',#20429);
#6168=VERTEX_POINT('',#20431);
#6169=VERTEX_POINT('',#20435);
#6170=VERTEX_POINT('',#20437);
#6171=VERTEX_POINT('',#20441);
#6172=VERTEX_POINT('',#20443);
#6173=VERTEX_POINT('',#20447);
#6174=VERTEX_POINT('',#20449);
#6175=VERTEX_POINT('',#20453);
#6176=VERTEX_POINT('',#20455);
#6177=VERTEX_POINT('',#20459);
#6178=VERTEX_POINT('',#20461);
#6179=VERTEX_POINT('',#20468);
#6180=VERTEX_POINT('',#20469);
#6181=VERTEX_POINT('',#20471);
#6182=VERTEX_POINT('',#20473);
#6183=VERTEX_POINT('',#20477);
#6184=VERTEX_POINT('',#20479);
#6185=VERTEX_POINT('',#20483);
#6186=VERTEX_POINT('',#20485);
#6187=VERTEX_POINT('',#20489);
#6188=VERTEX_POINT('',#20491);
#6189=VERTEX_POINT('',#20495);
#6190=VERTEX_POINT('',#20497);
#6191=VERTEX_POINT('',#20501);
#6192=VERTEX_POINT('',#20503);
#6193=VERTEX_POINT('',#20507);
#6194=VERTEX_POINT('',#20509);
#6195=VERTEX_POINT('',#20513);
#6196=VERTEX_POINT('',#20515);
#6197=VERTEX_POINT('',#20519);
#6198=VERTEX_POINT('',#20521);
#6199=VERTEX_POINT('',#20525);
#6200=VERTEX_POINT('',#20527);
#6201=VERTEX_POINT('',#20531);
#6202=VERTEX_POINT('',#20533);
#6203=VERTEX_POINT('',#20537);
#6204=VERTEX_POINT('',#20539);
#6205=VERTEX_POINT('',#20543);
#6206=VERTEX_POINT('',#20545);
#6207=VERTEX_POINT('',#20549);
#6208=VERTEX_POINT('',#20551);
#6209=VERTEX_POINT('',#20555);
#6210=VERTEX_POINT('',#20557);
#6211=VERTEX_POINT('',#20561);
#6212=VERTEX_POINT('',#20563);
#6213=VERTEX_POINT('',#20567);
#6214=VERTEX_POINT('',#20569);
#6215=VERTEX_POINT('',#20573);
#6216=VERTEX_POINT('',#20575);
#6217=VERTEX_POINT('',#20579);
#6218=VERTEX_POINT('',#20581);
#6219=VERTEX_POINT('',#20588);
#6220=VERTEX_POINT('',#20589);
#6221=VERTEX_POINT('',#20591);
#6222=VERTEX_POINT('',#20593);
#6223=VERTEX_POINT('',#20597);
#6224=VERTEX_POINT('',#20599);
#6225=VERTEX_POINT('',#20603);
#6226=VERTEX_POINT('',#20605);
#6227=VERTEX_POINT('',#20609);
#6228=VERTEX_POINT('',#20611);
#6229=VERTEX_POINT('',#20615);
#6230=VERTEX_POINT('',#20617);
#6231=VERTEX_POINT('',#20621);
#6232=VERTEX_POINT('',#20623);
#6233=VERTEX_POINT('',#20627);
#6234=VERTEX_POINT('',#20629);
#6235=VERTEX_POINT('',#20633);
#6236=VERTEX_POINT('',#20635);
#6237=VERTEX_POINT('',#20639);
#6238=VERTEX_POINT('',#20641);
#6239=VERTEX_POINT('',#20645);
#6240=VERTEX_POINT('',#20647);
#6241=VERTEX_POINT('',#20651);
#6242=VERTEX_POINT('',#20653);
#6243=VERTEX_POINT('',#20657);
#6244=VERTEX_POINT('',#20659);
#6245=VERTEX_POINT('',#20663);
#6246=VERTEX_POINT('',#20665);
#6247=VERTEX_POINT('',#20669);
#6248=VERTEX_POINT('',#20671);
#6249=VERTEX_POINT('',#20675);
#6250=VERTEX_POINT('',#20677);
#6251=VERTEX_POINT('',#20681);
#6252=VERTEX_POINT('',#20683);
#6253=VERTEX_POINT('',#20687);
#6254=VERTEX_POINT('',#20689);
#6255=VERTEX_POINT('',#20693);
#6256=VERTEX_POINT('',#20695);
#6257=VERTEX_POINT('',#20699);
#6258=VERTEX_POINT('',#20701);
#6259=VERTEX_POINT('',#20705);
#6260=VERTEX_POINT('',#20707);
#6261=VERTEX_POINT('',#20711);
#6262=VERTEX_POINT('',#20713);
#6263=VERTEX_POINT('',#20717);
#6264=VERTEX_POINT('',#20719);
#6265=VERTEX_POINT('',#20723);
#6266=VERTEX_POINT('',#20725);
#6267=VERTEX_POINT('',#20729);
#6268=VERTEX_POINT('',#20731);
#6269=VERTEX_POINT('',#20735);
#6270=VERTEX_POINT('',#20737);
#6271=VERTEX_POINT('',#20741);
#6272=VERTEX_POINT('',#20743);
#6273=VERTEX_POINT('',#20747);
#6274=VERTEX_POINT('',#20749);
#6275=VERTEX_POINT('',#20753);
#6276=VERTEX_POINT('',#20755);
#6277=VERTEX_POINT('',#20759);
#6278=VERTEX_POINT('',#20761);
#6279=VERTEX_POINT('',#20765);
#6280=VERTEX_POINT('',#20767);
#6281=VERTEX_POINT('',#20771);
#6282=VERTEX_POINT('',#20773);
#6283=VERTEX_POINT('',#20777);
#6284=VERTEX_POINT('',#20779);
#6285=VERTEX_POINT('',#20783);
#6286=VERTEX_POINT('',#20785);
#6287=VERTEX_POINT('',#20789);
#6288=VERTEX_POINT('',#20791);
#6289=VERTEX_POINT('',#20795);
#6290=VERTEX_POINT('',#20797);
#6291=VERTEX_POINT('',#20801);
#6292=VERTEX_POINT('',#20803);
#6293=VERTEX_POINT('',#20807);
#6294=VERTEX_POINT('',#20809);
#6295=VERTEX_POINT('',#20813);
#6296=VERTEX_POINT('',#20815);
#6297=VERTEX_POINT('',#20819);
#6298=VERTEX_POINT('',#20821);
#6299=VERTEX_POINT('',#20825);
#6300=VERTEX_POINT('',#20827);
#6301=VERTEX_POINT('',#20831);
#6302=VERTEX_POINT('',#20833);
#6303=VERTEX_POINT('',#20837);
#6304=VERTEX_POINT('',#20839);
#6305=VERTEX_POINT('',#20843);
#6306=VERTEX_POINT('',#20845);
#6307=VERTEX_POINT('',#20849);
#6308=VERTEX_POINT('',#20851);
#6309=VERTEX_POINT('',#20855);
#6310=VERTEX_POINT('',#20857);
#6311=VERTEX_POINT('',#20861);
#6312=VERTEX_POINT('',#20863);
#6313=VERTEX_POINT('',#20867);
#6314=VERTEX_POINT('',#20869);
#6315=VERTEX_POINT('',#20873);
#6316=VERTEX_POINT('',#20875);
#6317=VERTEX_POINT('',#20879);
#6318=VERTEX_POINT('',#20881);
#6319=VERTEX_POINT('',#20885);
#6320=VERTEX_POINT('',#20887);
#6321=VERTEX_POINT('',#20891);
#6322=VERTEX_POINT('',#20893);
#6323=VERTEX_POINT('',#20897);
#6324=VERTEX_POINT('',#20899);
#6325=VERTEX_POINT('',#20903);
#6326=VERTEX_POINT('',#20905);
#6327=VERTEX_POINT('',#20909);
#6328=VERTEX_POINT('',#20911);
#6329=VERTEX_POINT('',#20915);
#6330=VERTEX_POINT('',#20917);
#6331=VERTEX_POINT('',#20921);
#6332=VERTEX_POINT('',#20923);
#6333=VERTEX_POINT('',#20927);
#6334=VERTEX_POINT('',#20929);
#6335=VERTEX_POINT('',#20933);
#6336=VERTEX_POINT('',#20935);
#6337=VERTEX_POINT('',#20939);
#6338=VERTEX_POINT('',#20941);
#6339=VERTEX_POINT('',#20945);
#6340=VERTEX_POINT('',#20947);
#6341=VERTEX_POINT('',#20951);
#6342=VERTEX_POINT('',#20953);
#6343=VERTEX_POINT('',#20957);
#6344=VERTEX_POINT('',#20959);
#6345=VERTEX_POINT('',#20963);
#6346=VERTEX_POINT('',#20965);
#6347=VERTEX_POINT('',#20969);
#6348=VERTEX_POINT('',#20971);
#6349=VERTEX_POINT('',#20975);
#6350=VERTEX_POINT('',#20977);
#6351=VERTEX_POINT('',#20981);
#6352=VERTEX_POINT('',#20983);
#6353=VERTEX_POINT('',#20987);
#6354=VERTEX_POINT('',#20989);
#6355=VERTEX_POINT('',#20993);
#6356=VERTEX_POINT('',#20995);
#6357=VERTEX_POINT('',#20999);
#6358=VERTEX_POINT('',#21001);
#6359=VERTEX_POINT('',#21005);
#6360=VERTEX_POINT('',#21007);
#6361=VERTEX_POINT('',#21011);
#6362=VERTEX_POINT('',#21013);
#6363=VERTEX_POINT('',#21017);
#6364=VERTEX_POINT('',#21019);
#6365=VERTEX_POINT('',#21023);
#6366=VERTEX_POINT('',#21025);
#6367=VERTEX_POINT('',#21029);
#6368=VERTEX_POINT('',#21031);
#6369=VERTEX_POINT('',#21035);
#6370=VERTEX_POINT('',#21037);
#6371=VERTEX_POINT('',#21041);
#6372=VERTEX_POINT('',#21043);
#6373=VERTEX_POINT('',#21047);
#6374=VERTEX_POINT('',#21049);
#6375=VERTEX_POINT('',#21053);
#6376=VERTEX_POINT('',#21055);
#6377=VERTEX_POINT('',#21059);
#6378=VERTEX_POINT('',#21061);
#6379=VERTEX_POINT('',#21065);
#6380=VERTEX_POINT('',#21067);
#6381=VERTEX_POINT('',#21071);
#6382=VERTEX_POINT('',#21073);
#6383=VERTEX_POINT('',#21077);
#6384=VERTEX_POINT('',#21079);
#6385=VERTEX_POINT('',#21083);
#6386=VERTEX_POINT('',#21085);
#6387=VERTEX_POINT('',#21089);
#6388=VERTEX_POINT('',#21091);
#6389=VERTEX_POINT('',#21095);
#6390=VERTEX_POINT('',#21097);
#6391=VERTEX_POINT('',#21101);
#6392=VERTEX_POINT('',#21103);
#6393=VERTEX_POINT('',#21107);
#6394=VERTEX_POINT('',#21109);
#6395=VERTEX_POINT('',#21113);
#6396=VERTEX_POINT('',#21115);
#6397=VERTEX_POINT('',#21119);
#6398=VERTEX_POINT('',#21121);
#6399=VERTEX_POINT('',#21125);
#6400=VERTEX_POINT('',#21127);
#6401=VERTEX_POINT('',#21131);
#6402=VERTEX_POINT('',#21133);
#6403=VERTEX_POINT('',#21143);
#6404=VERTEX_POINT('',#21144);
#6405=VERTEX_POINT('',#21146);
#6406=VERTEX_POINT('',#21148);
#6407=VERTEX_POINT('',#21152);
#6408=VERTEX_POINT('',#21154);
#6409=VERTEX_POINT('',#21158);
#6410=VERTEX_POINT('',#21160);
#6411=VERTEX_POINT('',#21167);
#6412=VERTEX_POINT('',#21168);
#6413=VERTEX_POINT('',#21170);
#6414=VERTEX_POINT('',#21172);
#6415=VERTEX_POINT('',#21176);
#6416=VERTEX_POINT('',#21178);
#6417=VERTEX_POINT('',#21182);
#6418=VERTEX_POINT('',#21184);
#6419=VERTEX_POINT('',#21191);
#6420=VERTEX_POINT('',#21192);
#6421=VERTEX_POINT('',#21194);
#6422=VERTEX_POINT('',#21196);
#6423=VERTEX_POINT('',#21200);
#6424=VERTEX_POINT('',#21202);
#6425=VERTEX_POINT('',#21206);
#6426=VERTEX_POINT('',#21208);
#6427=VERTEX_POINT('',#21212);
#6428=VERTEX_POINT('',#21214);
#6429=VERTEX_POINT('',#21218);
#6430=VERTEX_POINT('',#21220);
#6431=VERTEX_POINT('',#21224);
#6432=VERTEX_POINT('',#21226);
#6433=VERTEX_POINT('',#21230);
#6434=VERTEX_POINT('',#21232);
#6435=VERTEX_POINT('',#21236);
#6436=VERTEX_POINT('',#21238);
#6437=VERTEX_POINT('',#21242);
#6438=VERTEX_POINT('',#21244);
#6439=VERTEX_POINT('',#21248);
#6440=VERTEX_POINT('',#21250);
#6441=VERTEX_POINT('',#21254);
#6442=VERTEX_POINT('',#21256);
#6443=VERTEX_POINT('',#21260);
#6444=VERTEX_POINT('',#21262);
#6445=VERTEX_POINT('',#21266);
#6446=VERTEX_POINT('',#21268);
#6447=VERTEX_POINT('',#21272);
#6448=VERTEX_POINT('',#21274);
#6449=VERTEX_POINT('',#21278);
#6450=VERTEX_POINT('',#21280);
#6451=VERTEX_POINT('',#21284);
#6452=VERTEX_POINT('',#21286);
#6453=VERTEX_POINT('',#21290);
#6454=VERTEX_POINT('',#21292);
#6455=VERTEX_POINT('',#21296);
#6456=VERTEX_POINT('',#21298);
#6457=VERTEX_POINT('',#21302);
#6458=VERTEX_POINT('',#21304);
#6459=VERTEX_POINT('',#21311);
#6460=VERTEX_POINT('',#21312);
#6461=VERTEX_POINT('',#21314);
#6462=VERTEX_POINT('',#21316);
#6463=VERTEX_POINT('',#21320);
#6464=VERTEX_POINT('',#21322);
#6465=VERTEX_POINT('',#21326);
#6466=VERTEX_POINT('',#21328);
#6467=VERTEX_POINT('',#21332);
#6468=VERTEX_POINT('',#21334);
#6469=VERTEX_POINT('',#21338);
#6470=VERTEX_POINT('',#21340);
#6471=VERTEX_POINT('',#21344);
#6472=VERTEX_POINT('',#21346);
#6473=VERTEX_POINT('',#21350);
#6474=VERTEX_POINT('',#21352);
#6475=VERTEX_POINT('',#21356);
#6476=VERTEX_POINT('',#21358);
#6477=VERTEX_POINT('',#21362);
#6478=VERTEX_POINT('',#21364);
#6479=VERTEX_POINT('',#21368);
#6480=VERTEX_POINT('',#21370);
#6481=VERTEX_POINT('',#21374);
#6482=VERTEX_POINT('',#21376);
#6483=VERTEX_POINT('',#21380);
#6484=VERTEX_POINT('',#21382);
#6485=VERTEX_POINT('',#21386);
#6486=VERTEX_POINT('',#21388);
#6487=VERTEX_POINT('',#21392);
#6488=VERTEX_POINT('',#21394);
#6489=VERTEX_POINT('',#21398);
#6490=VERTEX_POINT('',#21400);
#6491=VERTEX_POINT('',#21404);
#6492=VERTEX_POINT('',#21406);
#6493=VERTEX_POINT('',#21410);
#6494=VERTEX_POINT('',#21412);
#6495=VERTEX_POINT('',#21416);
#6496=VERTEX_POINT('',#21418);
#6497=VERTEX_POINT('',#21422);
#6498=VERTEX_POINT('',#21424);
#6499=VERTEX_POINT('',#21431);
#6500=VERTEX_POINT('',#21432);
#6501=VERTEX_POINT('',#21434);
#6502=VERTEX_POINT('',#21436);
#6503=VERTEX_POINT('',#21440);
#6504=VERTEX_POINT('',#21442);
#6505=VERTEX_POINT('',#21446);
#6506=VERTEX_POINT('',#21448);
#6507=VERTEX_POINT('',#21452);
#6508=VERTEX_POINT('',#21454);
#6509=VERTEX_POINT('',#21458);
#6510=VERTEX_POINT('',#21460);
#6511=VERTEX_POINT('',#21464);
#6512=VERTEX_POINT('',#21466);
#6513=VERTEX_POINT('',#21470);
#6514=VERTEX_POINT('',#21472);
#6515=VERTEX_POINT('',#21476);
#6516=VERTEX_POINT('',#21478);
#6517=VERTEX_POINT('',#21482);
#6518=VERTEX_POINT('',#21484);
#6519=VERTEX_POINT('',#21488);
#6520=VERTEX_POINT('',#21490);
#6521=VERTEX_POINT('',#21494);
#6522=VERTEX_POINT('',#21496);
#6523=VERTEX_POINT('',#21500);
#6524=VERTEX_POINT('',#21502);
#6525=VERTEX_POINT('',#21506);
#6526=VERTEX_POINT('',#21508);
#6527=VERTEX_POINT('',#21512);
#6528=VERTEX_POINT('',#21514);
#6529=VERTEX_POINT('',#21518);
#6530=VERTEX_POINT('',#21520);
#6531=VERTEX_POINT('',#21524);
#6532=VERTEX_POINT('',#21526);
#6533=VERTEX_POINT('',#21530);
#6534=VERTEX_POINT('',#21532);
#6535=VERTEX_POINT('',#21536);
#6536=VERTEX_POINT('',#21538);
#6537=VERTEX_POINT('',#21542);
#6538=VERTEX_POINT('',#21544);
#6539=VERTEX_POINT('',#21551);
#6540=VERTEX_POINT('',#21552);
#6541=VERTEX_POINT('',#21554);
#6542=VERTEX_POINT('',#21556);
#6543=VERTEX_POINT('',#21560);
#6544=VERTEX_POINT('',#21562);
#6545=VERTEX_POINT('',#21566);
#6546=VERTEX_POINT('',#21568);
#6547=VERTEX_POINT('',#21572);
#6548=VERTEX_POINT('',#21574);
#6549=VERTEX_POINT('',#21578);
#6550=VERTEX_POINT('',#21580);
#6551=VERTEX_POINT('',#21584);
#6552=VERTEX_POINT('',#21586);
#6553=VERTEX_POINT('',#21590);
#6554=VERTEX_POINT('',#21592);
#6555=VERTEX_POINT('',#21596);
#6556=VERTEX_POINT('',#21598);
#6557=VERTEX_POINT('',#21602);
#6558=VERTEX_POINT('',#21604);
#6559=VERTEX_POINT('',#21608);
#6560=VERTEX_POINT('',#21610);
#6561=VERTEX_POINT('',#21614);
#6562=VERTEX_POINT('',#21616);
#6563=VERTEX_POINT('',#21620);
#6564=VERTEX_POINT('',#21622);
#6565=VERTEX_POINT('',#21626);
#6566=VERTEX_POINT('',#21628);
#6567=VERTEX_POINT('',#21632);
#6568=VERTEX_POINT('',#21634);
#6569=VERTEX_POINT('',#21638);
#6570=VERTEX_POINT('',#21640);
#6571=VERTEX_POINT('',#21644);
#6572=VERTEX_POINT('',#21646);
#6573=VERTEX_POINT('',#21650);
#6574=VERTEX_POINT('',#21652);
#6575=VERTEX_POINT('',#21656);
#6576=VERTEX_POINT('',#21658);
#6577=VERTEX_POINT('',#21662);
#6578=VERTEX_POINT('',#21664);
#6579=VERTEX_POINT('',#21671);
#6580=VERTEX_POINT('',#21672);
#6581=VERTEX_POINT('',#21674);
#6582=VERTEX_POINT('',#21676);
#6583=VERTEX_POINT('',#21680);
#6584=VERTEX_POINT('',#21682);
#6585=VERTEX_POINT('',#21686);
#6586=VERTEX_POINT('',#21688);
#6587=VERTEX_POINT('',#21692);
#6588=VERTEX_POINT('',#21694);
#6589=VERTEX_POINT('',#21698);
#6590=VERTEX_POINT('',#21700);
#6591=VERTEX_POINT('',#21704);
#6592=VERTEX_POINT('',#21706);
#6593=VERTEX_POINT('',#21710);
#6594=VERTEX_POINT('',#21712);
#6595=VERTEX_POINT('',#21716);
#6596=VERTEX_POINT('',#21718);
#6597=VERTEX_POINT('',#21722);
#6598=VERTEX_POINT('',#21724);
#6599=VERTEX_POINT('',#21728);
#6600=VERTEX_POINT('',#21730);
#6601=VERTEX_POINT('',#21734);
#6602=VERTEX_POINT('',#21736);
#6603=VERTEX_POINT('',#21740);
#6604=VERTEX_POINT('',#21742);
#6605=VERTEX_POINT('',#21746);
#6606=VERTEX_POINT('',#21748);
#6607=VERTEX_POINT('',#21752);
#6608=VERTEX_POINT('',#21754);
#6609=VERTEX_POINT('',#21758);
#6610=VERTEX_POINT('',#21760);
#6611=VERTEX_POINT('',#21764);
#6612=VERTEX_POINT('',#21766);
#6613=VERTEX_POINT('',#21770);
#6614=VERTEX_POINT('',#21772);
#6615=VERTEX_POINT('',#21776);
#6616=VERTEX_POINT('',#21778);
#6617=VERTEX_POINT('',#21782);
#6618=VERTEX_POINT('',#21784);
#6619=VERTEX_POINT('',#21791);
#6620=VERTEX_POINT('',#21792);
#6621=VERTEX_POINT('',#21794);
#6622=VERTEX_POINT('',#21796);
#6623=VERTEX_POINT('',#21800);
#6624=VERTEX_POINT('',#21802);
#6625=VERTEX_POINT('',#21806);
#6626=VERTEX_POINT('',#21808);
#6627=VERTEX_POINT('',#21812);
#6628=VERTEX_POINT('',#21814);
#6629=VERTEX_POINT('',#21818);
#6630=VERTEX_POINT('',#21820);
#6631=VERTEX_POINT('',#21824);
#6632=VERTEX_POINT('',#21826);
#6633=VERTEX_POINT('',#21830);
#6634=VERTEX_POINT('',#21832);
#6635=VERTEX_POINT('',#21836);
#6636=VERTEX_POINT('',#21838);
#6637=VERTEX_POINT('',#21842);
#6638=VERTEX_POINT('',#21844);
#6639=VERTEX_POINT('',#21848);
#6640=VERTEX_POINT('',#21850);
#6641=VERTEX_POINT('',#21854);
#6642=VERTEX_POINT('',#21856);
#6643=VERTEX_POINT('',#21860);
#6644=VERTEX_POINT('',#21862);
#6645=VERTEX_POINT('',#21866);
#6646=VERTEX_POINT('',#21868);
#6647=VERTEX_POINT('',#21872);
#6648=VERTEX_POINT('',#21874);
#6649=VERTEX_POINT('',#21878);
#6650=VERTEX_POINT('',#21880);
#6651=VERTEX_POINT('',#21884);
#6652=VERTEX_POINT('',#21886);
#6653=VERTEX_POINT('',#21890);
#6654=VERTEX_POINT('',#21892);
#6655=VERTEX_POINT('',#21896);
#6656=VERTEX_POINT('',#21898);
#6657=VERTEX_POINT('',#21902);
#6658=VERTEX_POINT('',#21904);
#6659=VERTEX_POINT('',#21911);
#6660=VERTEX_POINT('',#21912);
#6661=VERTEX_POINT('',#21914);
#6662=VERTEX_POINT('',#21916);
#6663=VERTEX_POINT('',#21920);
#6664=VERTEX_POINT('',#21922);
#6665=VERTEX_POINT('',#21926);
#6666=VERTEX_POINT('',#21928);
#6667=VERTEX_POINT('',#21932);
#6668=VERTEX_POINT('',#21934);
#6669=VERTEX_POINT('',#21938);
#6670=VERTEX_POINT('',#21940);
#6671=VERTEX_POINT('',#21944);
#6672=VERTEX_POINT('',#21946);
#6673=VERTEX_POINT('',#21950);
#6674=VERTEX_POINT('',#21952);
#6675=VERTEX_POINT('',#21956);
#6676=VERTEX_POINT('',#21958);
#6677=VERTEX_POINT('',#21962);
#6678=VERTEX_POINT('',#21964);
#6679=VERTEX_POINT('',#21968);
#6680=VERTEX_POINT('',#21970);
#6681=VERTEX_POINT('',#21974);
#6682=VERTEX_POINT('',#21976);
#6683=VERTEX_POINT('',#21980);
#6684=VERTEX_POINT('',#21982);
#6685=VERTEX_POINT('',#21986);
#6686=VERTEX_POINT('',#21988);
#6687=VERTEX_POINT('',#21992);
#6688=VERTEX_POINT('',#21994);
#6689=VERTEX_POINT('',#21998);
#6690=VERTEX_POINT('',#22000);
#6691=VERTEX_POINT('',#22004);
#6692=VERTEX_POINT('',#22006);
#6693=VERTEX_POINT('',#22010);
#6694=VERTEX_POINT('',#22012);
#6695=VERTEX_POINT('',#22016);
#6696=VERTEX_POINT('',#22018);
#6697=VERTEX_POINT('',#22022);
#6698=VERTEX_POINT('',#22024);
#6699=VERTEX_POINT('',#22031);
#6700=VERTEX_POINT('',#22032);
#6701=VERTEX_POINT('',#22034);
#6702=VERTEX_POINT('',#22036);
#6703=VERTEX_POINT('',#22040);
#6704=VERTEX_POINT('',#22042);
#6705=VERTEX_POINT('',#22046);
#6706=VERTEX_POINT('',#22048);
#6707=VERTEX_POINT('',#22052);
#6708=VERTEX_POINT('',#22054);
#6709=VERTEX_POINT('',#22058);
#6710=VERTEX_POINT('',#22060);
#6711=VERTEX_POINT('',#22064);
#6712=VERTEX_POINT('',#22066);
#6713=VERTEX_POINT('',#22070);
#6714=VERTEX_POINT('',#22072);
#6715=VERTEX_POINT('',#22076);
#6716=VERTEX_POINT('',#22078);
#6717=VERTEX_POINT('',#22082);
#6718=VERTEX_POINT('',#22084);
#6719=VERTEX_POINT('',#22088);
#6720=VERTEX_POINT('',#22090);
#6721=VERTEX_POINT('',#22094);
#6722=VERTEX_POINT('',#22096);
#6723=VERTEX_POINT('',#22100);
#6724=VERTEX_POINT('',#22102);
#6725=VERTEX_POINT('',#22106);
#6726=VERTEX_POINT('',#22108);
#6727=VERTEX_POINT('',#22112);
#6728=VERTEX_POINT('',#22114);
#6729=VERTEX_POINT('',#22118);
#6730=VERTEX_POINT('',#22120);
#6731=VERTEX_POINT('',#22124);
#6732=VERTEX_POINT('',#22126);
#6733=VERTEX_POINT('',#22130);
#6734=VERTEX_POINT('',#22132);
#6735=VERTEX_POINT('',#22136);
#6736=VERTEX_POINT('',#22138);
#6737=VERTEX_POINT('',#22142);
#6738=VERTEX_POINT('',#22144);
#6739=VERTEX_POINT('',#22151);
#6740=VERTEX_POINT('',#22152);
#6741=VERTEX_POINT('',#22154);
#6742=VERTEX_POINT('',#22156);
#6743=VERTEX_POINT('',#22160);
#6744=VERTEX_POINT('',#22162);
#6745=VERTEX_POINT('',#22166);
#6746=VERTEX_POINT('',#22168);
#6747=VERTEX_POINT('',#22172);
#6748=VERTEX_POINT('',#22174);
#6749=VERTEX_POINT('',#22178);
#6750=VERTEX_POINT('',#22180);
#6751=VERTEX_POINT('',#22184);
#6752=VERTEX_POINT('',#22186);
#6753=VERTEX_POINT('',#22190);
#6754=VERTEX_POINT('',#22192);
#6755=VERTEX_POINT('',#22196);
#6756=VERTEX_POINT('',#22198);
#6757=VERTEX_POINT('',#22202);
#6758=VERTEX_POINT('',#22204);
#6759=VERTEX_POINT('',#22208);
#6760=VERTEX_POINT('',#22210);
#6761=VERTEX_POINT('',#22214);
#6762=VERTEX_POINT('',#22216);
#6763=VERTEX_POINT('',#22220);
#6764=VERTEX_POINT('',#22222);
#6765=VERTEX_POINT('',#22226);
#6766=VERTEX_POINT('',#22228);
#6767=VERTEX_POINT('',#22232);
#6768=VERTEX_POINT('',#22234);
#6769=VERTEX_POINT('',#22238);
#6770=VERTEX_POINT('',#22240);
#6771=VERTEX_POINT('',#22244);
#6772=VERTEX_POINT('',#22246);
#6773=VERTEX_POINT('',#22250);
#6774=VERTEX_POINT('',#22252);
#6775=VERTEX_POINT('',#22256);
#6776=VERTEX_POINT('',#22258);
#6777=VERTEX_POINT('',#22262);
#6778=VERTEX_POINT('',#22264);
#6779=VERTEX_POINT('',#22271);
#6780=VERTEX_POINT('',#22272);
#6781=VERTEX_POINT('',#22274);
#6782=VERTEX_POINT('',#22276);
#6783=VERTEX_POINT('',#22280);
#6784=VERTEX_POINT('',#22282);
#6785=VERTEX_POINT('',#22286);
#6786=VERTEX_POINT('',#22288);
#6787=VERTEX_POINT('',#22292);
#6788=VERTEX_POINT('',#22294);
#6789=VERTEX_POINT('',#22298);
#6790=VERTEX_POINT('',#22300);
#6791=VERTEX_POINT('',#22304);
#6792=VERTEX_POINT('',#22306);
#6793=VERTEX_POINT('',#22310);
#6794=VERTEX_POINT('',#22312);
#6795=VERTEX_POINT('',#22316);
#6796=VERTEX_POINT('',#22318);
#6797=VERTEX_POINT('',#22322);
#6798=VERTEX_POINT('',#22324);
#6799=VERTEX_POINT('',#22328);
#6800=VERTEX_POINT('',#22330);
#6801=VERTEX_POINT('',#22334);
#6802=VERTEX_POINT('',#22336);
#6803=VERTEX_POINT('',#22340);
#6804=VERTEX_POINT('',#22342);
#6805=VERTEX_POINT('',#22346);
#6806=VERTEX_POINT('',#22348);
#6807=VERTEX_POINT('',#22352);
#6808=VERTEX_POINT('',#22354);
#6809=VERTEX_POINT('',#22358);
#6810=VERTEX_POINT('',#22360);
#6811=VERTEX_POINT('',#22364);
#6812=VERTEX_POINT('',#22366);
#6813=VERTEX_POINT('',#22370);
#6814=VERTEX_POINT('',#22372);
#6815=VERTEX_POINT('',#22376);
#6816=VERTEX_POINT('',#22378);
#6817=VERTEX_POINT('',#22382);
#6818=VERTEX_POINT('',#22384);
#6819=VERTEX_POINT('',#22391);
#6820=VERTEX_POINT('',#22392);
#6821=VERTEX_POINT('',#22394);
#6822=VERTEX_POINT('',#22396);
#6823=VERTEX_POINT('',#22400);
#6824=VERTEX_POINT('',#22402);
#6825=VERTEX_POINT('',#22406);
#6826=VERTEX_POINT('',#22408);
#6827=VERTEX_POINT('',#22412);
#6828=VERTEX_POINT('',#22414);
#6829=VERTEX_POINT('',#22418);
#6830=VERTEX_POINT('',#22420);
#6831=VERTEX_POINT('',#22424);
#6832=VERTEX_POINT('',#22426);
#6833=VERTEX_POINT('',#22430);
#6834=VERTEX_POINT('',#22432);
#6835=VERTEX_POINT('',#22436);
#6836=VERTEX_POINT('',#22438);
#6837=VERTEX_POINT('',#22442);
#6838=VERTEX_POINT('',#22444);
#6839=VERTEX_POINT('',#22448);
#6840=VERTEX_POINT('',#22450);
#6841=VERTEX_POINT('',#22454);
#6842=VERTEX_POINT('',#22456);
#6843=VERTEX_POINT('',#22460);
#6844=VERTEX_POINT('',#22462);
#6845=VERTEX_POINT('',#22466);
#6846=VERTEX_POINT('',#22468);
#6847=VERTEX_POINT('',#22472);
#6848=VERTEX_POINT('',#22474);
#6849=VERTEX_POINT('',#22478);
#6850=VERTEX_POINT('',#22480);
#6851=VERTEX_POINT('',#22484);
#6852=VERTEX_POINT('',#22486);
#6853=VERTEX_POINT('',#22490);
#6854=VERTEX_POINT('',#22492);
#6855=VERTEX_POINT('',#22496);
#6856=VERTEX_POINT('',#22498);
#6857=VERTEX_POINT('',#22502);
#6858=VERTEX_POINT('',#22504);
#6859=VERTEX_POINT('',#22511);
#6860=VERTEX_POINT('',#22512);
#6861=VERTEX_POINT('',#22514);
#6862=VERTEX_POINT('',#22516);
#6863=VERTEX_POINT('',#22520);
#6864=VERTEX_POINT('',#22522);
#6865=VERTEX_POINT('',#22526);
#6866=VERTEX_POINT('',#22528);
#6867=VERTEX_POINT('',#22532);
#6868=VERTEX_POINT('',#22534);
#6869=VERTEX_POINT('',#22538);
#6870=VERTEX_POINT('',#22540);
#6871=VERTEX_POINT('',#22544);
#6872=VERTEX_POINT('',#22546);
#6873=VERTEX_POINT('',#22550);
#6874=VERTEX_POINT('',#22552);
#6875=VERTEX_POINT('',#22556);
#6876=VERTEX_POINT('',#22558);
#6877=VERTEX_POINT('',#22562);
#6878=VERTEX_POINT('',#22564);
#6879=VERTEX_POINT('',#22568);
#6880=VERTEX_POINT('',#22570);
#6881=VERTEX_POINT('',#22574);
#6882=VERTEX_POINT('',#22576);
#6883=VERTEX_POINT('',#22580);
#6884=VERTEX_POINT('',#22582);
#6885=VERTEX_POINT('',#22586);
#6886=VERTEX_POINT('',#22588);
#6887=VERTEX_POINT('',#22592);
#6888=VERTEX_POINT('',#22594);
#6889=VERTEX_POINT('',#22598);
#6890=VERTEX_POINT('',#22600);
#6891=VERTEX_POINT('',#22604);
#6892=VERTEX_POINT('',#22606);
#6893=VERTEX_POINT('',#22610);
#6894=VERTEX_POINT('',#22612);
#6895=VERTEX_POINT('',#22616);
#6896=VERTEX_POINT('',#22618);
#6897=VERTEX_POINT('',#22622);
#6898=VERTEX_POINT('',#22624);
#6899=VERTEX_POINT('',#22631);
#6900=VERTEX_POINT('',#22632);
#6901=VERTEX_POINT('',#22634);
#6902=VERTEX_POINT('',#22636);
#6903=VERTEX_POINT('',#22640);
#6904=VERTEX_POINT('',#22642);
#6905=VERTEX_POINT('',#22646);
#6906=VERTEX_POINT('',#22648);
#6907=VERTEX_POINT('',#22652);
#6908=VERTEX_POINT('',#22654);
#6909=VERTEX_POINT('',#22658);
#6910=VERTEX_POINT('',#22660);
#6911=VERTEX_POINT('',#22664);
#6912=VERTEX_POINT('',#22666);
#6913=VERTEX_POINT('',#22670);
#6914=VERTEX_POINT('',#22672);
#6915=VERTEX_POINT('',#22676);
#6916=VERTEX_POINT('',#22678);
#6917=VERTEX_POINT('',#22682);
#6918=VERTEX_POINT('',#22684);
#6919=VERTEX_POINT('',#22688);
#6920=VERTEX_POINT('',#22690);
#6921=VERTEX_POINT('',#22694);
#6922=VERTEX_POINT('',#22696);
#6923=VERTEX_POINT('',#22700);
#6924=VERTEX_POINT('',#22702);
#6925=VERTEX_POINT('',#22706);
#6926=VERTEX_POINT('',#22708);
#6927=VERTEX_POINT('',#22712);
#6928=VERTEX_POINT('',#22714);
#6929=VERTEX_POINT('',#22718);
#6930=VERTEX_POINT('',#22720);
#6931=VERTEX_POINT('',#22724);
#6932=VERTEX_POINT('',#22726);
#6933=VERTEX_POINT('',#22730);
#6934=VERTEX_POINT('',#22732);
#6935=VERTEX_POINT('',#22736);
#6936=VERTEX_POINT('',#22738);
#6937=VERTEX_POINT('',#22742);
#6938=VERTEX_POINT('',#22744);
#6939=VERTEX_POINT('',#22751);
#6940=VERTEX_POINT('',#22752);
#6941=VERTEX_POINT('',#22754);
#6942=VERTEX_POINT('',#22756);
#6943=VERTEX_POINT('',#22760);
#6944=VERTEX_POINT('',#22762);
#6945=VERTEX_POINT('',#22766);
#6946=VERTEX_POINT('',#22768);
#6947=VERTEX_POINT('',#22772);
#6948=VERTEX_POINT('',#22774);
#6949=VERTEX_POINT('',#22778);
#6950=VERTEX_POINT('',#22780);
#6951=VERTEX_POINT('',#22784);
#6952=VERTEX_POINT('',#22786);
#6953=VERTEX_POINT('',#22790);
#6954=VERTEX_POINT('',#22792);
#6955=VERTEX_POINT('',#22796);
#6956=VERTEX_POINT('',#22798);
#6957=VERTEX_POINT('',#22802);
#6958=VERTEX_POINT('',#22804);
#6959=VERTEX_POINT('',#22808);
#6960=VERTEX_POINT('',#22810);
#6961=VERTEX_POINT('',#22814);
#6962=VERTEX_POINT('',#22816);
#6963=VERTEX_POINT('',#22820);
#6964=VERTEX_POINT('',#22822);
#6965=VERTEX_POINT('',#22826);
#6966=VERTEX_POINT('',#22828);
#6967=VERTEX_POINT('',#22832);
#6968=VERTEX_POINT('',#22834);
#6969=VERTEX_POINT('',#22838);
#6970=VERTEX_POINT('',#22840);
#6971=VERTEX_POINT('',#22844);
#6972=VERTEX_POINT('',#22846);
#6973=VERTEX_POINT('',#22850);
#6974=VERTEX_POINT('',#22852);
#6975=VERTEX_POINT('',#22856);
#6976=VERTEX_POINT('',#22858);
#6977=VERTEX_POINT('',#22862);
#6978=VERTEX_POINT('',#22864);
#6979=VERTEX_POINT('',#22868);
#6980=VERTEX_POINT('',#22870);
#6981=VERTEX_POINT('',#22874);
#6982=VERTEX_POINT('',#22876);
#6983=VERTEX_POINT('',#22880);
#6984=VERTEX_POINT('',#22882);
#6985=VERTEX_POINT('',#22886);
#6986=VERTEX_POINT('',#22888);
#6987=VERTEX_POINT('',#22892);
#6988=VERTEX_POINT('',#22894);
#6989=VERTEX_POINT('',#22898);
#6990=VERTEX_POINT('',#22900);
#6991=VERTEX_POINT('',#22904);
#6992=VERTEX_POINT('',#22906);
#6993=VERTEX_POINT('',#22910);
#6994=VERTEX_POINT('',#22912);
#6995=VERTEX_POINT('',#22916);
#6996=VERTEX_POINT('',#22918);
#6997=VERTEX_POINT('',#22922);
#6998=VERTEX_POINT('',#22924);
#6999=VERTEX_POINT('',#22928);
#7000=VERTEX_POINT('',#22930);
#7001=VERTEX_POINT('',#22934);
#7002=VERTEX_POINT('',#22936);
#7003=VERTEX_POINT('',#22940);
#7004=VERTEX_POINT('',#22942);
#7005=VERTEX_POINT('',#22946);
#7006=VERTEX_POINT('',#22948);
#7007=VERTEX_POINT('',#22952);
#7008=VERTEX_POINT('',#22954);
#7009=VERTEX_POINT('',#22958);
#7010=VERTEX_POINT('',#22960);
#7011=VERTEX_POINT('',#22964);
#7012=VERTEX_POINT('',#22966);
#7013=VERTEX_POINT('',#22970);
#7014=VERTEX_POINT('',#22972);
#7015=VERTEX_POINT('',#22976);
#7016=VERTEX_POINT('',#22978);
#7017=VERTEX_POINT('',#22982);
#7018=VERTEX_POINT('',#22984);
#7019=VERTEX_POINT('',#22988);
#7020=VERTEX_POINT('',#22990);
#7021=VERTEX_POINT('',#22994);
#7022=VERTEX_POINT('',#22996);
#7023=VERTEX_POINT('',#23000);
#7024=VERTEX_POINT('',#23002);
#7025=VERTEX_POINT('',#23006);
#7026=VERTEX_POINT('',#23008);
#7027=VERTEX_POINT('',#23012);
#7028=VERTEX_POINT('',#23014);
#7029=VERTEX_POINT('',#23018);
#7030=VERTEX_POINT('',#23020);
#7031=VERTEX_POINT('',#23024);
#7032=VERTEX_POINT('',#23026);
#7033=VERTEX_POINT('',#23030);
#7034=VERTEX_POINT('',#23032);
#7035=VERTEX_POINT('',#23036);
#7036=VERTEX_POINT('',#23038);
#7037=VERTEX_POINT('',#23042);
#7038=VERTEX_POINT('',#23044);
#7039=VERTEX_POINT('',#23048);
#7040=VERTEX_POINT('',#23050);
#7041=VERTEX_POINT('',#23054);
#7042=VERTEX_POINT('',#23056);
#7043=VERTEX_POINT('',#23060);
#7044=VERTEX_POINT('',#23062);
#7045=VERTEX_POINT('',#23066);
#7046=VERTEX_POINT('',#23068);
#7047=VERTEX_POINT('',#23072);
#7048=VERTEX_POINT('',#23074);
#7049=VERTEX_POINT('',#23078);
#7050=VERTEX_POINT('',#23080);
#7051=VERTEX_POINT('',#23084);
#7052=VERTEX_POINT('',#23086);
#7053=VERTEX_POINT('',#23090);
#7054=VERTEX_POINT('',#23092);
#7055=VERTEX_POINT('',#23096);
#7056=VERTEX_POINT('',#23098);
#7057=VERTEX_POINT('',#23102);
#7058=VERTEX_POINT('',#23104);
#7059=VERTEX_POINT('',#23108);
#7060=VERTEX_POINT('',#23110);
#7061=VERTEX_POINT('',#23114);
#7062=VERTEX_POINT('',#23116);
#7063=VERTEX_POINT('',#23120);
#7064=VERTEX_POINT('',#23122);
#7065=VERTEX_POINT('',#23126);
#7066=VERTEX_POINT('',#23128);
#7067=VERTEX_POINT('',#23132);
#7068=VERTEX_POINT('',#23134);
#7069=VERTEX_POINT('',#23138);
#7070=VERTEX_POINT('',#23140);
#7071=VERTEX_POINT('',#23144);
#7072=VERTEX_POINT('',#23146);
#7073=VERTEX_POINT('',#23150);
#7074=VERTEX_POINT('',#23152);
#7075=VERTEX_POINT('',#23156);
#7076=VERTEX_POINT('',#23158);
#7077=VERTEX_POINT('',#23162);
#7078=VERTEX_POINT('',#23164);
#7079=VERTEX_POINT('',#23168);
#7080=VERTEX_POINT('',#23170);
#7081=VERTEX_POINT('',#23174);
#7082=VERTEX_POINT('',#23176);
#7083=VERTEX_POINT('',#23180);
#7084=VERTEX_POINT('',#23182);
#7085=VERTEX_POINT('',#23186);
#7086=VERTEX_POINT('',#23188);
#7087=VERTEX_POINT('',#23192);
#7088=VERTEX_POINT('',#23194);
#7089=VERTEX_POINT('',#23198);
#7090=VERTEX_POINT('',#23200);
#7091=VERTEX_POINT('',#23204);
#7092=VERTEX_POINT('',#23206);
#7093=VERTEX_POINT('',#23210);
#7094=VERTEX_POINT('',#23212);
#7095=VERTEX_POINT('',#23216);
#7096=VERTEX_POINT('',#23218);
#7097=VERTEX_POINT('',#23222);
#7098=VERTEX_POINT('',#23224);
#7099=VERTEX_POINT('',#23228);
#7100=VERTEX_POINT('',#23230);
#7101=VERTEX_POINT('',#23234);
#7102=VERTEX_POINT('',#23236);
#7103=VERTEX_POINT('',#23240);
#7104=VERTEX_POINT('',#23242);
#7105=VERTEX_POINT('',#23246);
#7106=VERTEX_POINT('',#23248);
#7107=EDGE_CURVE('',#5715,#5716,#1555,.T.);
#7108=EDGE_CURVE('',#5716,#5717,#1556,.T.);
#7109=EDGE_CURVE('',#5718,#5717,#1557,.T.);
#7110=EDGE_CURVE('',#5715,#5718,#1558,.T.);
#7111=EDGE_CURVE('',#5719,#5715,#1559,.T.);
#7112=EDGE_CURVE('',#5720,#5718,#1560,.T.);
#7113=EDGE_CURVE('',#5719,#5720,#1561,.T.);
#7114=EDGE_CURVE('',#5721,#5719,#1562,.T.);
#7115=EDGE_CURVE('',#5722,#5720,#1563,.T.);
#7116=EDGE_CURVE('',#5721,#5722,#1564,.T.);
#7117=EDGE_CURVE('',#5723,#5721,#1565,.T.);
#7118=EDGE_CURVE('',#5724,#5722,#1566,.T.);
#7119=EDGE_CURVE('',#5723,#5724,#1567,.T.);
#7120=EDGE_CURVE('',#5725,#5723,#1568,.T.);
#7121=EDGE_CURVE('',#5726,#5724,#1569,.T.);
#7122=EDGE_CURVE('',#5725,#5726,#1570,.T.);
#7123=EDGE_CURVE('',#5727,#5725,#1571,.T.);
#7124=EDGE_CURVE('',#5728,#5726,#1572,.T.);
#7125=EDGE_CURVE('',#5727,#5728,#1573,.T.);
#7126=EDGE_CURVE('',#5729,#5727,#1574,.T.);
#7127=EDGE_CURVE('',#5730,#5728,#1575,.T.);
#7128=EDGE_CURVE('',#5729,#5730,#1576,.T.);
#7129=EDGE_CURVE('',#5731,#5729,#1577,.T.);
#7130=EDGE_CURVE('',#5732,#5730,#1578,.T.);
#7131=EDGE_CURVE('',#5731,#5732,#1579,.T.);
#7132=EDGE_CURVE('',#5733,#5731,#1580,.T.);
#7133=EDGE_CURVE('',#5734,#5732,#1581,.T.);
#7134=EDGE_CURVE('',#5733,#5734,#1582,.T.);
#7135=EDGE_CURVE('',#5735,#5733,#1583,.T.);
#7136=EDGE_CURVE('',#5736,#5734,#1584,.T.);
#7137=EDGE_CURVE('',#5735,#5736,#1585,.T.);
#7138=EDGE_CURVE('',#5737,#5735,#1586,.T.);
#7139=EDGE_CURVE('',#5738,#5736,#1587,.T.);
#7140=EDGE_CURVE('',#5737,#5738,#1588,.T.);
#7141=EDGE_CURVE('',#5739,#5737,#1589,.T.);
#7142=EDGE_CURVE('',#5740,#5738,#1590,.T.);
#7143=EDGE_CURVE('',#5739,#5740,#1591,.T.);
#7144=EDGE_CURVE('',#5741,#5739,#1592,.T.);
#7145=EDGE_CURVE('',#5742,#5740,#1593,.T.);
#7146=EDGE_CURVE('',#5741,#5742,#1594,.T.);
#7147=EDGE_CURVE('',#5743,#5741,#1595,.T.);
#7148=EDGE_CURVE('',#5744,#5742,#1596,.T.);
#7149=EDGE_CURVE('',#5743,#5744,#1597,.T.);
#7150=EDGE_CURVE('',#5745,#5743,#1598,.T.);
#7151=EDGE_CURVE('',#5746,#5744,#1599,.T.);
#7152=EDGE_CURVE('',#5745,#5746,#1600,.T.);
#7153=EDGE_CURVE('',#5747,#5745,#1601,.T.);
#7154=EDGE_CURVE('',#5748,#5746,#1602,.T.);
#7155=EDGE_CURVE('',#5747,#5748,#1603,.T.);
#7156=EDGE_CURVE('',#5749,#5747,#1604,.T.);
#7157=EDGE_CURVE('',#5750,#5748,#1605,.T.);
#7158=EDGE_CURVE('',#5749,#5750,#1606,.T.);
#7159=EDGE_CURVE('',#5751,#5749,#1607,.T.);
#7160=EDGE_CURVE('',#5752,#5750,#1608,.T.);
#7161=EDGE_CURVE('',#5751,#5752,#1609,.T.);
#7162=EDGE_CURVE('',#5753,#5751,#1610,.T.);
#7163=EDGE_CURVE('',#5754,#5752,#1611,.T.);
#7164=EDGE_CURVE('',#5753,#5754,#1612,.T.);
#7165=EDGE_CURVE('',#5716,#5753,#1613,.T.);
#7166=EDGE_CURVE('',#5717,#5754,#1614,.T.);
#7167=EDGE_CURVE('',#5755,#5756,#1615,.T.);
#7168=EDGE_CURVE('',#5756,#5757,#1616,.T.);
#7169=EDGE_CURVE('',#5758,#5757,#1617,.T.);
#7170=EDGE_CURVE('',#5755,#5758,#1618,.T.);
#7171=EDGE_CURVE('',#5759,#5755,#1619,.T.);
#7172=EDGE_CURVE('',#5760,#5758,#1620,.T.);
#7173=EDGE_CURVE('',#5759,#5760,#1621,.T.);
#7174=EDGE_CURVE('',#5761,#5759,#1622,.T.);
#7175=EDGE_CURVE('',#5762,#5760,#1623,.T.);
#7176=EDGE_CURVE('',#5761,#5762,#1624,.T.);
#7177=EDGE_CURVE('',#5763,#5761,#1625,.T.);
#7178=EDGE_CURVE('',#5764,#5762,#1626,.T.);
#7179=EDGE_CURVE('',#5763,#5764,#1627,.T.);
#7180=EDGE_CURVE('',#5765,#5763,#1628,.T.);
#7181=EDGE_CURVE('',#5766,#5764,#1629,.T.);
#7182=EDGE_CURVE('',#5765,#5766,#1630,.T.);
#7183=EDGE_CURVE('',#5767,#5765,#1631,.T.);
#7184=EDGE_CURVE('',#5768,#5766,#1632,.T.);
#7185=EDGE_CURVE('',#5767,#5768,#1633,.T.);
#7186=EDGE_CURVE('',#5769,#5767,#1634,.T.);
#7187=EDGE_CURVE('',#5770,#5768,#1635,.T.);
#7188=EDGE_CURVE('',#5769,#5770,#1636,.T.);
#7189=EDGE_CURVE('',#5771,#5769,#1637,.T.);
#7190=EDGE_CURVE('',#5772,#5770,#1638,.T.);
#7191=EDGE_CURVE('',#5771,#5772,#1639,.T.);
#7192=EDGE_CURVE('',#5773,#5771,#1640,.T.);
#7193=EDGE_CURVE('',#5774,#5772,#1641,.T.);
#7194=EDGE_CURVE('',#5773,#5774,#1642,.T.);
#7195=EDGE_CURVE('',#5775,#5773,#1643,.T.);
#7196=EDGE_CURVE('',#5776,#5774,#1644,.T.);
#7197=EDGE_CURVE('',#5775,#5776,#1645,.T.);
#7198=EDGE_CURVE('',#5777,#5775,#1646,.T.);
#7199=EDGE_CURVE('',#5778,#5776,#1647,.T.);
#7200=EDGE_CURVE('',#5777,#5778,#1648,.T.);
#7201=EDGE_CURVE('',#5779,#5777,#1649,.T.);
#7202=EDGE_CURVE('',#5780,#5778,#1650,.T.);
#7203=EDGE_CURVE('',#5779,#5780,#1651,.T.);
#7204=EDGE_CURVE('',#5781,#5779,#1652,.T.);
#7205=EDGE_CURVE('',#5782,#5780,#1653,.T.);
#7206=EDGE_CURVE('',#5781,#5782,#1654,.T.);
#7207=EDGE_CURVE('',#5783,#5781,#1655,.T.);
#7208=EDGE_CURVE('',#5784,#5782,#1656,.T.);
#7209=EDGE_CURVE('',#5783,#5784,#1657,.T.);
#7210=EDGE_CURVE('',#5785,#5783,#1658,.T.);
#7211=EDGE_CURVE('',#5786,#5784,#1659,.T.);
#7212=EDGE_CURVE('',#5785,#5786,#1660,.T.);
#7213=EDGE_CURVE('',#5787,#5785,#1661,.T.);
#7214=EDGE_CURVE('',#5788,#5786,#1662,.T.);
#7215=EDGE_CURVE('',#5787,#5788,#1663,.T.);
#7216=EDGE_CURVE('',#5789,#5787,#1664,.T.);
#7217=EDGE_CURVE('',#5790,#5788,#1665,.T.);
#7218=EDGE_CURVE('',#5789,#5790,#1666,.T.);
#7219=EDGE_CURVE('',#5791,#5789,#1667,.T.);
#7220=EDGE_CURVE('',#5792,#5790,#1668,.T.);
#7221=EDGE_CURVE('',#5791,#5792,#1669,.T.);
#7222=EDGE_CURVE('',#5793,#5791,#1670,.T.);
#7223=EDGE_CURVE('',#5794,#5792,#1671,.T.);
#7224=EDGE_CURVE('',#5793,#5794,#1672,.T.);
#7225=EDGE_CURVE('',#5756,#5793,#1673,.T.);
#7226=EDGE_CURVE('',#5757,#5794,#1674,.T.);
#7227=EDGE_CURVE('',#5795,#5796,#1675,.T.);
#7228=EDGE_CURVE('',#5796,#5797,#1676,.T.);
#7229=EDGE_CURVE('',#5798,#5797,#1677,.T.);
#7230=EDGE_CURVE('',#5795,#5798,#1678,.T.);
#7231=EDGE_CURVE('',#5799,#5795,#1679,.T.);
#7232=EDGE_CURVE('',#5800,#5798,#1680,.T.);
#7233=EDGE_CURVE('',#5799,#5800,#1681,.T.);
#7234=EDGE_CURVE('',#5801,#5799,#1682,.T.);
#7235=EDGE_CURVE('',#5802,#5800,#1683,.T.);
#7236=EDGE_CURVE('',#5801,#5802,#1684,.T.);
#7237=EDGE_CURVE('',#5803,#5801,#1685,.T.);
#7238=EDGE_CURVE('',#5804,#5802,#1686,.T.);
#7239=EDGE_CURVE('',#5803,#5804,#1687,.T.);
#7240=EDGE_CURVE('',#5805,#5803,#1688,.T.);
#7241=EDGE_CURVE('',#5806,#5804,#1689,.T.);
#7242=EDGE_CURVE('',#5805,#5806,#1690,.T.);
#7243=EDGE_CURVE('',#5807,#5805,#1691,.T.);
#7244=EDGE_CURVE('',#5808,#5806,#1692,.T.);
#7245=EDGE_CURVE('',#5807,#5808,#1693,.T.);
#7246=EDGE_CURVE('',#5809,#5807,#1694,.T.);
#7247=EDGE_CURVE('',#5810,#5808,#1695,.T.);
#7248=EDGE_CURVE('',#5809,#5810,#1696,.T.);
#7249=EDGE_CURVE('',#5811,#5809,#1697,.T.);
#7250=EDGE_CURVE('',#5812,#5810,#1698,.T.);
#7251=EDGE_CURVE('',#5811,#5812,#1699,.T.);
#7252=EDGE_CURVE('',#5813,#5811,#1700,.T.);
#7253=EDGE_CURVE('',#5814,#5812,#1701,.T.);
#7254=EDGE_CURVE('',#5813,#5814,#1702,.T.);
#7255=EDGE_CURVE('',#5815,#5813,#1703,.T.);
#7256=EDGE_CURVE('',#5816,#5814,#1704,.T.);
#7257=EDGE_CURVE('',#5815,#5816,#1705,.T.);
#7258=EDGE_CURVE('',#5817,#5815,#1706,.T.);
#7259=EDGE_CURVE('',#5818,#5816,#1707,.T.);
#7260=EDGE_CURVE('',#5817,#5818,#1708,.T.);
#7261=EDGE_CURVE('',#5819,#5817,#1709,.T.);
#7262=EDGE_CURVE('',#5820,#5818,#1710,.T.);
#7263=EDGE_CURVE('',#5819,#5820,#1711,.T.);
#7264=EDGE_CURVE('',#5821,#5819,#1712,.T.);
#7265=EDGE_CURVE('',#5822,#5820,#1713,.T.);
#7266=EDGE_CURVE('',#5821,#5822,#1714,.T.);
#7267=EDGE_CURVE('',#5823,#5821,#1715,.T.);
#7268=EDGE_CURVE('',#5824,#5822,#1716,.T.);
#7269=EDGE_CURVE('',#5823,#5824,#1717,.T.);
#7270=EDGE_CURVE('',#5825,#5823,#1718,.T.);
#7271=EDGE_CURVE('',#5826,#5824,#1719,.T.);
#7272=EDGE_CURVE('',#5825,#5826,#1720,.T.);
#7273=EDGE_CURVE('',#5827,#5825,#1721,.T.);
#7274=EDGE_CURVE('',#5828,#5826,#1722,.T.);
#7275=EDGE_CURVE('',#5827,#5828,#1723,.T.);
#7276=EDGE_CURVE('',#5829,#5827,#1724,.T.);
#7277=EDGE_CURVE('',#5830,#5828,#1725,.T.);
#7278=EDGE_CURVE('',#5829,#5830,#1726,.T.);
#7279=EDGE_CURVE('',#5831,#5829,#1727,.T.);
#7280=EDGE_CURVE('',#5832,#5830,#1728,.T.);
#7281=EDGE_CURVE('',#5831,#5832,#1729,.T.);
#7282=EDGE_CURVE('',#5833,#5831,#1730,.T.);
#7283=EDGE_CURVE('',#5834,#5832,#1731,.T.);
#7284=EDGE_CURVE('',#5833,#5834,#1732,.T.);
#7285=EDGE_CURVE('',#5796,#5833,#1733,.T.);
#7286=EDGE_CURVE('',#5797,#5834,#1734,.T.);
#7287=EDGE_CURVE('',#5835,#5836,#1735,.T.);
#7288=EDGE_CURVE('',#5836,#5837,#1736,.T.);
#7289=EDGE_CURVE('',#5838,#5837,#1737,.T.);
#7290=EDGE_CURVE('',#5835,#5838,#1738,.T.);
#7291=EDGE_CURVE('',#5839,#5835,#1739,.T.);
#7292=EDGE_CURVE('',#5840,#5838,#1740,.T.);
#7293=EDGE_CURVE('',#5839,#5840,#1741,.T.);
#7294=EDGE_CURVE('',#5841,#5839,#1742,.T.);
#7295=EDGE_CURVE('',#5842,#5840,#1743,.T.);
#7296=EDGE_CURVE('',#5841,#5842,#1744,.T.);
#7297=EDGE_CURVE('',#5843,#5841,#1745,.T.);
#7298=EDGE_CURVE('',#5844,#5842,#1746,.T.);
#7299=EDGE_CURVE('',#5843,#5844,#1747,.T.);
#7300=EDGE_CURVE('',#5845,#5843,#1748,.T.);
#7301=EDGE_CURVE('',#5846,#5844,#1749,.T.);
#7302=EDGE_CURVE('',#5845,#5846,#1750,.T.);
#7303=EDGE_CURVE('',#5847,#5845,#1751,.T.);
#7304=EDGE_CURVE('',#5848,#5846,#1752,.T.);
#7305=EDGE_CURVE('',#5847,#5848,#1753,.T.);
#7306=EDGE_CURVE('',#5849,#5847,#1754,.T.);
#7307=EDGE_CURVE('',#5850,#5848,#1755,.T.);
#7308=EDGE_CURVE('',#5849,#5850,#1756,.T.);
#7309=EDGE_CURVE('',#5851,#5849,#1757,.T.);
#7310=EDGE_CURVE('',#5852,#5850,#1758,.T.);
#7311=EDGE_CURVE('',#5851,#5852,#1759,.T.);
#7312=EDGE_CURVE('',#5853,#5851,#1760,.T.);
#7313=EDGE_CURVE('',#5854,#5852,#1761,.T.);
#7314=EDGE_CURVE('',#5853,#5854,#1762,.T.);
#7315=EDGE_CURVE('',#5855,#5853,#1763,.T.);
#7316=EDGE_CURVE('',#5856,#5854,#1764,.T.);
#7317=EDGE_CURVE('',#5855,#5856,#1765,.T.);
#7318=EDGE_CURVE('',#5857,#5855,#1766,.T.);
#7319=EDGE_CURVE('',#5858,#5856,#1767,.T.);
#7320=EDGE_CURVE('',#5857,#5858,#1768,.T.);
#7321=EDGE_CURVE('',#5859,#5857,#1769,.T.);
#7322=EDGE_CURVE('',#5860,#5858,#1770,.T.);
#7323=EDGE_CURVE('',#5859,#5860,#1771,.T.);
#7324=EDGE_CURVE('',#5861,#5859,#1772,.T.);
#7325=EDGE_CURVE('',#5862,#5860,#1773,.T.);
#7326=EDGE_CURVE('',#5861,#5862,#1774,.T.);
#7327=EDGE_CURVE('',#5863,#5861,#1775,.T.);
#7328=EDGE_CURVE('',#5864,#5862,#1776,.T.);
#7329=EDGE_CURVE('',#5863,#5864,#1777,.T.);
#7330=EDGE_CURVE('',#5865,#5863,#1778,.T.);
#7331=EDGE_CURVE('',#5866,#5864,#1779,.T.);
#7332=EDGE_CURVE('',#5865,#5866,#1780,.T.);
#7333=EDGE_CURVE('',#5867,#5865,#1781,.T.);
#7334=EDGE_CURVE('',#5868,#5866,#1782,.T.);
#7335=EDGE_CURVE('',#5867,#5868,#1783,.T.);
#7336=EDGE_CURVE('',#5869,#5867,#1784,.T.);
#7337=EDGE_CURVE('',#5870,#5868,#1785,.T.);
#7338=EDGE_CURVE('',#5869,#5870,#1786,.T.);
#7339=EDGE_CURVE('',#5871,#5869,#1787,.T.);
#7340=EDGE_CURVE('',#5872,#5870,#1788,.T.);
#7341=EDGE_CURVE('',#5871,#5872,#1789,.T.);
#7342=EDGE_CURVE('',#5873,#5871,#1790,.T.);
#7343=EDGE_CURVE('',#5874,#5872,#1791,.T.);
#7344=EDGE_CURVE('',#5873,#5874,#1792,.T.);
#7345=EDGE_CURVE('',#5836,#5873,#1793,.T.);
#7346=EDGE_CURVE('',#5837,#5874,#1794,.T.);
#7347=EDGE_CURVE('',#5875,#5876,#1795,.T.);
#7348=EDGE_CURVE('',#5875,#5877,#1796,.T.);
#7349=EDGE_CURVE('',#5878,#5877,#1797,.T.);
#7350=EDGE_CURVE('',#5876,#5878,#1798,.T.);
#7351=EDGE_CURVE('',#5876,#5879,#1799,.T.);
#7352=EDGE_CURVE('',#5880,#5878,#1800,.T.);
#7353=EDGE_CURVE('',#5879,#5880,#1801,.T.);
#7354=EDGE_CURVE('',#5879,#5881,#1802,.T.);
#7355=EDGE_CURVE('',#5882,#5880,#1803,.T.);
#7356=EDGE_CURVE('',#5881,#5882,#1804,.T.);
#7357=EDGE_CURVE('',#5881,#5883,#1805,.T.);
#7358=EDGE_CURVE('',#5884,#5882,#1806,.T.);
#7359=EDGE_CURVE('',#5883,#5884,#1807,.T.);
#7360=EDGE_CURVE('',#5883,#5885,#1808,.T.);
#7361=EDGE_CURVE('',#5886,#5884,#1809,.T.);
#7362=EDGE_CURVE('',#5885,#5886,#1810,.T.);
#7363=EDGE_CURVE('',#5885,#5887,#1811,.T.);
#7364=EDGE_CURVE('',#5888,#5886,#1812,.T.);
#7365=EDGE_CURVE('',#5887,#5888,#1813,.T.);
#7366=EDGE_CURVE('',#5887,#5889,#1814,.T.);
#7367=EDGE_CURVE('',#5890,#5888,#1815,.T.);
#7368=EDGE_CURVE('',#5889,#5890,#1816,.T.);
#7369=EDGE_CURVE('',#5889,#5891,#1817,.T.);
#7370=EDGE_CURVE('',#5892,#5890,#1818,.T.);
#7371=EDGE_CURVE('',#5891,#5892,#1819,.T.);
#7372=EDGE_CURVE('',#5891,#5893,#1820,.T.);
#7373=EDGE_CURVE('',#5894,#5892,#1821,.T.);
#7374=EDGE_CURVE('',#5893,#5894,#1822,.T.);
#7375=EDGE_CURVE('',#5893,#5895,#1823,.T.);
#7376=EDGE_CURVE('',#5896,#5894,#1824,.T.);
#7377=EDGE_CURVE('',#5895,#5896,#1825,.T.);
#7378=EDGE_CURVE('',#5895,#5897,#1826,.T.);
#7379=EDGE_CURVE('',#5898,#5896,#1827,.T.);
#7380=EDGE_CURVE('',#5897,#5898,#1828,.T.);
#7381=EDGE_CURVE('',#5897,#5899,#1829,.T.);
#7382=EDGE_CURVE('',#5900,#5898,#1830,.T.);
#7383=EDGE_CURVE('',#5899,#5900,#1831,.T.);
#7384=EDGE_CURVE('',#5899,#5901,#1832,.T.);
#7385=EDGE_CURVE('',#5902,#5900,#1833,.T.);
#7386=EDGE_CURVE('',#5901,#5902,#1834,.T.);
#7387=EDGE_CURVE('',#5901,#5903,#1835,.T.);
#7388=EDGE_CURVE('',#5904,#5902,#1836,.T.);
#7389=EDGE_CURVE('',#5903,#5904,#1837,.T.);
#7390=EDGE_CURVE('',#5903,#5905,#1838,.T.);
#7391=EDGE_CURVE('',#5906,#5904,#1839,.T.);
#7392=EDGE_CURVE('',#5905,#5906,#1840,.T.);
#7393=EDGE_CURVE('',#5905,#5907,#1841,.T.);
#7394=EDGE_CURVE('',#5908,#5906,#1842,.T.);
#7395=EDGE_CURVE('',#5907,#5908,#1843,.T.);
#7396=EDGE_CURVE('',#5907,#5909,#1844,.T.);
#7397=EDGE_CURVE('',#5910,#5908,#1845,.T.);
#7398=EDGE_CURVE('',#5909,#5910,#1846,.T.);
#7399=EDGE_CURVE('',#5909,#5911,#1847,.T.);
#7400=EDGE_CURVE('',#5912,#5910,#1848,.T.);
#7401=EDGE_CURVE('',#5911,#5912,#1849,.T.);
#7402=EDGE_CURVE('',#5911,#5913,#1850,.T.);
#7403=EDGE_CURVE('',#5914,#5912,#1851,.T.);
#7404=EDGE_CURVE('',#5913,#5914,#1852,.T.);
#7405=EDGE_CURVE('',#5913,#5915,#1853,.T.);
#7406=EDGE_CURVE('',#5916,#5914,#1854,.T.);
#7407=EDGE_CURVE('',#5915,#5916,#1855,.T.);
#7408=EDGE_CURVE('',#5915,#5917,#1856,.T.);
#7409=EDGE_CURVE('',#5918,#5916,#1857,.T.);
#7410=EDGE_CURVE('',#5917,#5918,#1858,.T.);
#7411=EDGE_CURVE('',#5917,#5919,#1859,.T.);
#7412=EDGE_CURVE('',#5920,#5918,#1860,.T.);
#7413=EDGE_CURVE('',#5919,#5920,#1861,.T.);
#7414=EDGE_CURVE('',#5919,#5921,#1862,.T.);
#7415=EDGE_CURVE('',#5922,#5920,#1863,.T.);
#7416=EDGE_CURVE('',#5921,#5922,#1864,.T.);
#7417=EDGE_CURVE('',#5921,#5923,#1865,.T.);
#7418=EDGE_CURVE('',#5924,#5922,#1866,.T.);
#7419=EDGE_CURVE('',#5923,#5924,#1867,.T.);
#7420=EDGE_CURVE('',#5923,#5925,#1868,.T.);
#7421=EDGE_CURVE('',#5926,#5924,#1869,.T.);
#7422=EDGE_CURVE('',#5925,#5926,#1870,.T.);
#7423=EDGE_CURVE('',#5925,#5927,#1871,.T.);
#7424=EDGE_CURVE('',#5928,#5926,#1872,.T.);
#7425=EDGE_CURVE('',#5927,#5928,#1873,.T.);
#7426=EDGE_CURVE('',#5927,#5929,#1874,.T.);
#7427=EDGE_CURVE('',#5930,#5928,#1875,.T.);
#7428=EDGE_CURVE('',#5929,#5930,#1876,.T.);
#7429=EDGE_CURVE('',#5929,#5931,#1877,.T.);
#7430=EDGE_CURVE('',#5932,#5930,#1878,.T.);
#7431=EDGE_CURVE('',#5931,#5932,#1879,.T.);
#7432=EDGE_CURVE('',#5931,#5933,#1880,.T.);
#7433=EDGE_CURVE('',#5934,#5932,#1881,.T.);
#7434=EDGE_CURVE('',#5933,#5934,#1882,.T.);
#7435=EDGE_CURVE('',#5933,#5935,#1883,.T.);
#7436=EDGE_CURVE('',#5936,#5934,#1884,.T.);
#7437=EDGE_CURVE('',#5935,#5936,#1885,.T.);
#7438=EDGE_CURVE('',#5935,#5937,#1886,.T.);
#7439=EDGE_CURVE('',#5938,#5936,#1887,.T.);
#7440=EDGE_CURVE('',#5937,#5938,#1888,.T.);
#7441=EDGE_CURVE('',#5937,#5939,#1889,.T.);
#7442=EDGE_CURVE('',#5940,#5938,#1890,.T.);
#7443=EDGE_CURVE('',#5939,#5940,#1891,.T.);
#7444=EDGE_CURVE('',#5939,#5941,#1892,.T.);
#7445=EDGE_CURVE('',#5942,#5940,#1893,.T.);
#7446=EDGE_CURVE('',#5941,#5942,#1894,.T.);
#7447=EDGE_CURVE('',#5941,#5943,#1895,.T.);
#7448=EDGE_CURVE('',#5944,#5942,#1896,.T.);
#7449=EDGE_CURVE('',#5943,#5944,#1897,.T.);
#7450=EDGE_CURVE('',#5943,#5945,#1898,.T.);
#7451=EDGE_CURVE('',#5946,#5944,#1899,.T.);
#7452=EDGE_CURVE('',#5945,#5946,#1900,.T.);
#7453=EDGE_CURVE('',#5945,#5947,#1901,.T.);
#7454=EDGE_CURVE('',#5948,#5946,#1902,.T.);
#7455=EDGE_CURVE('',#5947,#5948,#1903,.T.);
#7456=EDGE_CURVE('',#5947,#5949,#1904,.T.);
#7457=EDGE_CURVE('',#5950,#5948,#1905,.T.);
#7458=EDGE_CURVE('',#5949,#5950,#1906,.T.);
#7459=EDGE_CURVE('',#5949,#5951,#1907,.T.);
#7460=EDGE_CURVE('',#5952,#5950,#1908,.T.);
#7461=EDGE_CURVE('',#5951,#5952,#1909,.T.);
#7462=EDGE_CURVE('',#5951,#5953,#1910,.T.);
#7463=EDGE_CURVE('',#5954,#5952,#1911,.T.);
#7464=EDGE_CURVE('',#5953,#5954,#1912,.T.);
#7465=EDGE_CURVE('',#5953,#5955,#1913,.T.);
#7466=EDGE_CURVE('',#5956,#5954,#1914,.T.);
#7467=EDGE_CURVE('',#5955,#5956,#1915,.T.);
#7468=EDGE_CURVE('',#5955,#5957,#1916,.T.);
#7469=EDGE_CURVE('',#5958,#5956,#1917,.T.);
#7470=EDGE_CURVE('',#5957,#5958,#1918,.T.);
#7471=EDGE_CURVE('',#5957,#5959,#1919,.T.);
#7472=EDGE_CURVE('',#5960,#5958,#1920,.T.);
#7473=EDGE_CURVE('',#5959,#5960,#1921,.T.);
#7474=EDGE_CURVE('',#5959,#5961,#1922,.T.);
#7475=EDGE_CURVE('',#5962,#5960,#1923,.T.);
#7476=EDGE_CURVE('',#5961,#5962,#1924,.T.);
#7477=EDGE_CURVE('',#5961,#5963,#1925,.T.);
#7478=EDGE_CURVE('',#5964,#5962,#1926,.T.);
#7479=EDGE_CURVE('',#5963,#5964,#1927,.T.);
#7480=EDGE_CURVE('',#5963,#5965,#1928,.T.);
#7481=EDGE_CURVE('',#5966,#5964,#1929,.T.);
#7482=EDGE_CURVE('',#5965,#5966,#1930,.T.);
#7483=EDGE_CURVE('',#5965,#5967,#1931,.T.);
#7484=EDGE_CURVE('',#5968,#5966,#1932,.T.);
#7485=EDGE_CURVE('',#5967,#5968,#1933,.T.);
#7486=EDGE_CURVE('',#5967,#5969,#1934,.T.);
#7487=EDGE_CURVE('',#5970,#5968,#1935,.T.);
#7488=EDGE_CURVE('',#5969,#5970,#1936,.T.);
#7489=EDGE_CURVE('',#5969,#5971,#1937,.T.);
#7490=EDGE_CURVE('',#5972,#5970,#1938,.T.);
#7491=EDGE_CURVE('',#5971,#5972,#1939,.T.);
#7492=EDGE_CURVE('',#5971,#5973,#1940,.T.);
#7493=EDGE_CURVE('',#5974,#5972,#1941,.T.);
#7494=EDGE_CURVE('',#5973,#5974,#1942,.T.);
#7495=EDGE_CURVE('',#5973,#5975,#1943,.T.);
#7496=EDGE_CURVE('',#5976,#5974,#1944,.T.);
#7497=EDGE_CURVE('',#5975,#5976,#1945,.T.);
#7498=EDGE_CURVE('',#5975,#5977,#1946,.T.);
#7499=EDGE_CURVE('',#5978,#5976,#1947,.T.);
#7500=EDGE_CURVE('',#5977,#5978,#1948,.T.);
#7501=EDGE_CURVE('',#5977,#5979,#1949,.T.);
#7502=EDGE_CURVE('',#5980,#5978,#1950,.T.);
#7503=EDGE_CURVE('',#5979,#5980,#1951,.T.);
#7504=EDGE_CURVE('',#5979,#5981,#1952,.T.);
#7505=EDGE_CURVE('',#5982,#5980,#1953,.T.);
#7506=EDGE_CURVE('',#5981,#5982,#1954,.T.);
#7507=EDGE_CURVE('',#5981,#5983,#1955,.T.);
#7508=EDGE_CURVE('',#5984,#5982,#1956,.T.);
#7509=EDGE_CURVE('',#5983,#5984,#1957,.T.);
#7510=EDGE_CURVE('',#5983,#5985,#1958,.T.);
#7511=EDGE_CURVE('',#5986,#5984,#1959,.T.);
#7512=EDGE_CURVE('',#5985,#5986,#1960,.T.);
#7513=EDGE_CURVE('',#5985,#5987,#1961,.T.);
#7514=EDGE_CURVE('',#5988,#5986,#1962,.T.);
#7515=EDGE_CURVE('',#5987,#5988,#1963,.T.);
#7516=EDGE_CURVE('',#5987,#5989,#1964,.T.);
#7517=EDGE_CURVE('',#5990,#5988,#1965,.T.);
#7518=EDGE_CURVE('',#5989,#5990,#1966,.T.);
#7519=EDGE_CURVE('',#5989,#5991,#1967,.T.);
#7520=EDGE_CURVE('',#5992,#5990,#1968,.T.);
#7521=EDGE_CURVE('',#5991,#5992,#1969,.T.);
#7522=EDGE_CURVE('',#5991,#5993,#1970,.T.);
#7523=EDGE_CURVE('',#5994,#5992,#1971,.T.);
#7524=EDGE_CURVE('',#5993,#5994,#1972,.T.);
#7525=EDGE_CURVE('',#5993,#5995,#1973,.T.);
#7526=EDGE_CURVE('',#5996,#5994,#1974,.T.);
#7527=EDGE_CURVE('',#5995,#5996,#1975,.T.);
#7528=EDGE_CURVE('',#5995,#5997,#1976,.T.);
#7529=EDGE_CURVE('',#5998,#5996,#1977,.T.);
#7530=EDGE_CURVE('',#5997,#5998,#1978,.T.);
#7531=EDGE_CURVE('',#5997,#5999,#1979,.T.);
#7532=EDGE_CURVE('',#6000,#5998,#1980,.T.);
#7533=EDGE_CURVE('',#5999,#6000,#1981,.T.);
#7534=EDGE_CURVE('',#5999,#6001,#1982,.T.);
#7535=EDGE_CURVE('',#6002,#6000,#1983,.T.);
#7536=EDGE_CURVE('',#6001,#6002,#1984,.T.);
#7537=EDGE_CURVE('',#6001,#6003,#1985,.T.);
#7538=EDGE_CURVE('',#6004,#6002,#1986,.T.);
#7539=EDGE_CURVE('',#6003,#6004,#1987,.T.);
#7540=EDGE_CURVE('',#6003,#6005,#1988,.T.);
#7541=EDGE_CURVE('',#6006,#6004,#1989,.T.);
#7542=EDGE_CURVE('',#6005,#6006,#1990,.T.);
#7543=EDGE_CURVE('',#6005,#6007,#1991,.T.);
#7544=EDGE_CURVE('',#6008,#6006,#1992,.T.);
#7545=EDGE_CURVE('',#6007,#6008,#1993,.T.);
#7546=EDGE_CURVE('',#6007,#6009,#1994,.T.);
#7547=EDGE_CURVE('',#6010,#6008,#1995,.T.);
#7548=EDGE_CURVE('',#6009,#6010,#1996,.T.);
#7549=EDGE_CURVE('',#6009,#6011,#1997,.T.);
#7550=EDGE_CURVE('',#6012,#6010,#1998,.T.);
#7551=EDGE_CURVE('',#6011,#6012,#1999,.T.);
#7552=EDGE_CURVE('',#6011,#6013,#2000,.T.);
#7553=EDGE_CURVE('',#6014,#6012,#2001,.T.);
#7554=EDGE_CURVE('',#6013,#6014,#2002,.T.);
#7555=EDGE_CURVE('',#6013,#6015,#2003,.T.);
#7556=EDGE_CURVE('',#6016,#6014,#2004,.T.);
#7557=EDGE_CURVE('',#6015,#6016,#2005,.T.);
#7558=EDGE_CURVE('',#6015,#6017,#2006,.T.);
#7559=EDGE_CURVE('',#6018,#6016,#2007,.T.);
#7560=EDGE_CURVE('',#6017,#6018,#2008,.T.);
#7561=EDGE_CURVE('',#6017,#6019,#2009,.T.);
#7562=EDGE_CURVE('',#6020,#6018,#2010,.T.);
#7563=EDGE_CURVE('',#6019,#6020,#2011,.T.);
#7564=EDGE_CURVE('',#6019,#6021,#2012,.T.);
#7565=EDGE_CURVE('',#6022,#6020,#2013,.T.);
#7566=EDGE_CURVE('',#6021,#6022,#2014,.T.);
#7567=EDGE_CURVE('',#6021,#6023,#2015,.T.);
#7568=EDGE_CURVE('',#6024,#6022,#2016,.T.);
#7569=EDGE_CURVE('',#6023,#6024,#2017,.T.);
#7570=EDGE_CURVE('',#6023,#6025,#2018,.T.);
#7571=EDGE_CURVE('',#6026,#6024,#2019,.T.);
#7572=EDGE_CURVE('',#6025,#6026,#2020,.T.);
#7573=EDGE_CURVE('',#6025,#6027,#2021,.T.);
#7574=EDGE_CURVE('',#6028,#6026,#2022,.T.);
#7575=EDGE_CURVE('',#6027,#6028,#2023,.T.);
#7576=EDGE_CURVE('',#6027,#6029,#2024,.T.);
#7577=EDGE_CURVE('',#6030,#6028,#2025,.T.);
#7578=EDGE_CURVE('',#6029,#6030,#2026,.T.);
#7579=EDGE_CURVE('',#6029,#6031,#2027,.T.);
#7580=EDGE_CURVE('',#6032,#6030,#2028,.T.);
#7581=EDGE_CURVE('',#6031,#6032,#2029,.T.);
#7582=EDGE_CURVE('',#6031,#6033,#2030,.T.);
#7583=EDGE_CURVE('',#6034,#6032,#2031,.T.);
#7584=EDGE_CURVE('',#6033,#6034,#2032,.T.);
#7585=EDGE_CURVE('',#6033,#6035,#2033,.T.);
#7586=EDGE_CURVE('',#6036,#6034,#2034,.T.);
#7587=EDGE_CURVE('',#6035,#6036,#2035,.T.);
#7588=EDGE_CURVE('',#6035,#6037,#2036,.T.);
#7589=EDGE_CURVE('',#6038,#6036,#2037,.T.);
#7590=EDGE_CURVE('',#6037,#6038,#2038,.T.);
#7591=EDGE_CURVE('',#6037,#6039,#2039,.T.);
#7592=EDGE_CURVE('',#6040,#6038,#2040,.T.);
#7593=EDGE_CURVE('',#6039,#6040,#2041,.T.);
#7594=EDGE_CURVE('',#6039,#6041,#2042,.T.);
#7595=EDGE_CURVE('',#6042,#6040,#2043,.T.);
#7596=EDGE_CURVE('',#6041,#6042,#2044,.T.);
#7597=EDGE_CURVE('',#6041,#5875,#2045,.T.);
#7598=EDGE_CURVE('',#5877,#6042,#2046,.T.);
#7599=EDGE_CURVE('',#6043,#6044,#27,.T.);
#7600=EDGE_CURVE('',#6044,#6045,#2047,.T.);
#7601=EDGE_CURVE('',#6045,#6046,#28,.T.);
#7602=EDGE_CURVE('',#6046,#6043,#2048,.T.);
#7603=EDGE_CURVE('',#6045,#6047,#2049,.T.);
#7604=EDGE_CURVE('',#6048,#6047,#29,.T.);
#7605=EDGE_CURVE('',#6048,#6049,#2050,.T.);
#7606=EDGE_CURVE('',#6050,#6049,#30,.T.);
#7607=EDGE_CURVE('',#6050,#6051,#2051,.T.);
#7608=EDGE_CURVE('',#6052,#6051,#31,.T.);
#7609=EDGE_CURVE('',#6052,#6046,#2052,.T.);
#7610=EDGE_CURVE('',#6053,#6044,#2053,.T.);
#7611=EDGE_CURVE('',#6047,#6053,#2054,.T.);
#7612=EDGE_CURVE('',#6053,#6054,#32,.T.);
#7613=EDGE_CURVE('',#6054,#6048,#2055,.T.);
#7614=EDGE_CURVE('',#6055,#6056,#33,.T.);
#7615=EDGE_CURVE('',#6056,#6052,#2056,.T.);
#7616=EDGE_CURVE('',#6051,#6055,#2057,.T.);
#7617=EDGE_CURVE('',#6057,#6050,#2058,.T.);
#7618=EDGE_CURVE('',#6055,#6057,#2059,.T.);
#7619=EDGE_CURVE('',#6058,#6057,#34,.T.);
#7620=EDGE_CURVE('',#6049,#6058,#2060,.T.);
#7621=EDGE_CURVE('',#6043,#6056,#2061,.T.);
#7622=EDGE_CURVE('',#6058,#6054,#2062,.T.);
#7623=EDGE_CURVE('',#6059,#6060,#2063,.T.);
#7624=EDGE_CURVE('',#6060,#6061,#2064,.T.);
#7625=EDGE_CURVE('',#6062,#6061,#2065,.T.);
#7626=EDGE_CURVE('',#6059,#6062,#2066,.T.);
#7627=EDGE_CURVE('',#6063,#6059,#2067,.T.);
#7628=EDGE_CURVE('',#6064,#6062,#2068,.T.);
#7629=EDGE_CURVE('',#6063,#6064,#2069,.T.);
#7630=EDGE_CURVE('',#6065,#6063,#2070,.T.);
#7631=EDGE_CURVE('',#6066,#6064,#2071,.T.);
#7632=EDGE_CURVE('',#6065,#6066,#2072,.T.);
#7633=EDGE_CURVE('',#6067,#6065,#2073,.T.);
#7634=EDGE_CURVE('',#6068,#6066,#2074,.T.);
#7635=EDGE_CURVE('',#6067,#6068,#2075,.T.);
#7636=EDGE_CURVE('',#6069,#6067,#2076,.T.);
#7637=EDGE_CURVE('',#6070,#6068,#2077,.T.);
#7638=EDGE_CURVE('',#6069,#6070,#2078,.T.);
#7639=EDGE_CURVE('',#6071,#6069,#2079,.T.);
#7640=EDGE_CURVE('',#6072,#6070,#2080,.T.);
#7641=EDGE_CURVE('',#6071,#6072,#2081,.T.);
#7642=EDGE_CURVE('',#6073,#6071,#2082,.T.);
#7643=EDGE_CURVE('',#6074,#6072,#2083,.T.);
#7644=EDGE_CURVE('',#6073,#6074,#2084,.T.);
#7645=EDGE_CURVE('',#6075,#6073,#2085,.T.);
#7646=EDGE_CURVE('',#6076,#6074,#2086,.T.);
#7647=EDGE_CURVE('',#6075,#6076,#2087,.T.);
#7648=EDGE_CURVE('',#6077,#6075,#2088,.T.);
#7649=EDGE_CURVE('',#6078,#6076,#2089,.T.);
#7650=EDGE_CURVE('',#6077,#6078,#2090,.T.);
#7651=EDGE_CURVE('',#6079,#6077,#2091,.T.);
#7652=EDGE_CURVE('',#6080,#6078,#2092,.T.);
#7653=EDGE_CURVE('',#6079,#6080,#2093,.T.);
#7654=EDGE_CURVE('',#6081,#6079,#2094,.T.);
#7655=EDGE_CURVE('',#6082,#6080,#2095,.T.);
#7656=EDGE_CURVE('',#6081,#6082,#2096,.T.);
#7657=EDGE_CURVE('',#6083,#6081,#2097,.T.);
#7658=EDGE_CURVE('',#6084,#6082,#2098,.T.);
#7659=EDGE_CURVE('',#6083,#6084,#2099,.T.);
#7660=EDGE_CURVE('',#6085,#6083,#2100,.T.);
#7661=EDGE_CURVE('',#6086,#6084,#2101,.T.);
#7662=EDGE_CURVE('',#6085,#6086,#2102,.T.);
#7663=EDGE_CURVE('',#6087,#6085,#2103,.T.);
#7664=EDGE_CURVE('',#6088,#6086,#2104,.T.);
#7665=EDGE_CURVE('',#6087,#6088,#2105,.T.);
#7666=EDGE_CURVE('',#6089,#6087,#2106,.T.);
#7667=EDGE_CURVE('',#6090,#6088,#2107,.T.);
#7668=EDGE_CURVE('',#6089,#6090,#2108,.T.);
#7669=EDGE_CURVE('',#6091,#6089,#2109,.T.);
#7670=EDGE_CURVE('',#6092,#6090,#2110,.T.);
#7671=EDGE_CURVE('',#6091,#6092,#2111,.T.);
#7672=EDGE_CURVE('',#6093,#6091,#2112,.T.);
#7673=EDGE_CURVE('',#6094,#6092,#2113,.T.);
#7674=EDGE_CURVE('',#6093,#6094,#2114,.T.);
#7675=EDGE_CURVE('',#6095,#6093,#2115,.T.);
#7676=EDGE_CURVE('',#6096,#6094,#2116,.T.);
#7677=EDGE_CURVE('',#6095,#6096,#2117,.T.);
#7678=EDGE_CURVE('',#6097,#6095,#2118,.T.);
#7679=EDGE_CURVE('',#6098,#6096,#2119,.T.);
#7680=EDGE_CURVE('',#6097,#6098,#2120,.T.);
#7681=EDGE_CURVE('',#6060,#6097,#2121,.T.);
#7682=EDGE_CURVE('',#6061,#6098,#2122,.T.);
#7683=EDGE_CURVE('',#6099,#6100,#2123,.T.);
#7684=EDGE_CURVE('',#6100,#6101,#2124,.T.);
#7685=EDGE_CURVE('',#6102,#6101,#2125,.T.);
#7686=EDGE_CURVE('',#6099,#6102,#2126,.T.);
#7687=EDGE_CURVE('',#6103,#6099,#2127,.T.);
#7688=EDGE_CURVE('',#6104,#6102,#2128,.T.);
#7689=EDGE_CURVE('',#6103,#6104,#2129,.T.);
#7690=EDGE_CURVE('',#6105,#6103,#2130,.T.);
#7691=EDGE_CURVE('',#6106,#6104,#2131,.T.);
#7692=EDGE_CURVE('',#6105,#6106,#2132,.T.);
#7693=EDGE_CURVE('',#6107,#6105,#2133,.T.);
#7694=EDGE_CURVE('',#6108,#6106,#2134,.T.);
#7695=EDGE_CURVE('',#6107,#6108,#2135,.T.);
#7696=EDGE_CURVE('',#6109,#6107,#2136,.T.);
#7697=EDGE_CURVE('',#6110,#6108,#2137,.T.);
#7698=EDGE_CURVE('',#6109,#6110,#2138,.T.);
#7699=EDGE_CURVE('',#6111,#6109,#2139,.T.);
#7700=EDGE_CURVE('',#6112,#6110,#2140,.T.);
#7701=EDGE_CURVE('',#6111,#6112,#2141,.T.);
#7702=EDGE_CURVE('',#6113,#6111,#2142,.T.);
#7703=EDGE_CURVE('',#6114,#6112,#2143,.T.);
#7704=EDGE_CURVE('',#6113,#6114,#2144,.T.);
#7705=EDGE_CURVE('',#6115,#6113,#2145,.T.);
#7706=EDGE_CURVE('',#6116,#6114,#2146,.T.);
#7707=EDGE_CURVE('',#6115,#6116,#2147,.T.);
#7708=EDGE_CURVE('',#6117,#6115,#2148,.T.);
#7709=EDGE_CURVE('',#6118,#6116,#2149,.T.);
#7710=EDGE_CURVE('',#6117,#6118,#2150,.T.);
#7711=EDGE_CURVE('',#6119,#6117,#2151,.T.);
#7712=EDGE_CURVE('',#6120,#6118,#2152,.T.);
#7713=EDGE_CURVE('',#6119,#6120,#2153,.T.);
#7714=EDGE_CURVE('',#6121,#6119,#2154,.T.);
#7715=EDGE_CURVE('',#6122,#6120,#2155,.T.);
#7716=EDGE_CURVE('',#6121,#6122,#2156,.T.);
#7717=EDGE_CURVE('',#6123,#6121,#2157,.T.);
#7718=EDGE_CURVE('',#6124,#6122,#2158,.T.);
#7719=EDGE_CURVE('',#6123,#6124,#2159,.T.);
#7720=EDGE_CURVE('',#6125,#6123,#2160,.T.);
#7721=EDGE_CURVE('',#6126,#6124,#2161,.T.);
#7722=EDGE_CURVE('',#6125,#6126,#2162,.T.);
#7723=EDGE_CURVE('',#6127,#6125,#2163,.T.);
#7724=EDGE_CURVE('',#6128,#6126,#2164,.T.);
#7725=EDGE_CURVE('',#6127,#6128,#2165,.T.);
#7726=EDGE_CURVE('',#6129,#6127,#2166,.T.);
#7727=EDGE_CURVE('',#6130,#6128,#2167,.T.);
#7728=EDGE_CURVE('',#6129,#6130,#2168,.T.);
#7729=EDGE_CURVE('',#6131,#6129,#2169,.T.);
#7730=EDGE_CURVE('',#6132,#6130,#2170,.T.);
#7731=EDGE_CURVE('',#6131,#6132,#2171,.T.);
#7732=EDGE_CURVE('',#6133,#6131,#2172,.T.);
#7733=EDGE_CURVE('',#6134,#6132,#2173,.T.);
#7734=EDGE_CURVE('',#6133,#6134,#2174,.T.);
#7735=EDGE_CURVE('',#6135,#6133,#2175,.T.);
#7736=EDGE_CURVE('',#6136,#6134,#2176,.T.);
#7737=EDGE_CURVE('',#6135,#6136,#2177,.T.);
#7738=EDGE_CURVE('',#6137,#6135,#2178,.T.);
#7739=EDGE_CURVE('',#6138,#6136,#2179,.T.);
#7740=EDGE_CURVE('',#6137,#6138,#2180,.T.);
#7741=EDGE_CURVE('',#6100,#6137,#2181,.T.);
#7742=EDGE_CURVE('',#6101,#6138,#2182,.T.);
#7743=EDGE_CURVE('',#6139,#6140,#2183,.T.);
#7744=EDGE_CURVE('',#6140,#6141,#2184,.T.);
#7745=EDGE_CURVE('',#6142,#6141,#2185,.T.);
#7746=EDGE_CURVE('',#6139,#6142,#2186,.T.);
#7747=EDGE_CURVE('',#6143,#6139,#2187,.T.);
#7748=EDGE_CURVE('',#6144,#6142,#2188,.T.);
#7749=EDGE_CURVE('',#6143,#6144,#2189,.T.);
#7750=EDGE_CURVE('',#6145,#6143,#2190,.T.);
#7751=EDGE_CURVE('',#6146,#6144,#2191,.T.);
#7752=EDGE_CURVE('',#6145,#6146,#2192,.T.);
#7753=EDGE_CURVE('',#6147,#6145,#2193,.T.);
#7754=EDGE_CURVE('',#6148,#6146,#2194,.T.);
#7755=EDGE_CURVE('',#6147,#6148,#2195,.T.);
#7756=EDGE_CURVE('',#6149,#6147,#2196,.T.);
#7757=EDGE_CURVE('',#6150,#6148,#2197,.T.);
#7758=EDGE_CURVE('',#6149,#6150,#2198,.T.);
#7759=EDGE_CURVE('',#6151,#6149,#2199,.T.);
#7760=EDGE_CURVE('',#6152,#6150,#2200,.T.);
#7761=EDGE_CURVE('',#6151,#6152,#2201,.T.);
#7762=EDGE_CURVE('',#6153,#6151,#2202,.T.);
#7763=EDGE_CURVE('',#6154,#6152,#2203,.T.);
#7764=EDGE_CURVE('',#6153,#6154,#2204,.T.);
#7765=EDGE_CURVE('',#6155,#6153,#2205,.T.);
#7766=EDGE_CURVE('',#6156,#6154,#2206,.T.);
#7767=EDGE_CURVE('',#6155,#6156,#2207,.T.);
#7768=EDGE_CURVE('',#6157,#6155,#2208,.T.);
#7769=EDGE_CURVE('',#6158,#6156,#2209,.T.);
#7770=EDGE_CURVE('',#6157,#6158,#2210,.T.);
#7771=EDGE_CURVE('',#6159,#6157,#2211,.T.);
#7772=EDGE_CURVE('',#6160,#6158,#2212,.T.);
#7773=EDGE_CURVE('',#6159,#6160,#2213,.T.);
#7774=EDGE_CURVE('',#6161,#6159,#2214,.T.);
#7775=EDGE_CURVE('',#6162,#6160,#2215,.T.);
#7776=EDGE_CURVE('',#6161,#6162,#2216,.T.);
#7777=EDGE_CURVE('',#6163,#6161,#2217,.T.);
#7778=EDGE_CURVE('',#6164,#6162,#2218,.T.);
#7779=EDGE_CURVE('',#6163,#6164,#2219,.T.);
#7780=EDGE_CURVE('',#6165,#6163,#2220,.T.);
#7781=EDGE_CURVE('',#6166,#6164,#2221,.T.);
#7782=EDGE_CURVE('',#6165,#6166,#2222,.T.);
#7783=EDGE_CURVE('',#6167,#6165,#2223,.T.);
#7784=EDGE_CURVE('',#6168,#6166,#2224,.T.);
#7785=EDGE_CURVE('',#6167,#6168,#2225,.T.);
#7786=EDGE_CURVE('',#6169,#6167,#2226,.T.);
#7787=EDGE_CURVE('',#6170,#6168,#2227,.T.);
#7788=EDGE_CURVE('',#6169,#6170,#2228,.T.);
#7789=EDGE_CURVE('',#6171,#6169,#2229,.T.);
#7790=EDGE_CURVE('',#6172,#6170,#2230,.T.);
#7791=EDGE_CURVE('',#6171,#6172,#2231,.T.);
#7792=EDGE_CURVE('',#6173,#6171,#2232,.T.);
#7793=EDGE_CURVE('',#6174,#6172,#2233,.T.);
#7794=EDGE_CURVE('',#6173,#6174,#2234,.T.);
#7795=EDGE_CURVE('',#6175,#6173,#2235,.T.);
#7796=EDGE_CURVE('',#6176,#6174,#2236,.T.);
#7797=EDGE_CURVE('',#6175,#6176,#2237,.T.);
#7798=EDGE_CURVE('',#6177,#6175,#2238,.T.);
#7799=EDGE_CURVE('',#6178,#6176,#2239,.T.);
#7800=EDGE_CURVE('',#6177,#6178,#2240,.T.);
#7801=EDGE_CURVE('',#6140,#6177,#2241,.T.);
#7802=EDGE_CURVE('',#6141,#6178,#2242,.T.);
#7803=EDGE_CURVE('',#6179,#6180,#2243,.T.);
#7804=EDGE_CURVE('',#6180,#6181,#2244,.T.);
#7805=EDGE_CURVE('',#6182,#6181,#2245,.T.);
#7806=EDGE_CURVE('',#6179,#6182,#2246,.T.);
#7807=EDGE_CURVE('',#6183,#6179,#2247,.T.);
#7808=EDGE_CURVE('',#6184,#6182,#2248,.T.);
#7809=EDGE_CURVE('',#6183,#6184,#2249,.T.);
#7810=EDGE_CURVE('',#6185,#6183,#2250,.T.);
#7811=EDGE_CURVE('',#6186,#6184,#2251,.T.);
#7812=EDGE_CURVE('',#6185,#6186,#2252,.T.);
#7813=EDGE_CURVE('',#6187,#6185,#2253,.T.);
#7814=EDGE_CURVE('',#6188,#6186,#2254,.T.);
#7815=EDGE_CURVE('',#6187,#6188,#2255,.T.);
#7816=EDGE_CURVE('',#6189,#6187,#2256,.T.);
#7817=EDGE_CURVE('',#6190,#6188,#2257,.T.);
#7818=EDGE_CURVE('',#6189,#6190,#2258,.T.);
#7819=EDGE_CURVE('',#6191,#6189,#2259,.T.);
#7820=EDGE_CURVE('',#6192,#6190,#2260,.T.);
#7821=EDGE_CURVE('',#6191,#6192,#2261,.T.);
#7822=EDGE_CURVE('',#6193,#6191,#2262,.T.);
#7823=EDGE_CURVE('',#6194,#6192,#2263,.T.);
#7824=EDGE_CURVE('',#6193,#6194,#2264,.T.);
#7825=EDGE_CURVE('',#6195,#6193,#2265,.T.);
#7826=EDGE_CURVE('',#6196,#6194,#2266,.T.);
#7827=EDGE_CURVE('',#6195,#6196,#2267,.T.);
#7828=EDGE_CURVE('',#6197,#6195,#2268,.T.);
#7829=EDGE_CURVE('',#6198,#6196,#2269,.T.);
#7830=EDGE_CURVE('',#6197,#6198,#2270,.T.);
#7831=EDGE_CURVE('',#6199,#6197,#2271,.T.);
#7832=EDGE_CURVE('',#6200,#6198,#2272,.T.);
#7833=EDGE_CURVE('',#6199,#6200,#2273,.T.);
#7834=EDGE_CURVE('',#6201,#6199,#2274,.T.);
#7835=EDGE_CURVE('',#6202,#6200,#2275,.T.);
#7836=EDGE_CURVE('',#6201,#6202,#2276,.T.);
#7837=EDGE_CURVE('',#6203,#6201,#2277,.T.);
#7838=EDGE_CURVE('',#6204,#6202,#2278,.T.);
#7839=EDGE_CURVE('',#6203,#6204,#2279,.T.);
#7840=EDGE_CURVE('',#6205,#6203,#2280,.T.);
#7841=EDGE_CURVE('',#6206,#6204,#2281,.T.);
#7842=EDGE_CURVE('',#6205,#6206,#2282,.T.);
#7843=EDGE_CURVE('',#6207,#6205,#2283,.T.);
#7844=EDGE_CURVE('',#6208,#6206,#2284,.T.);
#7845=EDGE_CURVE('',#6207,#6208,#2285,.T.);
#7846=EDGE_CURVE('',#6209,#6207,#2286,.T.);
#7847=EDGE_CURVE('',#6210,#6208,#2287,.T.);
#7848=EDGE_CURVE('',#6209,#6210,#2288,.T.);
#7849=EDGE_CURVE('',#6211,#6209,#2289,.T.);
#7850=EDGE_CURVE('',#6212,#6210,#2290,.T.);
#7851=EDGE_CURVE('',#6211,#6212,#2291,.T.);
#7852=EDGE_CURVE('',#6213,#6211,#2292,.T.);
#7853=EDGE_CURVE('',#6214,#6212,#2293,.T.);
#7854=EDGE_CURVE('',#6213,#6214,#2294,.T.);
#7855=EDGE_CURVE('',#6215,#6213,#2295,.T.);
#7856=EDGE_CURVE('',#6216,#6214,#2296,.T.);
#7857=EDGE_CURVE('',#6215,#6216,#2297,.T.);
#7858=EDGE_CURVE('',#6217,#6215,#2298,.T.);
#7859=EDGE_CURVE('',#6218,#6216,#2299,.T.);
#7860=EDGE_CURVE('',#6217,#6218,#2300,.T.);
#7861=EDGE_CURVE('',#6180,#6217,#2301,.T.);
#7862=EDGE_CURVE('',#6181,#6218,#2302,.T.);
#7863=EDGE_CURVE('',#6219,#6220,#2303,.T.);
#7864=EDGE_CURVE('',#6219,#6221,#2304,.T.);
#7865=EDGE_CURVE('',#6222,#6221,#2305,.T.);
#7866=EDGE_CURVE('',#6220,#6222,#2306,.T.);
#7867=EDGE_CURVE('',#6220,#6223,#2307,.T.);
#7868=EDGE_CURVE('',#6224,#6222,#2308,.T.);
#7869=EDGE_CURVE('',#6223,#6224,#2309,.T.);
#7870=EDGE_CURVE('',#6223,#6225,#2310,.T.);
#7871=EDGE_CURVE('',#6226,#6224,#2311,.T.);
#7872=EDGE_CURVE('',#6225,#6226,#2312,.T.);
#7873=EDGE_CURVE('',#6225,#6227,#2313,.T.);
#7874=EDGE_CURVE('',#6228,#6226,#2314,.T.);
#7875=EDGE_CURVE('',#6227,#6228,#2315,.T.);
#7876=EDGE_CURVE('',#6227,#6229,#2316,.T.);
#7877=EDGE_CURVE('',#6230,#6228,#2317,.T.);
#7878=EDGE_CURVE('',#6229,#6230,#2318,.T.);
#7879=EDGE_CURVE('',#6229,#6231,#2319,.T.);
#7880=EDGE_CURVE('',#6232,#6230,#2320,.T.);
#7881=EDGE_CURVE('',#6231,#6232,#2321,.T.);
#7882=EDGE_CURVE('',#6231,#6233,#2322,.T.);
#7883=EDGE_CURVE('',#6234,#6232,#2323,.T.);
#7884=EDGE_CURVE('',#6233,#6234,#2324,.T.);
#7885=EDGE_CURVE('',#6233,#6235,#2325,.T.);
#7886=EDGE_CURVE('',#6236,#6234,#2326,.T.);
#7887=EDGE_CURVE('',#6235,#6236,#2327,.T.);
#7888=EDGE_CURVE('',#6235,#6237,#2328,.T.);
#7889=EDGE_CURVE('',#6238,#6236,#2329,.T.);
#7890=EDGE_CURVE('',#6237,#6238,#2330,.T.);
#7891=EDGE_CURVE('',#6237,#6239,#2331,.T.);
#7892=EDGE_CURVE('',#6240,#6238,#2332,.T.);
#7893=EDGE_CURVE('',#6239,#6240,#2333,.T.);
#7894=EDGE_CURVE('',#6239,#6241,#2334,.T.);
#7895=EDGE_CURVE('',#6242,#6240,#2335,.T.);
#7896=EDGE_CURVE('',#6241,#6242,#2336,.T.);
#7897=EDGE_CURVE('',#6241,#6243,#2337,.T.);
#7898=EDGE_CURVE('',#6244,#6242,#2338,.T.);
#7899=EDGE_CURVE('',#6243,#6244,#2339,.T.);
#7900=EDGE_CURVE('',#6243,#6245,#2340,.T.);
#7901=EDGE_CURVE('',#6246,#6244,#2341,.T.);
#7902=EDGE_CURVE('',#6245,#6246,#2342,.T.);
#7903=EDGE_CURVE('',#6245,#6247,#2343,.T.);
#7904=EDGE_CURVE('',#6248,#6246,#2344,.T.);
#7905=EDGE_CURVE('',#6247,#6248,#2345,.T.);
#7906=EDGE_CURVE('',#6247,#6249,#2346,.T.);
#7907=EDGE_CURVE('',#6250,#6248,#2347,.T.);
#7908=EDGE_CURVE('',#6249,#6250,#2348,.T.);
#7909=EDGE_CURVE('',#6249,#6251,#2349,.T.);
#7910=EDGE_CURVE('',#6252,#6250,#2350,.T.);
#7911=EDGE_CURVE('',#6251,#6252,#2351,.T.);
#7912=EDGE_CURVE('',#6251,#6253,#2352,.T.);
#7913=EDGE_CURVE('',#6254,#6252,#2353,.T.);
#7914=EDGE_CURVE('',#6253,#6254,#2354,.T.);
#7915=EDGE_CURVE('',#6253,#6255,#2355,.T.);
#7916=EDGE_CURVE('',#6256,#6254,#2356,.T.);
#7917=EDGE_CURVE('',#6255,#6256,#2357,.T.);
#7918=EDGE_CURVE('',#6255,#6257,#2358,.T.);
#7919=EDGE_CURVE('',#6258,#6256,#2359,.T.);
#7920=EDGE_CURVE('',#6257,#6258,#2360,.T.);
#7921=EDGE_CURVE('',#6257,#6259,#2361,.T.);
#7922=EDGE_CURVE('',#6260,#6258,#2362,.T.);
#7923=EDGE_CURVE('',#6259,#6260,#2363,.T.);
#7924=EDGE_CURVE('',#6259,#6261,#2364,.T.);
#7925=EDGE_CURVE('',#6262,#6260,#2365,.T.);
#7926=EDGE_CURVE('',#6261,#6262,#2366,.T.);
#7927=EDGE_CURVE('',#6261,#6263,#2367,.T.);
#7928=EDGE_CURVE('',#6264,#6262,#2368,.T.);
#7929=EDGE_CURVE('',#6263,#6264,#2369,.T.);
#7930=EDGE_CURVE('',#6263,#6265,#2370,.T.);
#7931=EDGE_CURVE('',#6266,#6264,#2371,.T.);
#7932=EDGE_CURVE('',#6265,#6266,#2372,.T.);
#7933=EDGE_CURVE('',#6265,#6267,#2373,.T.);
#7934=EDGE_CURVE('',#6268,#6266,#2374,.T.);
#7935=EDGE_CURVE('',#6267,#6268,#2375,.T.);
#7936=EDGE_CURVE('',#6267,#6269,#2376,.T.);
#7937=EDGE_CURVE('',#6270,#6268,#2377,.T.);
#7938=EDGE_CURVE('',#6269,#6270,#2378,.T.);
#7939=EDGE_CURVE('',#6269,#6271,#2379,.T.);
#7940=EDGE_CURVE('',#6272,#6270,#2380,.T.);
#7941=EDGE_CURVE('',#6271,#6272,#2381,.T.);
#7942=EDGE_CURVE('',#6271,#6273,#2382,.T.);
#7943=EDGE_CURVE('',#6274,#6272,#2383,.T.);
#7944=EDGE_CURVE('',#6273,#6274,#2384,.T.);
#7945=EDGE_CURVE('',#6273,#6275,#2385,.T.);
#7946=EDGE_CURVE('',#6276,#6274,#2386,.T.);
#7947=EDGE_CURVE('',#6275,#6276,#2387,.T.);
#7948=EDGE_CURVE('',#6275,#6277,#2388,.T.);
#7949=EDGE_CURVE('',#6278,#6276,#2389,.T.);
#7950=EDGE_CURVE('',#6277,#6278,#2390,.T.);
#7951=EDGE_CURVE('',#6277,#6279,#2391,.T.);
#7952=EDGE_CURVE('',#6280,#6278,#2392,.T.);
#7953=EDGE_CURVE('',#6279,#6280,#2393,.T.);
#7954=EDGE_CURVE('',#6279,#6281,#2394,.T.);
#7955=EDGE_CURVE('',#6282,#6280,#2395,.T.);
#7956=EDGE_CURVE('',#6281,#6282,#2396,.T.);
#7957=EDGE_CURVE('',#6281,#6283,#2397,.T.);
#7958=EDGE_CURVE('',#6284,#6282,#2398,.T.);
#7959=EDGE_CURVE('',#6283,#6284,#2399,.T.);
#7960=EDGE_CURVE('',#6283,#6285,#2400,.T.);
#7961=EDGE_CURVE('',#6286,#6284,#2401,.T.);
#7962=EDGE_CURVE('',#6285,#6286,#2402,.T.);
#7963=EDGE_CURVE('',#6285,#6287,#2403,.T.);
#7964=EDGE_CURVE('',#6288,#6286,#2404,.T.);
#7965=EDGE_CURVE('',#6287,#6288,#2405,.T.);
#7966=EDGE_CURVE('',#6287,#6289,#2406,.T.);
#7967=EDGE_CURVE('',#6290,#6288,#2407,.T.);
#7968=EDGE_CURVE('',#6289,#6290,#2408,.T.);
#7969=EDGE_CURVE('',#6289,#6291,#2409,.T.);
#7970=EDGE_CURVE('',#6292,#6290,#2410,.T.);
#7971=EDGE_CURVE('',#6291,#6292,#2411,.T.);
#7972=EDGE_CURVE('',#6291,#6293,#2412,.T.);
#7973=EDGE_CURVE('',#6294,#6292,#2413,.T.);
#7974=EDGE_CURVE('',#6293,#6294,#2414,.T.);
#7975=EDGE_CURVE('',#6293,#6295,#2415,.T.);
#7976=EDGE_CURVE('',#6296,#6294,#2416,.T.);
#7977=EDGE_CURVE('',#6295,#6296,#2417,.T.);
#7978=EDGE_CURVE('',#6295,#6297,#2418,.T.);
#7979=EDGE_CURVE('',#6298,#6296,#2419,.T.);
#7980=EDGE_CURVE('',#6297,#6298,#2420,.T.);
#7981=EDGE_CURVE('',#6297,#6299,#2421,.T.);
#7982=EDGE_CURVE('',#6300,#6298,#2422,.T.);
#7983=EDGE_CURVE('',#6299,#6300,#2423,.T.);
#7984=EDGE_CURVE('',#6299,#6301,#2424,.T.);
#7985=EDGE_CURVE('',#6302,#6300,#2425,.T.);
#7986=EDGE_CURVE('',#6301,#6302,#2426,.T.);
#7987=EDGE_CURVE('',#6301,#6303,#2427,.T.);
#7988=EDGE_CURVE('',#6304,#6302,#2428,.T.);
#7989=EDGE_CURVE('',#6303,#6304,#2429,.T.);
#7990=EDGE_CURVE('',#6303,#6305,#2430,.T.);
#7991=EDGE_CURVE('',#6306,#6304,#2431,.T.);
#7992=EDGE_CURVE('',#6305,#6306,#2432,.T.);
#7993=EDGE_CURVE('',#6305,#6307,#2433,.T.);
#7994=EDGE_CURVE('',#6308,#6306,#2434,.T.);
#7995=EDGE_CURVE('',#6307,#6308,#2435,.T.);
#7996=EDGE_CURVE('',#6307,#6309,#2436,.T.);
#7997=EDGE_CURVE('',#6310,#6308,#2437,.T.);
#7998=EDGE_CURVE('',#6309,#6310,#2438,.T.);
#7999=EDGE_CURVE('',#6309,#6311,#2439,.T.);
#8000=EDGE_CURVE('',#6312,#6310,#2440,.T.);
#8001=EDGE_CURVE('',#6311,#6312,#2441,.T.);
#8002=EDGE_CURVE('',#6311,#6313,#2442,.T.);
#8003=EDGE_CURVE('',#6314,#6312,#2443,.T.);
#8004=EDGE_CURVE('',#6313,#6314,#2444,.T.);
#8005=EDGE_CURVE('',#6313,#6315,#2445,.T.);
#8006=EDGE_CURVE('',#6316,#6314,#2446,.T.);
#8007=EDGE_CURVE('',#6315,#6316,#2447,.T.);
#8008=EDGE_CURVE('',#6315,#6317,#2448,.T.);
#8009=EDGE_CURVE('',#6318,#6316,#2449,.T.);
#8010=EDGE_CURVE('',#6317,#6318,#2450,.T.);
#8011=EDGE_CURVE('',#6317,#6319,#2451,.T.);
#8012=EDGE_CURVE('',#6320,#6318,#2452,.T.);
#8013=EDGE_CURVE('',#6319,#6320,#2453,.T.);
#8014=EDGE_CURVE('',#6319,#6321,#2454,.T.);
#8015=EDGE_CURVE('',#6322,#6320,#2455,.T.);
#8016=EDGE_CURVE('',#6321,#6322,#2456,.T.);
#8017=EDGE_CURVE('',#6321,#6323,#2457,.T.);
#8018=EDGE_CURVE('',#6324,#6322,#2458,.T.);
#8019=EDGE_CURVE('',#6323,#6324,#2459,.T.);
#8020=EDGE_CURVE('',#6323,#6325,#2460,.T.);
#8021=EDGE_CURVE('',#6326,#6324,#2461,.T.);
#8022=EDGE_CURVE('',#6325,#6326,#2462,.T.);
#8023=EDGE_CURVE('',#6325,#6327,#2463,.T.);
#8024=EDGE_CURVE('',#6328,#6326,#2464,.T.);
#8025=EDGE_CURVE('',#6327,#6328,#2465,.T.);
#8026=EDGE_CURVE('',#6327,#6329,#2466,.T.);
#8027=EDGE_CURVE('',#6330,#6328,#2467,.T.);
#8028=EDGE_CURVE('',#6329,#6330,#2468,.T.);
#8029=EDGE_CURVE('',#6329,#6331,#2469,.T.);
#8030=EDGE_CURVE('',#6332,#6330,#2470,.T.);
#8031=EDGE_CURVE('',#6331,#6332,#2471,.T.);
#8032=EDGE_CURVE('',#6331,#6333,#2472,.T.);
#8033=EDGE_CURVE('',#6334,#6332,#2473,.T.);
#8034=EDGE_CURVE('',#6333,#6334,#2474,.T.);
#8035=EDGE_CURVE('',#6333,#6335,#2475,.T.);
#8036=EDGE_CURVE('',#6336,#6334,#2476,.T.);
#8037=EDGE_CURVE('',#6335,#6336,#2477,.T.);
#8038=EDGE_CURVE('',#6335,#6337,#2478,.T.);
#8039=EDGE_CURVE('',#6338,#6336,#2479,.T.);
#8040=EDGE_CURVE('',#6337,#6338,#2480,.T.);
#8041=EDGE_CURVE('',#6337,#6339,#2481,.T.);
#8042=EDGE_CURVE('',#6340,#6338,#2482,.T.);
#8043=EDGE_CURVE('',#6339,#6340,#2483,.T.);
#8044=EDGE_CURVE('',#6339,#6341,#2484,.T.);
#8045=EDGE_CURVE('',#6342,#6340,#2485,.T.);
#8046=EDGE_CURVE('',#6341,#6342,#2486,.T.);
#8047=EDGE_CURVE('',#6341,#6343,#2487,.T.);
#8048=EDGE_CURVE('',#6344,#6342,#2488,.T.);
#8049=EDGE_CURVE('',#6343,#6344,#2489,.T.);
#8050=EDGE_CURVE('',#6343,#6345,#2490,.T.);
#8051=EDGE_CURVE('',#6346,#6344,#2491,.T.);
#8052=EDGE_CURVE('',#6345,#6346,#2492,.T.);
#8053=EDGE_CURVE('',#6345,#6347,#2493,.T.);
#8054=EDGE_CURVE('',#6348,#6346,#2494,.T.);
#8055=EDGE_CURVE('',#6347,#6348,#2495,.T.);
#8056=EDGE_CURVE('',#6347,#6349,#2496,.T.);
#8057=EDGE_CURVE('',#6350,#6348,#2497,.T.);
#8058=EDGE_CURVE('',#6349,#6350,#2498,.T.);
#8059=EDGE_CURVE('',#6349,#6351,#2499,.T.);
#8060=EDGE_CURVE('',#6352,#6350,#2500,.T.);
#8061=EDGE_CURVE('',#6351,#6352,#2501,.T.);
#8062=EDGE_CURVE('',#6351,#6353,#2502,.T.);
#8063=EDGE_CURVE('',#6354,#6352,#2503,.T.);
#8064=EDGE_CURVE('',#6353,#6354,#2504,.T.);
#8065=EDGE_CURVE('',#6353,#6355,#2505,.T.);
#8066=EDGE_CURVE('',#6356,#6354,#2506,.T.);
#8067=EDGE_CURVE('',#6355,#6356,#2507,.T.);
#8068=EDGE_CURVE('',#6355,#6357,#2508,.T.);
#8069=EDGE_CURVE('',#6358,#6356,#2509,.T.);
#8070=EDGE_CURVE('',#6357,#6358,#2510,.T.);
#8071=EDGE_CURVE('',#6357,#6359,#2511,.T.);
#8072=EDGE_CURVE('',#6360,#6358,#2512,.T.);
#8073=EDGE_CURVE('',#6359,#6360,#2513,.T.);
#8074=EDGE_CURVE('',#6359,#6361,#2514,.T.);
#8075=EDGE_CURVE('',#6362,#6360,#2515,.T.);
#8076=EDGE_CURVE('',#6361,#6362,#2516,.T.);
#8077=EDGE_CURVE('',#6361,#6363,#2517,.T.);
#8078=EDGE_CURVE('',#6364,#6362,#2518,.T.);
#8079=EDGE_CURVE('',#6363,#6364,#2519,.T.);
#8080=EDGE_CURVE('',#6363,#6365,#2520,.T.);
#8081=EDGE_CURVE('',#6366,#6364,#2521,.T.);
#8082=EDGE_CURVE('',#6365,#6366,#2522,.T.);
#8083=EDGE_CURVE('',#6365,#6367,#2523,.T.);
#8084=EDGE_CURVE('',#6368,#6366,#2524,.T.);
#8085=EDGE_CURVE('',#6367,#6368,#2525,.T.);
#8086=EDGE_CURVE('',#6367,#6369,#2526,.T.);
#8087=EDGE_CURVE('',#6370,#6368,#2527,.T.);
#8088=EDGE_CURVE('',#6369,#6370,#2528,.T.);
#8089=EDGE_CURVE('',#6369,#6371,#2529,.T.);
#8090=EDGE_CURVE('',#6372,#6370,#2530,.T.);
#8091=EDGE_CURVE('',#6371,#6372,#2531,.T.);
#8092=EDGE_CURVE('',#6371,#6373,#2532,.T.);
#8093=EDGE_CURVE('',#6374,#6372,#2533,.T.);
#8094=EDGE_CURVE('',#6373,#6374,#2534,.T.);
#8095=EDGE_CURVE('',#6373,#6375,#2535,.T.);
#8096=EDGE_CURVE('',#6376,#6374,#2536,.T.);
#8097=EDGE_CURVE('',#6375,#6376,#2537,.T.);
#8098=EDGE_CURVE('',#6375,#6377,#2538,.T.);
#8099=EDGE_CURVE('',#6378,#6376,#2539,.T.);
#8100=EDGE_CURVE('',#6377,#6378,#2540,.T.);
#8101=EDGE_CURVE('',#6377,#6379,#2541,.T.);
#8102=EDGE_CURVE('',#6380,#6378,#2542,.T.);
#8103=EDGE_CURVE('',#6379,#6380,#2543,.T.);
#8104=EDGE_CURVE('',#6379,#6381,#2544,.T.);
#8105=EDGE_CURVE('',#6382,#6380,#2545,.T.);
#8106=EDGE_CURVE('',#6381,#6382,#2546,.T.);
#8107=EDGE_CURVE('',#6381,#6383,#2547,.T.);
#8108=EDGE_CURVE('',#6384,#6382,#2548,.T.);
#8109=EDGE_CURVE('',#6383,#6384,#2549,.T.);
#8110=EDGE_CURVE('',#6383,#6385,#2550,.T.);
#8111=EDGE_CURVE('',#6386,#6384,#2551,.T.);
#8112=EDGE_CURVE('',#6385,#6386,#2552,.T.);
#8113=EDGE_CURVE('',#6385,#6387,#2553,.T.);
#8114=EDGE_CURVE('',#6388,#6386,#2554,.T.);
#8115=EDGE_CURVE('',#6387,#6388,#2555,.T.);
#8116=EDGE_CURVE('',#6387,#6389,#2556,.T.);
#8117=EDGE_CURVE('',#6390,#6388,#2557,.T.);
#8118=EDGE_CURVE('',#6389,#6390,#2558,.T.);
#8119=EDGE_CURVE('',#6389,#6391,#2559,.T.);
#8120=EDGE_CURVE('',#6392,#6390,#2560,.T.);
#8121=EDGE_CURVE('',#6391,#6392,#2561,.T.);
#8122=EDGE_CURVE('',#6391,#6393,#2562,.T.);
#8123=EDGE_CURVE('',#6394,#6392,#2563,.T.);
#8124=EDGE_CURVE('',#6393,#6394,#2564,.T.);
#8125=EDGE_CURVE('',#6393,#6395,#2565,.T.);
#8126=EDGE_CURVE('',#6396,#6394,#2566,.T.);
#8127=EDGE_CURVE('',#6395,#6396,#2567,.T.);
#8128=EDGE_CURVE('',#6395,#6397,#2568,.T.);
#8129=EDGE_CURVE('',#6398,#6396,#2569,.T.);
#8130=EDGE_CURVE('',#6397,#6398,#2570,.T.);
#8131=EDGE_CURVE('',#6397,#6399,#2571,.T.);
#8132=EDGE_CURVE('',#6400,#6398,#2572,.T.);
#8133=EDGE_CURVE('',#6399,#6400,#2573,.T.);
#8134=EDGE_CURVE('',#6399,#6401,#2574,.T.);
#8135=EDGE_CURVE('',#6402,#6400,#2575,.T.);
#8136=EDGE_CURVE('',#6401,#6402,#2576,.T.);
#8137=EDGE_CURVE('',#6401,#6219,#2577,.T.);
#8138=EDGE_CURVE('',#6221,#6402,#2578,.T.);
#8139=EDGE_CURVE('',#6403,#6404,#2579,.T.);
#8140=EDGE_CURVE('',#6403,#6405,#2580,.T.);
#8141=EDGE_CURVE('',#6406,#6405,#2581,.T.);
#8142=EDGE_CURVE('',#6404,#6406,#2582,.T.);
#8143=EDGE_CURVE('',#6407,#6403,#2583,.T.);
#8144=EDGE_CURVE('',#6407,#6408,#2584,.T.);
#8145=EDGE_CURVE('',#6405,#6408,#2585,.T.);
#8146=EDGE_CURVE('',#6409,#6407,#2586,.T.);
#8147=EDGE_CURVE('',#6409,#6410,#2587,.T.);
#8148=EDGE_CURVE('',#6408,#6410,#2588,.T.);
#8149=EDGE_CURVE('',#6404,#6409,#2589,.T.);
#8150=EDGE_CURVE('',#6410,#6406,#2590,.T.);
#8151=EDGE_CURVE('',#6411,#6412,#2591,.T.);
#8152=EDGE_CURVE('',#6411,#6413,#2592,.T.);
#8153=EDGE_CURVE('',#6414,#6413,#2593,.T.);
#8154=EDGE_CURVE('',#6412,#6414,#2594,.T.);
#8155=EDGE_CURVE('',#6415,#6411,#2595,.T.);
#8156=EDGE_CURVE('',#6415,#6416,#2596,.T.);
#8157=EDGE_CURVE('',#6413,#6416,#2597,.T.);
#8158=EDGE_CURVE('',#6417,#6415,#2598,.T.);
#8159=EDGE_CURVE('',#6417,#6418,#2599,.T.);
#8160=EDGE_CURVE('',#6416,#6418,#2600,.T.);
#8161=EDGE_CURVE('',#6412,#6417,#2601,.T.);
#8162=EDGE_CURVE('',#6418,#6414,#2602,.T.);
#8163=EDGE_CURVE('',#6419,#6420,#2603,.T.);
#8164=EDGE_CURVE('',#6420,#6421,#2604,.T.);
#8165=EDGE_CURVE('',#6422,#6421,#2605,.T.);
#8166=EDGE_CURVE('',#6419,#6422,#2606,.T.);
#8167=EDGE_CURVE('',#6423,#6419,#2607,.T.);
#8168=EDGE_CURVE('',#6424,#6422,#2608,.T.);
#8169=EDGE_CURVE('',#6423,#6424,#2609,.T.);
#8170=EDGE_CURVE('',#6425,#6423,#2610,.T.);
#8171=EDGE_CURVE('',#6426,#6424,#2611,.T.);
#8172=EDGE_CURVE('',#6425,#6426,#2612,.T.);
#8173=EDGE_CURVE('',#6427,#6425,#2613,.T.);
#8174=EDGE_CURVE('',#6428,#6426,#2614,.T.);
#8175=EDGE_CURVE('',#6427,#6428,#2615,.T.);
#8176=EDGE_CURVE('',#6429,#6427,#2616,.T.);
#8177=EDGE_CURVE('',#6430,#6428,#2617,.T.);
#8178=EDGE_CURVE('',#6429,#6430,#2618,.T.);
#8179=EDGE_CURVE('',#6431,#6429,#2619,.T.);
#8180=EDGE_CURVE('',#6432,#6430,#2620,.T.);
#8181=EDGE_CURVE('',#6431,#6432,#2621,.T.);
#8182=EDGE_CURVE('',#6433,#6431,#2622,.T.);
#8183=EDGE_CURVE('',#6434,#6432,#2623,.T.);
#8184=EDGE_CURVE('',#6433,#6434,#2624,.T.);
#8185=EDGE_CURVE('',#6435,#6433,#2625,.T.);
#8186=EDGE_CURVE('',#6436,#6434,#2626,.T.);
#8187=EDGE_CURVE('',#6435,#6436,#2627,.T.);
#8188=EDGE_CURVE('',#6437,#6435,#2628,.T.);
#8189=EDGE_CURVE('',#6438,#6436,#2629,.T.);
#8190=EDGE_CURVE('',#6437,#6438,#2630,.T.);
#8191=EDGE_CURVE('',#6439,#6437,#2631,.T.);
#8192=EDGE_CURVE('',#6440,#6438,#2632,.T.);
#8193=EDGE_CURVE('',#6439,#6440,#2633,.T.);
#8194=EDGE_CURVE('',#6441,#6439,#2634,.T.);
#8195=EDGE_CURVE('',#6442,#6440,#2635,.T.);
#8196=EDGE_CURVE('',#6441,#6442,#2636,.T.);
#8197=EDGE_CURVE('',#6443,#6441,#2637,.T.);
#8198=EDGE_CURVE('',#6444,#6442,#2638,.T.);
#8199=EDGE_CURVE('',#6443,#6444,#2639,.T.);
#8200=EDGE_CURVE('',#6445,#6443,#2640,.T.);
#8201=EDGE_CURVE('',#6446,#6444,#2641,.T.);
#8202=EDGE_CURVE('',#6445,#6446,#2642,.T.);
#8203=EDGE_CURVE('',#6447,#6445,#2643,.T.);
#8204=EDGE_CURVE('',#6448,#6446,#2644,.T.);
#8205=EDGE_CURVE('',#6447,#6448,#2645,.T.);
#8206=EDGE_CURVE('',#6449,#6447,#2646,.T.);
#8207=EDGE_CURVE('',#6450,#6448,#2647,.T.);
#8208=EDGE_CURVE('',#6449,#6450,#2648,.T.);
#8209=EDGE_CURVE('',#6451,#6449,#2649,.T.);
#8210=EDGE_CURVE('',#6452,#6450,#2650,.T.);
#8211=EDGE_CURVE('',#6451,#6452,#2651,.T.);
#8212=EDGE_CURVE('',#6453,#6451,#2652,.T.);
#8213=EDGE_CURVE('',#6454,#6452,#2653,.T.);
#8214=EDGE_CURVE('',#6453,#6454,#2654,.T.);
#8215=EDGE_CURVE('',#6455,#6453,#2655,.T.);
#8216=EDGE_CURVE('',#6456,#6454,#2656,.T.);
#8217=EDGE_CURVE('',#6455,#6456,#2657,.T.);
#8218=EDGE_CURVE('',#6457,#6455,#2658,.T.);
#8219=EDGE_CURVE('',#6458,#6456,#2659,.T.);
#8220=EDGE_CURVE('',#6457,#6458,#2660,.T.);
#8221=EDGE_CURVE('',#6420,#6457,#2661,.T.);
#8222=EDGE_CURVE('',#6421,#6458,#2662,.T.);
#8223=EDGE_CURVE('',#6459,#6460,#2663,.T.);
#8224=EDGE_CURVE('',#6460,#6461,#2664,.T.);
#8225=EDGE_CURVE('',#6462,#6461,#2665,.T.);
#8226=EDGE_CURVE('',#6459,#6462,#2666,.T.);
#8227=EDGE_CURVE('',#6463,#6459,#2667,.T.);
#8228=EDGE_CURVE('',#6464,#6462,#2668,.T.);
#8229=EDGE_CURVE('',#6463,#6464,#2669,.T.);
#8230=EDGE_CURVE('',#6465,#6463,#2670,.T.);
#8231=EDGE_CURVE('',#6466,#6464,#2671,.T.);
#8232=EDGE_CURVE('',#6465,#6466,#2672,.T.);
#8233=EDGE_CURVE('',#6467,#6465,#2673,.T.);
#8234=EDGE_CURVE('',#6468,#6466,#2674,.T.);
#8235=EDGE_CURVE('',#6467,#6468,#2675,.T.);
#8236=EDGE_CURVE('',#6469,#6467,#2676,.T.);
#8237=EDGE_CURVE('',#6470,#6468,#2677,.T.);
#8238=EDGE_CURVE('',#6469,#6470,#2678,.T.);
#8239=EDGE_CURVE('',#6471,#6469,#2679,.T.);
#8240=EDGE_CURVE('',#6472,#6470,#2680,.T.);
#8241=EDGE_CURVE('',#6471,#6472,#2681,.T.);
#8242=EDGE_CURVE('',#6473,#6471,#2682,.T.);
#8243=EDGE_CURVE('',#6474,#6472,#2683,.T.);
#8244=EDGE_CURVE('',#6473,#6474,#2684,.T.);
#8245=EDGE_CURVE('',#6475,#6473,#2685,.T.);
#8246=EDGE_CURVE('',#6476,#6474,#2686,.T.);
#8247=EDGE_CURVE('',#6475,#6476,#2687,.T.);
#8248=EDGE_CURVE('',#6477,#6475,#2688,.T.);
#8249=EDGE_CURVE('',#6478,#6476,#2689,.T.);
#8250=EDGE_CURVE('',#6477,#6478,#2690,.T.);
#8251=EDGE_CURVE('',#6479,#6477,#2691,.T.);
#8252=EDGE_CURVE('',#6480,#6478,#2692,.T.);
#8253=EDGE_CURVE('',#6479,#6480,#2693,.T.);
#8254=EDGE_CURVE('',#6481,#6479,#2694,.T.);
#8255=EDGE_CURVE('',#6482,#6480,#2695,.T.);
#8256=EDGE_CURVE('',#6481,#6482,#2696,.T.);
#8257=EDGE_CURVE('',#6483,#6481,#2697,.T.);
#8258=EDGE_CURVE('',#6484,#6482,#2698,.T.);
#8259=EDGE_CURVE('',#6483,#6484,#2699,.T.);
#8260=EDGE_CURVE('',#6485,#6483,#2700,.T.);
#8261=EDGE_CURVE('',#6486,#6484,#2701,.T.);
#8262=EDGE_CURVE('',#6485,#6486,#2702,.T.);
#8263=EDGE_CURVE('',#6487,#6485,#2703,.T.);
#8264=EDGE_CURVE('',#6488,#6486,#2704,.T.);
#8265=EDGE_CURVE('',#6487,#6488,#2705,.T.);
#8266=EDGE_CURVE('',#6489,#6487,#2706,.T.);
#8267=EDGE_CURVE('',#6490,#6488,#2707,.T.);
#8268=EDGE_CURVE('',#6489,#6490,#2708,.T.);
#8269=EDGE_CURVE('',#6491,#6489,#2709,.T.);
#8270=EDGE_CURVE('',#6492,#6490,#2710,.T.);
#8271=EDGE_CURVE('',#6491,#6492,#2711,.T.);
#8272=EDGE_CURVE('',#6493,#6491,#2712,.T.);
#8273=EDGE_CURVE('',#6494,#6492,#2713,.T.);
#8274=EDGE_CURVE('',#6493,#6494,#2714,.T.);
#8275=EDGE_CURVE('',#6495,#6493,#2715,.T.);
#8276=EDGE_CURVE('',#6496,#6494,#2716,.T.);
#8277=EDGE_CURVE('',#6495,#6496,#2717,.T.);
#8278=EDGE_CURVE('',#6497,#6495,#2718,.T.);
#8279=EDGE_CURVE('',#6498,#6496,#2719,.T.);
#8280=EDGE_CURVE('',#6497,#6498,#2720,.T.);
#8281=EDGE_CURVE('',#6460,#6497,#2721,.T.);
#8282=EDGE_CURVE('',#6461,#6498,#2722,.T.);
#8283=EDGE_CURVE('',#6499,#6500,#2723,.T.);
#8284=EDGE_CURVE('',#6500,#6501,#2724,.T.);
#8285=EDGE_CURVE('',#6502,#6501,#2725,.T.);
#8286=EDGE_CURVE('',#6499,#6502,#2726,.T.);
#8287=EDGE_CURVE('',#6503,#6499,#2727,.T.);
#8288=EDGE_CURVE('',#6504,#6502,#2728,.T.);
#8289=EDGE_CURVE('',#6503,#6504,#2729,.T.);
#8290=EDGE_CURVE('',#6505,#6503,#2730,.T.);
#8291=EDGE_CURVE('',#6506,#6504,#2731,.T.);
#8292=EDGE_CURVE('',#6505,#6506,#2732,.T.);
#8293=EDGE_CURVE('',#6507,#6505,#2733,.T.);
#8294=EDGE_CURVE('',#6508,#6506,#2734,.T.);
#8295=EDGE_CURVE('',#6507,#6508,#2735,.T.);
#8296=EDGE_CURVE('',#6509,#6507,#2736,.T.);
#8297=EDGE_CURVE('',#6510,#6508,#2737,.T.);
#8298=EDGE_CURVE('',#6509,#6510,#2738,.T.);
#8299=EDGE_CURVE('',#6511,#6509,#2739,.T.);
#8300=EDGE_CURVE('',#6512,#6510,#2740,.T.);
#8301=EDGE_CURVE('',#6511,#6512,#2741,.T.);
#8302=EDGE_CURVE('',#6513,#6511,#2742,.T.);
#8303=EDGE_CURVE('',#6514,#6512,#2743,.T.);
#8304=EDGE_CURVE('',#6513,#6514,#2744,.T.);
#8305=EDGE_CURVE('',#6515,#6513,#2745,.T.);
#8306=EDGE_CURVE('',#6516,#6514,#2746,.T.);
#8307=EDGE_CURVE('',#6515,#6516,#2747,.T.);
#8308=EDGE_CURVE('',#6517,#6515,#2748,.T.);
#8309=EDGE_CURVE('',#6518,#6516,#2749,.T.);
#8310=EDGE_CURVE('',#6517,#6518,#2750,.T.);
#8311=EDGE_CURVE('',#6519,#6517,#2751,.T.);
#8312=EDGE_CURVE('',#6520,#6518,#2752,.T.);
#8313=EDGE_CURVE('',#6519,#6520,#2753,.T.);
#8314=EDGE_CURVE('',#6521,#6519,#2754,.T.);
#8315=EDGE_CURVE('',#6522,#6520,#2755,.T.);
#8316=EDGE_CURVE('',#6521,#6522,#2756,.T.);
#8317=EDGE_CURVE('',#6523,#6521,#2757,.T.);
#8318=EDGE_CURVE('',#6524,#6522,#2758,.T.);
#8319=EDGE_CURVE('',#6523,#6524,#2759,.T.);
#8320=EDGE_CURVE('',#6525,#6523,#2760,.T.);
#8321=EDGE_CURVE('',#6526,#6524,#2761,.T.);
#8322=EDGE_CURVE('',#6525,#6526,#2762,.T.);
#8323=EDGE_CURVE('',#6527,#6525,#2763,.T.);
#8324=EDGE_CURVE('',#6528,#6526,#2764,.T.);
#8325=EDGE_CURVE('',#6527,#6528,#2765,.T.);
#8326=EDGE_CURVE('',#6529,#6527,#2766,.T.);
#8327=EDGE_CURVE('',#6530,#6528,#2767,.T.);
#8328=EDGE_CURVE('',#6529,#6530,#2768,.T.);
#8329=EDGE_CURVE('',#6531,#6529,#2769,.T.);
#8330=EDGE_CURVE('',#6532,#6530,#2770,.T.);
#8331=EDGE_CURVE('',#6531,#6532,#2771,.T.);
#8332=EDGE_CURVE('',#6533,#6531,#2772,.T.);
#8333=EDGE_CURVE('',#6534,#6532,#2773,.T.);
#8334=EDGE_CURVE('',#6533,#6534,#2774,.T.);
#8335=EDGE_CURVE('',#6535,#6533,#2775,.T.);
#8336=EDGE_CURVE('',#6536,#6534,#2776,.T.);
#8337=EDGE_CURVE('',#6535,#6536,#2777,.T.);
#8338=EDGE_CURVE('',#6537,#6535,#2778,.T.);
#8339=EDGE_CURVE('',#6538,#6536,#2779,.T.);
#8340=EDGE_CURVE('',#6537,#6538,#2780,.T.);
#8341=EDGE_CURVE('',#6500,#6537,#2781,.T.);
#8342=EDGE_CURVE('',#6501,#6538,#2782,.T.);
#8343=EDGE_CURVE('',#6539,#6540,#2783,.T.);
#8344=EDGE_CURVE('',#6540,#6541,#2784,.T.);
#8345=EDGE_CURVE('',#6542,#6541,#2785,.T.);
#8346=EDGE_CURVE('',#6539,#6542,#2786,.T.);
#8347=EDGE_CURVE('',#6543,#6539,#2787,.T.);
#8348=EDGE_CURVE('',#6544,#6542,#2788,.T.);
#8349=EDGE_CURVE('',#6543,#6544,#2789,.T.);
#8350=EDGE_CURVE('',#6545,#6543,#2790,.T.);
#8351=EDGE_CURVE('',#6546,#6544,#2791,.T.);
#8352=EDGE_CURVE('',#6545,#6546,#2792,.T.);
#8353=EDGE_CURVE('',#6547,#6545,#2793,.T.);
#8354=EDGE_CURVE('',#6548,#6546,#2794,.T.);
#8355=EDGE_CURVE('',#6547,#6548,#2795,.T.);
#8356=EDGE_CURVE('',#6549,#6547,#2796,.T.);
#8357=EDGE_CURVE('',#6550,#6548,#2797,.T.);
#8358=EDGE_CURVE('',#6549,#6550,#2798,.T.);
#8359=EDGE_CURVE('',#6551,#6549,#2799,.T.);
#8360=EDGE_CURVE('',#6552,#6550,#2800,.T.);
#8361=EDGE_CURVE('',#6551,#6552,#2801,.T.);
#8362=EDGE_CURVE('',#6553,#6551,#2802,.T.);
#8363=EDGE_CURVE('',#6554,#6552,#2803,.T.);
#8364=EDGE_CURVE('',#6553,#6554,#2804,.T.);
#8365=EDGE_CURVE('',#6555,#6553,#2805,.T.);
#8366=EDGE_CURVE('',#6556,#6554,#2806,.T.);
#8367=EDGE_CURVE('',#6555,#6556,#2807,.T.);
#8368=EDGE_CURVE('',#6557,#6555,#2808,.T.);
#8369=EDGE_CURVE('',#6558,#6556,#2809,.T.);
#8370=EDGE_CURVE('',#6557,#6558,#2810,.T.);
#8371=EDGE_CURVE('',#6559,#6557,#2811,.T.);
#8372=EDGE_CURVE('',#6560,#6558,#2812,.T.);
#8373=EDGE_CURVE('',#6559,#6560,#2813,.T.);
#8374=EDGE_CURVE('',#6561,#6559,#2814,.T.);
#8375=EDGE_CURVE('',#6562,#6560,#2815,.T.);
#8376=EDGE_CURVE('',#6561,#6562,#2816,.T.);
#8377=EDGE_CURVE('',#6563,#6561,#2817,.T.);
#8378=EDGE_CURVE('',#6564,#6562,#2818,.T.);
#8379=EDGE_CURVE('',#6563,#6564,#2819,.T.);
#8380=EDGE_CURVE('',#6565,#6563,#2820,.T.);
#8381=EDGE_CURVE('',#6566,#6564,#2821,.T.);
#8382=EDGE_CURVE('',#6565,#6566,#2822,.T.);
#8383=EDGE_CURVE('',#6567,#6565,#2823,.T.);
#8384=EDGE_CURVE('',#6568,#6566,#2824,.T.);
#8385=EDGE_CURVE('',#6567,#6568,#2825,.T.);
#8386=EDGE_CURVE('',#6569,#6567,#2826,.T.);
#8387=EDGE_CURVE('',#6570,#6568,#2827,.T.);
#8388=EDGE_CURVE('',#6569,#6570,#2828,.T.);
#8389=EDGE_CURVE('',#6571,#6569,#2829,.T.);
#8390=EDGE_CURVE('',#6572,#6570,#2830,.T.);
#8391=EDGE_CURVE('',#6571,#6572,#2831,.T.);
#8392=EDGE_CURVE('',#6573,#6571,#2832,.T.);
#8393=EDGE_CURVE('',#6574,#6572,#2833,.T.);
#8394=EDGE_CURVE('',#6573,#6574,#2834,.T.);
#8395=EDGE_CURVE('',#6575,#6573,#2835,.T.);
#8396=EDGE_CURVE('',#6576,#6574,#2836,.T.);
#8397=EDGE_CURVE('',#6575,#6576,#2837,.T.);
#8398=EDGE_CURVE('',#6577,#6575,#2838,.T.);
#8399=EDGE_CURVE('',#6578,#6576,#2839,.T.);
#8400=EDGE_CURVE('',#6577,#6578,#2840,.T.);
#8401=EDGE_CURVE('',#6540,#6577,#2841,.T.);
#8402=EDGE_CURVE('',#6541,#6578,#2842,.T.);
#8403=EDGE_CURVE('',#6579,#6580,#2843,.T.);
#8404=EDGE_CURVE('',#6580,#6581,#2844,.T.);
#8405=EDGE_CURVE('',#6582,#6581,#2845,.T.);
#8406=EDGE_CURVE('',#6579,#6582,#2846,.T.);
#8407=EDGE_CURVE('',#6583,#6579,#2847,.T.);
#8408=EDGE_CURVE('',#6584,#6582,#2848,.T.);
#8409=EDGE_CURVE('',#6583,#6584,#2849,.T.);
#8410=EDGE_CURVE('',#6585,#6583,#2850,.T.);
#8411=EDGE_CURVE('',#6586,#6584,#2851,.T.);
#8412=EDGE_CURVE('',#6585,#6586,#2852,.T.);
#8413=EDGE_CURVE('',#6587,#6585,#2853,.T.);
#8414=EDGE_CURVE('',#6588,#6586,#2854,.T.);
#8415=EDGE_CURVE('',#6587,#6588,#2855,.T.);
#8416=EDGE_CURVE('',#6589,#6587,#2856,.T.);
#8417=EDGE_CURVE('',#6590,#6588,#2857,.T.);
#8418=EDGE_CURVE('',#6589,#6590,#2858,.T.);
#8419=EDGE_CURVE('',#6591,#6589,#2859,.T.);
#8420=EDGE_CURVE('',#6592,#6590,#2860,.T.);
#8421=EDGE_CURVE('',#6591,#6592,#2861,.T.);
#8422=EDGE_CURVE('',#6593,#6591,#2862,.T.);
#8423=EDGE_CURVE('',#6594,#6592,#2863,.T.);
#8424=EDGE_CURVE('',#6593,#6594,#2864,.T.);
#8425=EDGE_CURVE('',#6595,#6593,#2865,.T.);
#8426=EDGE_CURVE('',#6596,#6594,#2866,.T.);
#8427=EDGE_CURVE('',#6595,#6596,#2867,.T.);
#8428=EDGE_CURVE('',#6597,#6595,#2868,.T.);
#8429=EDGE_CURVE('',#6598,#6596,#2869,.T.);
#8430=EDGE_CURVE('',#6597,#6598,#2870,.T.);
#8431=EDGE_CURVE('',#6599,#6597,#2871,.T.);
#8432=EDGE_CURVE('',#6600,#6598,#2872,.T.);
#8433=EDGE_CURVE('',#6599,#6600,#2873,.T.);
#8434=EDGE_CURVE('',#6601,#6599,#2874,.T.);
#8435=EDGE_CURVE('',#6602,#6600,#2875,.T.);
#8436=EDGE_CURVE('',#6601,#6602,#2876,.T.);
#8437=EDGE_CURVE('',#6603,#6601,#2877,.T.);
#8438=EDGE_CURVE('',#6604,#6602,#2878,.T.);
#8439=EDGE_CURVE('',#6603,#6604,#2879,.T.);
#8440=EDGE_CURVE('',#6605,#6603,#2880,.T.);
#8441=EDGE_CURVE('',#6606,#6604,#2881,.T.);
#8442=EDGE_CURVE('',#6605,#6606,#2882,.T.);
#8443=EDGE_CURVE('',#6607,#6605,#2883,.T.);
#8444=EDGE_CURVE('',#6608,#6606,#2884,.T.);
#8445=EDGE_CURVE('',#6607,#6608,#2885,.T.);
#8446=EDGE_CURVE('',#6609,#6607,#2886,.T.);
#8447=EDGE_CURVE('',#6610,#6608,#2887,.T.);
#8448=EDGE_CURVE('',#6609,#6610,#2888,.T.);
#8449=EDGE_CURVE('',#6611,#6609,#2889,.T.);
#8450=EDGE_CURVE('',#6612,#6610,#2890,.T.);
#8451=EDGE_CURVE('',#6611,#6612,#2891,.T.);
#8452=EDGE_CURVE('',#6613,#6611,#2892,.T.);
#8453=EDGE_CURVE('',#6614,#6612,#2893,.T.);
#8454=EDGE_CURVE('',#6613,#6614,#2894,.T.);
#8455=EDGE_CURVE('',#6615,#6613,#2895,.T.);
#8456=EDGE_CURVE('',#6616,#6614,#2896,.T.);
#8457=EDGE_CURVE('',#6615,#6616,#2897,.T.);
#8458=EDGE_CURVE('',#6617,#6615,#2898,.T.);
#8459=EDGE_CURVE('',#6618,#6616,#2899,.T.);
#8460=EDGE_CURVE('',#6617,#6618,#2900,.T.);
#8461=EDGE_CURVE('',#6580,#6617,#2901,.T.);
#8462=EDGE_CURVE('',#6581,#6618,#2902,.T.);
#8463=EDGE_CURVE('',#6619,#6620,#2903,.T.);
#8464=EDGE_CURVE('',#6620,#6621,#2904,.T.);
#8465=EDGE_CURVE('',#6622,#6621,#2905,.T.);
#8466=EDGE_CURVE('',#6619,#6622,#2906,.T.);
#8467=EDGE_CURVE('',#6623,#6619,#2907,.T.);
#8468=EDGE_CURVE('',#6624,#6622,#2908,.T.);
#8469=EDGE_CURVE('',#6623,#6624,#2909,.T.);
#8470=EDGE_CURVE('',#6625,#6623,#2910,.T.);
#8471=EDGE_CURVE('',#6626,#6624,#2911,.T.);
#8472=EDGE_CURVE('',#6625,#6626,#2912,.T.);
#8473=EDGE_CURVE('',#6627,#6625,#2913,.T.);
#8474=EDGE_CURVE('',#6628,#6626,#2914,.T.);
#8475=EDGE_CURVE('',#6627,#6628,#2915,.T.);
#8476=EDGE_CURVE('',#6629,#6627,#2916,.T.);
#8477=EDGE_CURVE('',#6630,#6628,#2917,.T.);
#8478=EDGE_CURVE('',#6629,#6630,#2918,.T.);
#8479=EDGE_CURVE('',#6631,#6629,#2919,.T.);
#8480=EDGE_CURVE('',#6632,#6630,#2920,.T.);
#8481=EDGE_CURVE('',#6631,#6632,#2921,.T.);
#8482=EDGE_CURVE('',#6633,#6631,#2922,.T.);
#8483=EDGE_CURVE('',#6634,#6632,#2923,.T.);
#8484=EDGE_CURVE('',#6633,#6634,#2924,.T.);
#8485=EDGE_CURVE('',#6635,#6633,#2925,.T.);
#8486=EDGE_CURVE('',#6636,#6634,#2926,.T.);
#8487=EDGE_CURVE('',#6635,#6636,#2927,.T.);
#8488=EDGE_CURVE('',#6637,#6635,#2928,.T.);
#8489=EDGE_CURVE('',#6638,#6636,#2929,.T.);
#8490=EDGE_CURVE('',#6637,#6638,#2930,.T.);
#8491=EDGE_CURVE('',#6639,#6637,#2931,.T.);
#8492=EDGE_CURVE('',#6640,#6638,#2932,.T.);
#8493=EDGE_CURVE('',#6639,#6640,#2933,.T.);
#8494=EDGE_CURVE('',#6641,#6639,#2934,.T.);
#8495=EDGE_CURVE('',#6642,#6640,#2935,.T.);
#8496=EDGE_CURVE('',#6641,#6642,#2936,.T.);
#8497=EDGE_CURVE('',#6643,#6641,#2937,.T.);
#8498=EDGE_CURVE('',#6644,#6642,#2938,.T.);
#8499=EDGE_CURVE('',#6643,#6644,#2939,.T.);
#8500=EDGE_CURVE('',#6645,#6643,#2940,.T.);
#8501=EDGE_CURVE('',#6646,#6644,#2941,.T.);
#8502=EDGE_CURVE('',#6645,#6646,#2942,.T.);
#8503=EDGE_CURVE('',#6647,#6645,#2943,.T.);
#8504=EDGE_CURVE('',#6648,#6646,#2944,.T.);
#8505=EDGE_CURVE('',#6647,#6648,#2945,.T.);
#8506=EDGE_CURVE('',#6649,#6647,#2946,.T.);
#8507=EDGE_CURVE('',#6650,#6648,#2947,.T.);
#8508=EDGE_CURVE('',#6649,#6650,#2948,.T.);
#8509=EDGE_CURVE('',#6651,#6649,#2949,.T.);
#8510=EDGE_CURVE('',#6652,#6650,#2950,.T.);
#8511=EDGE_CURVE('',#6651,#6652,#2951,.T.);
#8512=EDGE_CURVE('',#6653,#6651,#2952,.T.);
#8513=EDGE_CURVE('',#6654,#6652,#2953,.T.);
#8514=EDGE_CURVE('',#6653,#6654,#2954,.T.);
#8515=EDGE_CURVE('',#6655,#6653,#2955,.T.);
#8516=EDGE_CURVE('',#6656,#6654,#2956,.T.);
#8517=EDGE_CURVE('',#6655,#6656,#2957,.T.);
#8518=EDGE_CURVE('',#6657,#6655,#2958,.T.);
#8519=EDGE_CURVE('',#6658,#6656,#2959,.T.);
#8520=EDGE_CURVE('',#6657,#6658,#2960,.T.);
#8521=EDGE_CURVE('',#6620,#6657,#2961,.T.);
#8522=EDGE_CURVE('',#6621,#6658,#2962,.T.);
#8523=EDGE_CURVE('',#6659,#6660,#2963,.T.);
#8524=EDGE_CURVE('',#6660,#6661,#2964,.T.);
#8525=EDGE_CURVE('',#6662,#6661,#2965,.T.);
#8526=EDGE_CURVE('',#6659,#6662,#2966,.T.);
#8527=EDGE_CURVE('',#6663,#6659,#2967,.T.);
#8528=EDGE_CURVE('',#6664,#6662,#2968,.T.);
#8529=EDGE_CURVE('',#6663,#6664,#2969,.T.);
#8530=EDGE_CURVE('',#6665,#6663,#2970,.T.);
#8531=EDGE_CURVE('',#6666,#6664,#2971,.T.);
#8532=EDGE_CURVE('',#6665,#6666,#2972,.T.);
#8533=EDGE_CURVE('',#6667,#6665,#2973,.T.);
#8534=EDGE_CURVE('',#6668,#6666,#2974,.T.);
#8535=EDGE_CURVE('',#6667,#6668,#2975,.T.);
#8536=EDGE_CURVE('',#6669,#6667,#2976,.T.);
#8537=EDGE_CURVE('',#6670,#6668,#2977,.T.);
#8538=EDGE_CURVE('',#6669,#6670,#2978,.T.);
#8539=EDGE_CURVE('',#6671,#6669,#2979,.T.);
#8540=EDGE_CURVE('',#6672,#6670,#2980,.T.);
#8541=EDGE_CURVE('',#6671,#6672,#2981,.T.);
#8542=EDGE_CURVE('',#6673,#6671,#2982,.T.);
#8543=EDGE_CURVE('',#6674,#6672,#2983,.T.);
#8544=EDGE_CURVE('',#6673,#6674,#2984,.T.);
#8545=EDGE_CURVE('',#6675,#6673,#2985,.T.);
#8546=EDGE_CURVE('',#6676,#6674,#2986,.T.);
#8547=EDGE_CURVE('',#6675,#6676,#2987,.T.);
#8548=EDGE_CURVE('',#6677,#6675,#2988,.T.);
#8549=EDGE_CURVE('',#6678,#6676,#2989,.T.);
#8550=EDGE_CURVE('',#6677,#6678,#2990,.T.);
#8551=EDGE_CURVE('',#6679,#6677,#2991,.T.);
#8552=EDGE_CURVE('',#6680,#6678,#2992,.T.);
#8553=EDGE_CURVE('',#6679,#6680,#2993,.T.);
#8554=EDGE_CURVE('',#6681,#6679,#2994,.T.);
#8555=EDGE_CURVE('',#6682,#6680,#2995,.T.);
#8556=EDGE_CURVE('',#6681,#6682,#2996,.T.);
#8557=EDGE_CURVE('',#6683,#6681,#2997,.T.);
#8558=EDGE_CURVE('',#6684,#6682,#2998,.T.);
#8559=EDGE_CURVE('',#6683,#6684,#2999,.T.);
#8560=EDGE_CURVE('',#6685,#6683,#3000,.T.);
#8561=EDGE_CURVE('',#6686,#6684,#3001,.T.);
#8562=EDGE_CURVE('',#6685,#6686,#3002,.T.);
#8563=EDGE_CURVE('',#6687,#6685,#3003,.T.);
#8564=EDGE_CURVE('',#6688,#6686,#3004,.T.);
#8565=EDGE_CURVE('',#6687,#6688,#3005,.T.);
#8566=EDGE_CURVE('',#6689,#6687,#3006,.T.);
#8567=EDGE_CURVE('',#6690,#6688,#3007,.T.);
#8568=EDGE_CURVE('',#6689,#6690,#3008,.T.);
#8569=EDGE_CURVE('',#6691,#6689,#3009,.T.);
#8570=EDGE_CURVE('',#6692,#6690,#3010,.T.);
#8571=EDGE_CURVE('',#6691,#6692,#3011,.T.);
#8572=EDGE_CURVE('',#6693,#6691,#3012,.T.);
#8573=EDGE_CURVE('',#6694,#6692,#3013,.T.);
#8574=EDGE_CURVE('',#6693,#6694,#3014,.T.);
#8575=EDGE_CURVE('',#6695,#6693,#3015,.T.);
#8576=EDGE_CURVE('',#6696,#6694,#3016,.T.);
#8577=EDGE_CURVE('',#6695,#6696,#3017,.T.);
#8578=EDGE_CURVE('',#6697,#6695,#3018,.T.);
#8579=EDGE_CURVE('',#6698,#6696,#3019,.T.);
#8580=EDGE_CURVE('',#6697,#6698,#3020,.T.);
#8581=EDGE_CURVE('',#6660,#6697,#3021,.T.);
#8582=EDGE_CURVE('',#6661,#6698,#3022,.T.);
#8583=EDGE_CURVE('',#6699,#6700,#3023,.T.);
#8584=EDGE_CURVE('',#6700,#6701,#3024,.T.);
#8585=EDGE_CURVE('',#6702,#6701,#3025,.T.);
#8586=EDGE_CURVE('',#6699,#6702,#3026,.T.);
#8587=EDGE_CURVE('',#6703,#6699,#3027,.T.);
#8588=EDGE_CURVE('',#6704,#6702,#3028,.T.);
#8589=EDGE_CURVE('',#6703,#6704,#3029,.T.);
#8590=EDGE_CURVE('',#6705,#6703,#3030,.T.);
#8591=EDGE_CURVE('',#6706,#6704,#3031,.T.);
#8592=EDGE_CURVE('',#6705,#6706,#3032,.T.);
#8593=EDGE_CURVE('',#6707,#6705,#3033,.T.);
#8594=EDGE_CURVE('',#6708,#6706,#3034,.T.);
#8595=EDGE_CURVE('',#6707,#6708,#3035,.T.);
#8596=EDGE_CURVE('',#6709,#6707,#3036,.T.);
#8597=EDGE_CURVE('',#6710,#6708,#3037,.T.);
#8598=EDGE_CURVE('',#6709,#6710,#3038,.T.);
#8599=EDGE_CURVE('',#6711,#6709,#3039,.T.);
#8600=EDGE_CURVE('',#6712,#6710,#3040,.T.);
#8601=EDGE_CURVE('',#6711,#6712,#3041,.T.);
#8602=EDGE_CURVE('',#6713,#6711,#3042,.T.);
#8603=EDGE_CURVE('',#6714,#6712,#3043,.T.);
#8604=EDGE_CURVE('',#6713,#6714,#3044,.T.);
#8605=EDGE_CURVE('',#6715,#6713,#3045,.T.);
#8606=EDGE_CURVE('',#6716,#6714,#3046,.T.);
#8607=EDGE_CURVE('',#6715,#6716,#3047,.T.);
#8608=EDGE_CURVE('',#6717,#6715,#3048,.T.);
#8609=EDGE_CURVE('',#6718,#6716,#3049,.T.);
#8610=EDGE_CURVE('',#6717,#6718,#3050,.T.);
#8611=EDGE_CURVE('',#6719,#6717,#3051,.T.);
#8612=EDGE_CURVE('',#6720,#6718,#3052,.T.);
#8613=EDGE_CURVE('',#6719,#6720,#3053,.T.);
#8614=EDGE_CURVE('',#6721,#6719,#3054,.T.);
#8615=EDGE_CURVE('',#6722,#6720,#3055,.T.);
#8616=EDGE_CURVE('',#6721,#6722,#3056,.T.);
#8617=EDGE_CURVE('',#6723,#6721,#3057,.T.);
#8618=EDGE_CURVE('',#6724,#6722,#3058,.T.);
#8619=EDGE_CURVE('',#6723,#6724,#3059,.T.);
#8620=EDGE_CURVE('',#6725,#6723,#3060,.T.);
#8621=EDGE_CURVE('',#6726,#6724,#3061,.T.);
#8622=EDGE_CURVE('',#6725,#6726,#3062,.T.);
#8623=EDGE_CURVE('',#6727,#6725,#3063,.T.);
#8624=EDGE_CURVE('',#6728,#6726,#3064,.T.);
#8625=EDGE_CURVE('',#6727,#6728,#3065,.T.);
#8626=EDGE_CURVE('',#6729,#6727,#3066,.T.);
#8627=EDGE_CURVE('',#6730,#6728,#3067,.T.);
#8628=EDGE_CURVE('',#6729,#6730,#3068,.T.);
#8629=EDGE_CURVE('',#6731,#6729,#3069,.T.);
#8630=EDGE_CURVE('',#6732,#6730,#3070,.T.);
#8631=EDGE_CURVE('',#6731,#6732,#3071,.T.);
#8632=EDGE_CURVE('',#6733,#6731,#3072,.T.);
#8633=EDGE_CURVE('',#6734,#6732,#3073,.T.);
#8634=EDGE_CURVE('',#6733,#6734,#3074,.T.);
#8635=EDGE_CURVE('',#6735,#6733,#3075,.T.);
#8636=EDGE_CURVE('',#6736,#6734,#3076,.T.);
#8637=EDGE_CURVE('',#6735,#6736,#3077,.T.);
#8638=EDGE_CURVE('',#6737,#6735,#3078,.T.);
#8639=EDGE_CURVE('',#6738,#6736,#3079,.T.);
#8640=EDGE_CURVE('',#6737,#6738,#3080,.T.);
#8641=EDGE_CURVE('',#6700,#6737,#3081,.T.);
#8642=EDGE_CURVE('',#6701,#6738,#3082,.T.);
#8643=EDGE_CURVE('',#6739,#6740,#3083,.T.);
#8644=EDGE_CURVE('',#6740,#6741,#3084,.T.);
#8645=EDGE_CURVE('',#6742,#6741,#3085,.T.);
#8646=EDGE_CURVE('',#6739,#6742,#3086,.T.);
#8647=EDGE_CURVE('',#6743,#6739,#3087,.T.);
#8648=EDGE_CURVE('',#6744,#6742,#3088,.T.);
#8649=EDGE_CURVE('',#6743,#6744,#3089,.T.);
#8650=EDGE_CURVE('',#6745,#6743,#3090,.T.);
#8651=EDGE_CURVE('',#6746,#6744,#3091,.T.);
#8652=EDGE_CURVE('',#6745,#6746,#3092,.T.);
#8653=EDGE_CURVE('',#6747,#6745,#3093,.T.);
#8654=EDGE_CURVE('',#6748,#6746,#3094,.T.);
#8655=EDGE_CURVE('',#6747,#6748,#3095,.T.);
#8656=EDGE_CURVE('',#6749,#6747,#3096,.T.);
#8657=EDGE_CURVE('',#6750,#6748,#3097,.T.);
#8658=EDGE_CURVE('',#6749,#6750,#3098,.T.);
#8659=EDGE_CURVE('',#6751,#6749,#3099,.T.);
#8660=EDGE_CURVE('',#6752,#6750,#3100,.T.);
#8661=EDGE_CURVE('',#6751,#6752,#3101,.T.);
#8662=EDGE_CURVE('',#6753,#6751,#3102,.T.);
#8663=EDGE_CURVE('',#6754,#6752,#3103,.T.);
#8664=EDGE_CURVE('',#6753,#6754,#3104,.T.);
#8665=EDGE_CURVE('',#6755,#6753,#3105,.T.);
#8666=EDGE_CURVE('',#6756,#6754,#3106,.T.);
#8667=EDGE_CURVE('',#6755,#6756,#3107,.T.);
#8668=EDGE_CURVE('',#6757,#6755,#3108,.T.);
#8669=EDGE_CURVE('',#6758,#6756,#3109,.T.);
#8670=EDGE_CURVE('',#6757,#6758,#3110,.T.);
#8671=EDGE_CURVE('',#6759,#6757,#3111,.T.);
#8672=EDGE_CURVE('',#6760,#6758,#3112,.T.);
#8673=EDGE_CURVE('',#6759,#6760,#3113,.T.);
#8674=EDGE_CURVE('',#6761,#6759,#3114,.T.);
#8675=EDGE_CURVE('',#6762,#6760,#3115,.T.);
#8676=EDGE_CURVE('',#6761,#6762,#3116,.T.);
#8677=EDGE_CURVE('',#6763,#6761,#3117,.T.);
#8678=EDGE_CURVE('',#6764,#6762,#3118,.T.);
#8679=EDGE_CURVE('',#6763,#6764,#3119,.T.);
#8680=EDGE_CURVE('',#6765,#6763,#3120,.T.);
#8681=EDGE_CURVE('',#6766,#6764,#3121,.T.);
#8682=EDGE_CURVE('',#6765,#6766,#3122,.T.);
#8683=EDGE_CURVE('',#6767,#6765,#3123,.T.);
#8684=EDGE_CURVE('',#6768,#6766,#3124,.T.);
#8685=EDGE_CURVE('',#6767,#6768,#3125,.T.);
#8686=EDGE_CURVE('',#6769,#6767,#3126,.T.);
#8687=EDGE_CURVE('',#6770,#6768,#3127,.T.);
#8688=EDGE_CURVE('',#6769,#6770,#3128,.T.);
#8689=EDGE_CURVE('',#6771,#6769,#3129,.T.);
#8690=EDGE_CURVE('',#6772,#6770,#3130,.T.);
#8691=EDGE_CURVE('',#6771,#6772,#3131,.T.);
#8692=EDGE_CURVE('',#6773,#6771,#3132,.T.);
#8693=EDGE_CURVE('',#6774,#6772,#3133,.T.);
#8694=EDGE_CURVE('',#6773,#6774,#3134,.T.);
#8695=EDGE_CURVE('',#6775,#6773,#3135,.T.);
#8696=EDGE_CURVE('',#6776,#6774,#3136,.T.);
#8697=EDGE_CURVE('',#6775,#6776,#3137,.T.);
#8698=EDGE_CURVE('',#6777,#6775,#3138,.T.);
#8699=EDGE_CURVE('',#6778,#6776,#3139,.T.);
#8700=EDGE_CURVE('',#6777,#6778,#3140,.T.);
#8701=EDGE_CURVE('',#6740,#6777,#3141,.T.);
#8702=EDGE_CURVE('',#6741,#6778,#3142,.T.);
#8703=EDGE_CURVE('',#6779,#6780,#3143,.T.);
#8704=EDGE_CURVE('',#6780,#6781,#3144,.T.);
#8705=EDGE_CURVE('',#6782,#6781,#3145,.T.);
#8706=EDGE_CURVE('',#6779,#6782,#3146,.T.);
#8707=EDGE_CURVE('',#6783,#6779,#3147,.T.);
#8708=EDGE_CURVE('',#6784,#6782,#3148,.T.);
#8709=EDGE_CURVE('',#6783,#6784,#3149,.T.);
#8710=EDGE_CURVE('',#6785,#6783,#3150,.T.);
#8711=EDGE_CURVE('',#6786,#6784,#3151,.T.);
#8712=EDGE_CURVE('',#6785,#6786,#3152,.T.);
#8713=EDGE_CURVE('',#6787,#6785,#3153,.T.);
#8714=EDGE_CURVE('',#6788,#6786,#3154,.T.);
#8715=EDGE_CURVE('',#6787,#6788,#3155,.T.);
#8716=EDGE_CURVE('',#6789,#6787,#3156,.T.);
#8717=EDGE_CURVE('',#6790,#6788,#3157,.T.);
#8718=EDGE_CURVE('',#6789,#6790,#3158,.T.);
#8719=EDGE_CURVE('',#6791,#6789,#3159,.T.);
#8720=EDGE_CURVE('',#6792,#6790,#3160,.T.);
#8721=EDGE_CURVE('',#6791,#6792,#3161,.T.);
#8722=EDGE_CURVE('',#6793,#6791,#3162,.T.);
#8723=EDGE_CURVE('',#6794,#6792,#3163,.T.);
#8724=EDGE_CURVE('',#6793,#6794,#3164,.T.);
#8725=EDGE_CURVE('',#6795,#6793,#3165,.T.);
#8726=EDGE_CURVE('',#6796,#6794,#3166,.T.);
#8727=EDGE_CURVE('',#6795,#6796,#3167,.T.);
#8728=EDGE_CURVE('',#6797,#6795,#3168,.T.);
#8729=EDGE_CURVE('',#6798,#6796,#3169,.T.);
#8730=EDGE_CURVE('',#6797,#6798,#3170,.T.);
#8731=EDGE_CURVE('',#6799,#6797,#3171,.T.);
#8732=EDGE_CURVE('',#6800,#6798,#3172,.T.);
#8733=EDGE_CURVE('',#6799,#6800,#3173,.T.);
#8734=EDGE_CURVE('',#6801,#6799,#3174,.T.);
#8735=EDGE_CURVE('',#6802,#6800,#3175,.T.);
#8736=EDGE_CURVE('',#6801,#6802,#3176,.T.);
#8737=EDGE_CURVE('',#6803,#6801,#3177,.T.);
#8738=EDGE_CURVE('',#6804,#6802,#3178,.T.);
#8739=EDGE_CURVE('',#6803,#6804,#3179,.T.);
#8740=EDGE_CURVE('',#6805,#6803,#3180,.T.);
#8741=EDGE_CURVE('',#6806,#6804,#3181,.T.);
#8742=EDGE_CURVE('',#6805,#6806,#3182,.T.);
#8743=EDGE_CURVE('',#6807,#6805,#3183,.T.);
#8744=EDGE_CURVE('',#6808,#6806,#3184,.T.);
#8745=EDGE_CURVE('',#6807,#6808,#3185,.T.);
#8746=EDGE_CURVE('',#6809,#6807,#3186,.T.);
#8747=EDGE_CURVE('',#6810,#6808,#3187,.T.);
#8748=EDGE_CURVE('',#6809,#6810,#3188,.T.);
#8749=EDGE_CURVE('',#6811,#6809,#3189,.T.);
#8750=EDGE_CURVE('',#6812,#6810,#3190,.T.);
#8751=EDGE_CURVE('',#6811,#6812,#3191,.T.);
#8752=EDGE_CURVE('',#6813,#6811,#3192,.T.);
#8753=EDGE_CURVE('',#6814,#6812,#3193,.T.);
#8754=EDGE_CURVE('',#6813,#6814,#3194,.T.);
#8755=EDGE_CURVE('',#6815,#6813,#3195,.T.);
#8756=EDGE_CURVE('',#6816,#6814,#3196,.T.);
#8757=EDGE_CURVE('',#6815,#6816,#3197,.T.);
#8758=EDGE_CURVE('',#6817,#6815,#3198,.T.);
#8759=EDGE_CURVE('',#6818,#6816,#3199,.T.);
#8760=EDGE_CURVE('',#6817,#6818,#3200,.T.);
#8761=EDGE_CURVE('',#6780,#6817,#3201,.T.);
#8762=EDGE_CURVE('',#6781,#6818,#3202,.T.);
#8763=EDGE_CURVE('',#6819,#6820,#3203,.T.);
#8764=EDGE_CURVE('',#6820,#6821,#3204,.T.);
#8765=EDGE_CURVE('',#6822,#6821,#3205,.T.);
#8766=EDGE_CURVE('',#6819,#6822,#3206,.T.);
#8767=EDGE_CURVE('',#6823,#6819,#3207,.T.);
#8768=EDGE_CURVE('',#6824,#6822,#3208,.T.);
#8769=EDGE_CURVE('',#6823,#6824,#3209,.T.);
#8770=EDGE_CURVE('',#6825,#6823,#3210,.T.);
#8771=EDGE_CURVE('',#6826,#6824,#3211,.T.);
#8772=EDGE_CURVE('',#6825,#6826,#3212,.T.);
#8773=EDGE_CURVE('',#6827,#6825,#3213,.T.);
#8774=EDGE_CURVE('',#6828,#6826,#3214,.T.);
#8775=EDGE_CURVE('',#6827,#6828,#3215,.T.);
#8776=EDGE_CURVE('',#6829,#6827,#3216,.T.);
#8777=EDGE_CURVE('',#6830,#6828,#3217,.T.);
#8778=EDGE_CURVE('',#6829,#6830,#3218,.T.);
#8779=EDGE_CURVE('',#6831,#6829,#3219,.T.);
#8780=EDGE_CURVE('',#6832,#6830,#3220,.T.);
#8781=EDGE_CURVE('',#6831,#6832,#3221,.T.);
#8782=EDGE_CURVE('',#6833,#6831,#3222,.T.);
#8783=EDGE_CURVE('',#6834,#6832,#3223,.T.);
#8784=EDGE_CURVE('',#6833,#6834,#3224,.T.);
#8785=EDGE_CURVE('',#6835,#6833,#3225,.T.);
#8786=EDGE_CURVE('',#6836,#6834,#3226,.T.);
#8787=EDGE_CURVE('',#6835,#6836,#3227,.T.);
#8788=EDGE_CURVE('',#6837,#6835,#3228,.T.);
#8789=EDGE_CURVE('',#6838,#6836,#3229,.T.);
#8790=EDGE_CURVE('',#6837,#6838,#3230,.T.);
#8791=EDGE_CURVE('',#6839,#6837,#3231,.T.);
#8792=EDGE_CURVE('',#6840,#6838,#3232,.T.);
#8793=EDGE_CURVE('',#6839,#6840,#3233,.T.);
#8794=EDGE_CURVE('',#6841,#6839,#3234,.T.);
#8795=EDGE_CURVE('',#6842,#6840,#3235,.T.);
#8796=EDGE_CURVE('',#6841,#6842,#3236,.T.);
#8797=EDGE_CURVE('',#6843,#6841,#3237,.T.);
#8798=EDGE_CURVE('',#6844,#6842,#3238,.T.);
#8799=EDGE_CURVE('',#6843,#6844,#3239,.T.);
#8800=EDGE_CURVE('',#6845,#6843,#3240,.T.);
#8801=EDGE_CURVE('',#6846,#6844,#3241,.T.);
#8802=EDGE_CURVE('',#6845,#6846,#3242,.T.);
#8803=EDGE_CURVE('',#6847,#6845,#3243,.T.);
#8804=EDGE_CURVE('',#6848,#6846,#3244,.T.);
#8805=EDGE_CURVE('',#6847,#6848,#3245,.T.);
#8806=EDGE_CURVE('',#6849,#6847,#3246,.T.);
#8807=EDGE_CURVE('',#6850,#6848,#3247,.T.);
#8808=EDGE_CURVE('',#6849,#6850,#3248,.T.);
#8809=EDGE_CURVE('',#6851,#6849,#3249,.T.);
#8810=EDGE_CURVE('',#6852,#6850,#3250,.T.);
#8811=EDGE_CURVE('',#6851,#6852,#3251,.T.);
#8812=EDGE_CURVE('',#6853,#6851,#3252,.T.);
#8813=EDGE_CURVE('',#6854,#6852,#3253,.T.);
#8814=EDGE_CURVE('',#6853,#6854,#3254,.T.);
#8815=EDGE_CURVE('',#6855,#6853,#3255,.T.);
#8816=EDGE_CURVE('',#6856,#6854,#3256,.T.);
#8817=EDGE_CURVE('',#6855,#6856,#3257,.T.);
#8818=EDGE_CURVE('',#6857,#6855,#3258,.T.);
#8819=EDGE_CURVE('',#6858,#6856,#3259,.T.);
#8820=EDGE_CURVE('',#6857,#6858,#3260,.T.);
#8821=EDGE_CURVE('',#6820,#6857,#3261,.T.);
#8822=EDGE_CURVE('',#6821,#6858,#3262,.T.);
#8823=EDGE_CURVE('',#6859,#6860,#3263,.T.);
#8824=EDGE_CURVE('',#6860,#6861,#3264,.T.);
#8825=EDGE_CURVE('',#6862,#6861,#3265,.T.);
#8826=EDGE_CURVE('',#6859,#6862,#3266,.T.);
#8827=EDGE_CURVE('',#6863,#6859,#3267,.T.);
#8828=EDGE_CURVE('',#6864,#6862,#3268,.T.);
#8829=EDGE_CURVE('',#6863,#6864,#3269,.T.);
#8830=EDGE_CURVE('',#6865,#6863,#3270,.T.);
#8831=EDGE_CURVE('',#6866,#6864,#3271,.T.);
#8832=EDGE_CURVE('',#6865,#6866,#3272,.T.);
#8833=EDGE_CURVE('',#6867,#6865,#3273,.T.);
#8834=EDGE_CURVE('',#6868,#6866,#3274,.T.);
#8835=EDGE_CURVE('',#6867,#6868,#3275,.T.);
#8836=EDGE_CURVE('',#6869,#6867,#3276,.T.);
#8837=EDGE_CURVE('',#6870,#6868,#3277,.T.);
#8838=EDGE_CURVE('',#6869,#6870,#3278,.T.);
#8839=EDGE_CURVE('',#6871,#6869,#3279,.T.);
#8840=EDGE_CURVE('',#6872,#6870,#3280,.T.);
#8841=EDGE_CURVE('',#6871,#6872,#3281,.T.);
#8842=EDGE_CURVE('',#6873,#6871,#3282,.T.);
#8843=EDGE_CURVE('',#6874,#6872,#3283,.T.);
#8844=EDGE_CURVE('',#6873,#6874,#3284,.T.);
#8845=EDGE_CURVE('',#6875,#6873,#3285,.T.);
#8846=EDGE_CURVE('',#6876,#6874,#3286,.T.);
#8847=EDGE_CURVE('',#6875,#6876,#3287,.T.);
#8848=EDGE_CURVE('',#6877,#6875,#3288,.T.);
#8849=EDGE_CURVE('',#6878,#6876,#3289,.T.);
#8850=EDGE_CURVE('',#6877,#6878,#3290,.T.);
#8851=EDGE_CURVE('',#6879,#6877,#3291,.T.);
#8852=EDGE_CURVE('',#6880,#6878,#3292,.T.);
#8853=EDGE_CURVE('',#6879,#6880,#3293,.T.);
#8854=EDGE_CURVE('',#6881,#6879,#3294,.T.);
#8855=EDGE_CURVE('',#6882,#6880,#3295,.T.);
#8856=EDGE_CURVE('',#6881,#6882,#3296,.T.);
#8857=EDGE_CURVE('',#6883,#6881,#3297,.T.);
#8858=EDGE_CURVE('',#6884,#6882,#3298,.T.);
#8859=EDGE_CURVE('',#6883,#6884,#3299,.T.);
#8860=EDGE_CURVE('',#6885,#6883,#3300,.T.);
#8861=EDGE_CURVE('',#6886,#6884,#3301,.T.);
#8862=EDGE_CURVE('',#6885,#6886,#3302,.T.);
#8863=EDGE_CURVE('',#6887,#6885,#3303,.T.);
#8864=EDGE_CURVE('',#6888,#6886,#3304,.T.);
#8865=EDGE_CURVE('',#6887,#6888,#3305,.T.);
#8866=EDGE_CURVE('',#6889,#6887,#3306,.T.);
#8867=EDGE_CURVE('',#6890,#6888,#3307,.T.);
#8868=EDGE_CURVE('',#6889,#6890,#3308,.T.);
#8869=EDGE_CURVE('',#6891,#6889,#3309,.T.);
#8870=EDGE_CURVE('',#6892,#6890,#3310,.T.);
#8871=EDGE_CURVE('',#6891,#6892,#3311,.T.);
#8872=EDGE_CURVE('',#6893,#6891,#3312,.T.);
#8873=EDGE_CURVE('',#6894,#6892,#3313,.T.);
#8874=EDGE_CURVE('',#6893,#6894,#3314,.T.);
#8875=EDGE_CURVE('',#6895,#6893,#3315,.T.);
#8876=EDGE_CURVE('',#6896,#6894,#3316,.T.);
#8877=EDGE_CURVE('',#6895,#6896,#3317,.T.);
#8878=EDGE_CURVE('',#6897,#6895,#3318,.T.);
#8879=EDGE_CURVE('',#6898,#6896,#3319,.T.);
#8880=EDGE_CURVE('',#6897,#6898,#3320,.T.);
#8881=EDGE_CURVE('',#6860,#6897,#3321,.T.);
#8882=EDGE_CURVE('',#6861,#6898,#3322,.T.);
#8883=EDGE_CURVE('',#6899,#6900,#3323,.T.);
#8884=EDGE_CURVE('',#6900,#6901,#3324,.T.);
#8885=EDGE_CURVE('',#6902,#6901,#3325,.T.);
#8886=EDGE_CURVE('',#6899,#6902,#3326,.T.);
#8887=EDGE_CURVE('',#6903,#6899,#3327,.T.);
#8888=EDGE_CURVE('',#6904,#6902,#3328,.T.);
#8889=EDGE_CURVE('',#6903,#6904,#3329,.T.);
#8890=EDGE_CURVE('',#6905,#6903,#3330,.T.);
#8891=EDGE_CURVE('',#6906,#6904,#3331,.T.);
#8892=EDGE_CURVE('',#6905,#6906,#3332,.T.);
#8893=EDGE_CURVE('',#6907,#6905,#3333,.T.);
#8894=EDGE_CURVE('',#6908,#6906,#3334,.T.);
#8895=EDGE_CURVE('',#6907,#6908,#3335,.T.);
#8896=EDGE_CURVE('',#6909,#6907,#3336,.T.);
#8897=EDGE_CURVE('',#6910,#6908,#3337,.T.);
#8898=EDGE_CURVE('',#6909,#6910,#3338,.T.);
#8899=EDGE_CURVE('',#6911,#6909,#3339,.T.);
#8900=EDGE_CURVE('',#6912,#6910,#3340,.T.);
#8901=EDGE_CURVE('',#6911,#6912,#3341,.T.);
#8902=EDGE_CURVE('',#6913,#6911,#3342,.T.);
#8903=EDGE_CURVE('',#6914,#6912,#3343,.T.);
#8904=EDGE_CURVE('',#6913,#6914,#3344,.T.);
#8905=EDGE_CURVE('',#6915,#6913,#3345,.T.);
#8906=EDGE_CURVE('',#6916,#6914,#3346,.T.);
#8907=EDGE_CURVE('',#6915,#6916,#3347,.T.);
#8908=EDGE_CURVE('',#6917,#6915,#3348,.T.);
#8909=EDGE_CURVE('',#6918,#6916,#3349,.T.);
#8910=EDGE_CURVE('',#6917,#6918,#3350,.T.);
#8911=EDGE_CURVE('',#6919,#6917,#3351,.T.);
#8912=EDGE_CURVE('',#6920,#6918,#3352,.T.);
#8913=EDGE_CURVE('',#6919,#6920,#3353,.T.);
#8914=EDGE_CURVE('',#6921,#6919,#3354,.T.);
#8915=EDGE_CURVE('',#6922,#6920,#3355,.T.);
#8916=EDGE_CURVE('',#6921,#6922,#3356,.T.);
#8917=EDGE_CURVE('',#6923,#6921,#3357,.T.);
#8918=EDGE_CURVE('',#6924,#6922,#3358,.T.);
#8919=EDGE_CURVE('',#6923,#6924,#3359,.T.);
#8920=EDGE_CURVE('',#6925,#6923,#3360,.T.);
#8921=EDGE_CURVE('',#6926,#6924,#3361,.T.);
#8922=EDGE_CURVE('',#6925,#6926,#3362,.T.);
#8923=EDGE_CURVE('',#6927,#6925,#3363,.T.);
#8924=EDGE_CURVE('',#6928,#6926,#3364,.T.);
#8925=EDGE_CURVE('',#6927,#6928,#3365,.T.);
#8926=EDGE_CURVE('',#6929,#6927,#3366,.T.);
#8927=EDGE_CURVE('',#6930,#6928,#3367,.T.);
#8928=EDGE_CURVE('',#6929,#6930,#3368,.T.);
#8929=EDGE_CURVE('',#6931,#6929,#3369,.T.);
#8930=EDGE_CURVE('',#6932,#6930,#3370,.T.);
#8931=EDGE_CURVE('',#6931,#6932,#3371,.T.);
#8932=EDGE_CURVE('',#6933,#6931,#3372,.T.);
#8933=EDGE_CURVE('',#6934,#6932,#3373,.T.);
#8934=EDGE_CURVE('',#6933,#6934,#3374,.T.);
#8935=EDGE_CURVE('',#6935,#6933,#3375,.T.);
#8936=EDGE_CURVE('',#6936,#6934,#3376,.T.);
#8937=EDGE_CURVE('',#6935,#6936,#3377,.T.);
#8938=EDGE_CURVE('',#6937,#6935,#3378,.T.);
#8939=EDGE_CURVE('',#6938,#6936,#3379,.T.);
#8940=EDGE_CURVE('',#6937,#6938,#3380,.T.);
#8941=EDGE_CURVE('',#6900,#6937,#3381,.T.);
#8942=EDGE_CURVE('',#6901,#6938,#3382,.T.);
#8943=EDGE_CURVE('',#6939,#6940,#3383,.T.);
#8944=EDGE_CURVE('',#6939,#6941,#3384,.T.);
#8945=EDGE_CURVE('',#6942,#6941,#3385,.T.);
#8946=EDGE_CURVE('',#6940,#6942,#3386,.T.);
#8947=EDGE_CURVE('',#6940,#6943,#3387,.T.);
#8948=EDGE_CURVE('',#6944,#6942,#3388,.T.);
#8949=EDGE_CURVE('',#6943,#6944,#3389,.T.);
#8950=EDGE_CURVE('',#6943,#6945,#3390,.T.);
#8951=EDGE_CURVE('',#6946,#6944,#3391,.T.);
#8952=EDGE_CURVE('',#6945,#6946,#3392,.T.);
#8953=EDGE_CURVE('',#6945,#6947,#3393,.T.);
#8954=EDGE_CURVE('',#6948,#6946,#3394,.T.);
#8955=EDGE_CURVE('',#6947,#6948,#3395,.T.);
#8956=EDGE_CURVE('',#6947,#6949,#3396,.T.);
#8957=EDGE_CURVE('',#6950,#6948,#3397,.T.);
#8958=EDGE_CURVE('',#6949,#6950,#3398,.T.);
#8959=EDGE_CURVE('',#6949,#6951,#3399,.T.);
#8960=EDGE_CURVE('',#6952,#6950,#3400,.T.);
#8961=EDGE_CURVE('',#6951,#6952,#3401,.T.);
#8962=EDGE_CURVE('',#6951,#6953,#3402,.T.);
#8963=EDGE_CURVE('',#6954,#6952,#3403,.T.);
#8964=EDGE_CURVE('',#6953,#6954,#3404,.T.);
#8965=EDGE_CURVE('',#6953,#6955,#3405,.T.);
#8966=EDGE_CURVE('',#6956,#6954,#3406,.T.);
#8967=EDGE_CURVE('',#6955,#6956,#3407,.T.);
#8968=EDGE_CURVE('',#6955,#6957,#3408,.T.);
#8969=EDGE_CURVE('',#6958,#6956,#3409,.T.);
#8970=EDGE_CURVE('',#6957,#6958,#3410,.T.);
#8971=EDGE_CURVE('',#6957,#6959,#3411,.T.);
#8972=EDGE_CURVE('',#6960,#6958,#3412,.T.);
#8973=EDGE_CURVE('',#6959,#6960,#3413,.T.);
#8974=EDGE_CURVE('',#6959,#6961,#3414,.T.);
#8975=EDGE_CURVE('',#6962,#6960,#3415,.T.);
#8976=EDGE_CURVE('',#6961,#6962,#3416,.T.);
#8977=EDGE_CURVE('',#6961,#6963,#3417,.T.);
#8978=EDGE_CURVE('',#6964,#6962,#3418,.T.);
#8979=EDGE_CURVE('',#6963,#6964,#3419,.T.);
#8980=EDGE_CURVE('',#6963,#6965,#3420,.T.);
#8981=EDGE_CURVE('',#6966,#6964,#3421,.T.);
#8982=EDGE_CURVE('',#6965,#6966,#3422,.T.);
#8983=EDGE_CURVE('',#6965,#6967,#3423,.T.);
#8984=EDGE_CURVE('',#6968,#6966,#3424,.T.);
#8985=EDGE_CURVE('',#6967,#6968,#3425,.T.);
#8986=EDGE_CURVE('',#6967,#6969,#3426,.T.);
#8987=EDGE_CURVE('',#6970,#6968,#3427,.T.);
#8988=EDGE_CURVE('',#6969,#6970,#3428,.T.);
#8989=EDGE_CURVE('',#6969,#6971,#3429,.T.);
#8990=EDGE_CURVE('',#6972,#6970,#3430,.T.);
#8991=EDGE_CURVE('',#6971,#6972,#3431,.T.);
#8992=EDGE_CURVE('',#6971,#6973,#3432,.T.);
#8993=EDGE_CURVE('',#6974,#6972,#3433,.T.);
#8994=EDGE_CURVE('',#6973,#6974,#3434,.T.);
#8995=EDGE_CURVE('',#6973,#6975,#3435,.T.);
#8996=EDGE_CURVE('',#6976,#6974,#3436,.T.);
#8997=EDGE_CURVE('',#6975,#6976,#3437,.T.);
#8998=EDGE_CURVE('',#6975,#6977,#3438,.T.);
#8999=EDGE_CURVE('',#6978,#6976,#3439,.T.);
#9000=EDGE_CURVE('',#6977,#6978,#3440,.T.);
#9001=EDGE_CURVE('',#6977,#6979,#3441,.T.);
#9002=EDGE_CURVE('',#6980,#6978,#3442,.T.);
#9003=EDGE_CURVE('',#6979,#6980,#3443,.T.);
#9004=EDGE_CURVE('',#6979,#6981,#3444,.T.);
#9005=EDGE_CURVE('',#6982,#6980,#3445,.T.);
#9006=EDGE_CURVE('',#6981,#6982,#3446,.T.);
#9007=EDGE_CURVE('',#6981,#6983,#3447,.T.);
#9008=EDGE_CURVE('',#6984,#6982,#3448,.T.);
#9009=EDGE_CURVE('',#6983,#6984,#3449,.T.);
#9010=EDGE_CURVE('',#6983,#6985,#3450,.T.);
#9011=EDGE_CURVE('',#6986,#6984,#3451,.T.);
#9012=EDGE_CURVE('',#6985,#6986,#3452,.T.);
#9013=EDGE_CURVE('',#6985,#6987,#3453,.T.);
#9014=EDGE_CURVE('',#6988,#6986,#3454,.T.);
#9015=EDGE_CURVE('',#6987,#6988,#3455,.T.);
#9016=EDGE_CURVE('',#6987,#6989,#3456,.T.);
#9017=EDGE_CURVE('',#6990,#6988,#3457,.T.);
#9018=EDGE_CURVE('',#6989,#6990,#3458,.T.);
#9019=EDGE_CURVE('',#6989,#6991,#3459,.T.);
#9020=EDGE_CURVE('',#6992,#6990,#3460,.T.);
#9021=EDGE_CURVE('',#6991,#6992,#3461,.T.);
#9022=EDGE_CURVE('',#6991,#6993,#3462,.T.);
#9023=EDGE_CURVE('',#6994,#6992,#3463,.T.);
#9024=EDGE_CURVE('',#6993,#6994,#3464,.T.);
#9025=EDGE_CURVE('',#6993,#6995,#3465,.T.);
#9026=EDGE_CURVE('',#6996,#6994,#3466,.T.);
#9027=EDGE_CURVE('',#6995,#6996,#3467,.T.);
#9028=EDGE_CURVE('',#6995,#6997,#3468,.T.);
#9029=EDGE_CURVE('',#6998,#6996,#3469,.T.);
#9030=EDGE_CURVE('',#6997,#6998,#3470,.T.);
#9031=EDGE_CURVE('',#6997,#6999,#3471,.T.);
#9032=EDGE_CURVE('',#7000,#6998,#3472,.T.);
#9033=EDGE_CURVE('',#6999,#7000,#3473,.T.);
#9034=EDGE_CURVE('',#6999,#7001,#3474,.T.);
#9035=EDGE_CURVE('',#7002,#7000,#3475,.T.);
#9036=EDGE_CURVE('',#7001,#7002,#3476,.T.);
#9037=EDGE_CURVE('',#7001,#7003,#3477,.T.);
#9038=EDGE_CURVE('',#7004,#7002,#3478,.T.);
#9039=EDGE_CURVE('',#7003,#7004,#3479,.T.);
#9040=EDGE_CURVE('',#7003,#7005,#3480,.T.);
#9041=EDGE_CURVE('',#7006,#7004,#3481,.T.);
#9042=EDGE_CURVE('',#7005,#7006,#3482,.T.);
#9043=EDGE_CURVE('',#7005,#7007,#3483,.T.);
#9044=EDGE_CURVE('',#7008,#7006,#3484,.T.);
#9045=EDGE_CURVE('',#7007,#7008,#3485,.T.);
#9046=EDGE_CURVE('',#7007,#7009,#3486,.T.);
#9047=EDGE_CURVE('',#7010,#7008,#3487,.T.);
#9048=EDGE_CURVE('',#7009,#7010,#3488,.T.);
#9049=EDGE_CURVE('',#7009,#7011,#3489,.T.);
#9050=EDGE_CURVE('',#7012,#7010,#3490,.T.);
#9051=EDGE_CURVE('',#7011,#7012,#3491,.T.);
#9052=EDGE_CURVE('',#7011,#7013,#3492,.T.);
#9053=EDGE_CURVE('',#7014,#7012,#3493,.T.);
#9054=EDGE_CURVE('',#7013,#7014,#3494,.T.);
#9055=EDGE_CURVE('',#7013,#7015,#3495,.T.);
#9056=EDGE_CURVE('',#7016,#7014,#3496,.T.);
#9057=EDGE_CURVE('',#7015,#7016,#3497,.T.);
#9058=EDGE_CURVE('',#7015,#7017,#3498,.T.);
#9059=EDGE_CURVE('',#7018,#7016,#3499,.T.);
#9060=EDGE_CURVE('',#7017,#7018,#3500,.T.);
#9061=EDGE_CURVE('',#7017,#7019,#3501,.T.);
#9062=EDGE_CURVE('',#7020,#7018,#3502,.T.);
#9063=EDGE_CURVE('',#7019,#7020,#3503,.T.);
#9064=EDGE_CURVE('',#7019,#7021,#3504,.T.);
#9065=EDGE_CURVE('',#7022,#7020,#3505,.T.);
#9066=EDGE_CURVE('',#7021,#7022,#3506,.T.);
#9067=EDGE_CURVE('',#7021,#7023,#3507,.T.);
#9068=EDGE_CURVE('',#7024,#7022,#3508,.T.);
#9069=EDGE_CURVE('',#7023,#7024,#3509,.T.);
#9070=EDGE_CURVE('',#7023,#7025,#3510,.T.);
#9071=EDGE_CURVE('',#7026,#7024,#3511,.T.);
#9072=EDGE_CURVE('',#7025,#7026,#3512,.T.);
#9073=EDGE_CURVE('',#7025,#7027,#3513,.T.);
#9074=EDGE_CURVE('',#7028,#7026,#3514,.T.);
#9075=EDGE_CURVE('',#7027,#7028,#3515,.T.);
#9076=EDGE_CURVE('',#7027,#7029,#3516,.T.);
#9077=EDGE_CURVE('',#7030,#7028,#3517,.T.);
#9078=EDGE_CURVE('',#7029,#7030,#3518,.T.);
#9079=EDGE_CURVE('',#7029,#7031,#3519,.T.);
#9080=EDGE_CURVE('',#7032,#7030,#3520,.T.);
#9081=EDGE_CURVE('',#7031,#7032,#3521,.T.);
#9082=EDGE_CURVE('',#7031,#7033,#3522,.T.);
#9083=EDGE_CURVE('',#7034,#7032,#3523,.T.);
#9084=EDGE_CURVE('',#7033,#7034,#3524,.T.);
#9085=EDGE_CURVE('',#7033,#7035,#3525,.T.);
#9086=EDGE_CURVE('',#7036,#7034,#3526,.T.);
#9087=EDGE_CURVE('',#7035,#7036,#3527,.T.);
#9088=EDGE_CURVE('',#7035,#7037,#3528,.T.);
#9089=EDGE_CURVE('',#7038,#7036,#3529,.T.);
#9090=EDGE_CURVE('',#7037,#7038,#3530,.T.);
#9091=EDGE_CURVE('',#7037,#7039,#3531,.T.);
#9092=EDGE_CURVE('',#7040,#7038,#3532,.T.);
#9093=EDGE_CURVE('',#7039,#7040,#3533,.T.);
#9094=EDGE_CURVE('',#7039,#7041,#3534,.T.);
#9095=EDGE_CURVE('',#7042,#7040,#3535,.T.);
#9096=EDGE_CURVE('',#7041,#7042,#3536,.T.);
#9097=EDGE_CURVE('',#7041,#7043,#3537,.T.);
#9098=EDGE_CURVE('',#7044,#7042,#3538,.T.);
#9099=EDGE_CURVE('',#7043,#7044,#3539,.T.);
#9100=EDGE_CURVE('',#7043,#7045,#3540,.T.);
#9101=EDGE_CURVE('',#7046,#7044,#3541,.T.);
#9102=EDGE_CURVE('',#7045,#7046,#3542,.T.);
#9103=EDGE_CURVE('',#7045,#7047,#3543,.T.);
#9104=EDGE_CURVE('',#7048,#7046,#3544,.T.);
#9105=EDGE_CURVE('',#7047,#7048,#3545,.T.);
#9106=EDGE_CURVE('',#7047,#7049,#3546,.T.);
#9107=EDGE_CURVE('',#7050,#7048,#3547,.T.);
#9108=EDGE_CURVE('',#7049,#7050,#3548,.T.);
#9109=EDGE_CURVE('',#7049,#7051,#3549,.T.);
#9110=EDGE_CURVE('',#7052,#7050,#3550,.T.);
#9111=EDGE_CURVE('',#7051,#7052,#3551,.T.);
#9112=EDGE_CURVE('',#7051,#7053,#3552,.T.);
#9113=EDGE_CURVE('',#7054,#7052,#3553,.T.);
#9114=EDGE_CURVE('',#7053,#7054,#3554,.T.);
#9115=EDGE_CURVE('',#7053,#7055,#3555,.T.);
#9116=EDGE_CURVE('',#7056,#7054,#3556,.T.);
#9117=EDGE_CURVE('',#7055,#7056,#3557,.T.);
#9118=EDGE_CURVE('',#7055,#7057,#3558,.T.);
#9119=EDGE_CURVE('',#7058,#7056,#3559,.T.);
#9120=EDGE_CURVE('',#7057,#7058,#3560,.T.);
#9121=EDGE_CURVE('',#7057,#7059,#3561,.T.);
#9122=EDGE_CURVE('',#7060,#7058,#3562,.T.);
#9123=EDGE_CURVE('',#7059,#7060,#3563,.T.);
#9124=EDGE_CURVE('',#7059,#7061,#3564,.T.);
#9125=EDGE_CURVE('',#7062,#7060,#3565,.T.);
#9126=EDGE_CURVE('',#7061,#7062,#3566,.T.);
#9127=EDGE_CURVE('',#7061,#7063,#3567,.T.);
#9128=EDGE_CURVE('',#7064,#7062,#3568,.T.);
#9129=EDGE_CURVE('',#7063,#7064,#3569,.T.);
#9130=EDGE_CURVE('',#7063,#7065,#3570,.T.);
#9131=EDGE_CURVE('',#7066,#7064,#3571,.T.);
#9132=EDGE_CURVE('',#7065,#7066,#3572,.T.);
#9133=EDGE_CURVE('',#7065,#7067,#3573,.T.);
#9134=EDGE_CURVE('',#7068,#7066,#3574,.T.);
#9135=EDGE_CURVE('',#7067,#7068,#3575,.T.);
#9136=EDGE_CURVE('',#7067,#7069,#3576,.T.);
#9137=EDGE_CURVE('',#7070,#7068,#3577,.T.);
#9138=EDGE_CURVE('',#7069,#7070,#3578,.T.);
#9139=EDGE_CURVE('',#7069,#7071,#3579,.T.);
#9140=EDGE_CURVE('',#7072,#7070,#3580,.T.);
#9141=EDGE_CURVE('',#7071,#7072,#3581,.T.);
#9142=EDGE_CURVE('',#7071,#7073,#3582,.T.);
#9143=EDGE_CURVE('',#7074,#7072,#3583,.T.);
#9144=EDGE_CURVE('',#7073,#7074,#3584,.T.);
#9145=EDGE_CURVE('',#7073,#7075,#3585,.T.);
#9146=EDGE_CURVE('',#7076,#7074,#3586,.T.);
#9147=EDGE_CURVE('',#7075,#7076,#3587,.T.);
#9148=EDGE_CURVE('',#7075,#7077,#3588,.T.);
#9149=EDGE_CURVE('',#7078,#7076,#3589,.T.);
#9150=EDGE_CURVE('',#7077,#7078,#3590,.T.);
#9151=EDGE_CURVE('',#7077,#7079,#3591,.T.);
#9152=EDGE_CURVE('',#7080,#7078,#3592,.T.);
#9153=EDGE_CURVE('',#7079,#7080,#3593,.T.);
#9154=EDGE_CURVE('',#7079,#7081,#3594,.T.);
#9155=EDGE_CURVE('',#7082,#7080,#3595,.T.);
#9156=EDGE_CURVE('',#7081,#7082,#3596,.T.);
#9157=EDGE_CURVE('',#7081,#7083,#3597,.T.);
#9158=EDGE_CURVE('',#7084,#7082,#3598,.T.);
#9159=EDGE_CURVE('',#7083,#7084,#3599,.T.);
#9160=EDGE_CURVE('',#7083,#7085,#3600,.T.);
#9161=EDGE_CURVE('',#7086,#7084,#3601,.T.);
#9162=EDGE_CURVE('',#7085,#7086,#3602,.T.);
#9163=EDGE_CURVE('',#7085,#7087,#3603,.T.);
#9164=EDGE_CURVE('',#7088,#7086,#3604,.T.);
#9165=EDGE_CURVE('',#7087,#7088,#3605,.T.);
#9166=EDGE_CURVE('',#7087,#7089,#3606,.T.);
#9167=EDGE_CURVE('',#7090,#7088,#3607,.T.);
#9168=EDGE_CURVE('',#7089,#7090,#3608,.T.);
#9169=EDGE_CURVE('',#7089,#7091,#3609,.T.);
#9170=EDGE_CURVE('',#7092,#7090,#3610,.T.);
#9171=EDGE_CURVE('',#7091,#7092,#3611,.T.);
#9172=EDGE_CURVE('',#7091,#7093,#3612,.T.);
#9173=EDGE_CURVE('',#7094,#7092,#3613,.T.);
#9174=EDGE_CURVE('',#7093,#7094,#3614,.T.);
#9175=EDGE_CURVE('',#7093,#7095,#3615,.T.);
#9176=EDGE_CURVE('',#7096,#7094,#3616,.T.);
#9177=EDGE_CURVE('',#7095,#7096,#3617,.T.);
#9178=EDGE_CURVE('',#7095,#7097,#3618,.T.);
#9179=EDGE_CURVE('',#7098,#7096,#3619,.T.);
#9180=EDGE_CURVE('',#7097,#7098,#3620,.T.);
#9181=EDGE_CURVE('',#7097,#7099,#3621,.T.);
#9182=EDGE_CURVE('',#7100,#7098,#3622,.T.);
#9183=EDGE_CURVE('',#7099,#7100,#3623,.T.);
#9184=EDGE_CURVE('',#7099,#7101,#3624,.T.);
#9185=EDGE_CURVE('',#7102,#7100,#3625,.T.);
#9186=EDGE_CURVE('',#7101,#7102,#3626,.T.);
#9187=EDGE_CURVE('',#7101,#7103,#3627,.T.);
#9188=EDGE_CURVE('',#7104,#7102,#3628,.T.);
#9189=EDGE_CURVE('',#7103,#7104,#3629,.T.);
#9190=EDGE_CURVE('',#7103,#7105,#3630,.T.);
#9191=EDGE_CURVE('',#7106,#7104,#3631,.T.);
#9192=EDGE_CURVE('',#7105,#7106,#3632,.T.);
#9193=EDGE_CURVE('',#7105,#6939,#3633,.T.);
#9194=EDGE_CURVE('',#6941,#7106,#3634,.T.);
#9195=ORIENTED_EDGE('',*,*,#7107,.T.);
#9196=ORIENTED_EDGE('',*,*,#7108,.T.);
#9197=ORIENTED_EDGE('',*,*,#7109,.F.);
#9198=ORIENTED_EDGE('',*,*,#7110,.F.);
#9199=ORIENTED_EDGE('',*,*,#7111,.T.);
#9200=ORIENTED_EDGE('',*,*,#7110,.T.);
#9201=ORIENTED_EDGE('',*,*,#7112,.F.);
#9202=ORIENTED_EDGE('',*,*,#7113,.F.);
#9203=ORIENTED_EDGE('',*,*,#7114,.T.);
#9204=ORIENTED_EDGE('',*,*,#7113,.T.);
#9205=ORIENTED_EDGE('',*,*,#7115,.F.);
#9206=ORIENTED_EDGE('',*,*,#7116,.F.);
#9207=ORIENTED_EDGE('',*,*,#7117,.T.);
#9208=ORIENTED_EDGE('',*,*,#7116,.T.);
#9209=ORIENTED_EDGE('',*,*,#7118,.F.);
#9210=ORIENTED_EDGE('',*,*,#7119,.F.);
#9211=ORIENTED_EDGE('',*,*,#7120,.T.);
#9212=ORIENTED_EDGE('',*,*,#7119,.T.);
#9213=ORIENTED_EDGE('',*,*,#7121,.F.);
#9214=ORIENTED_EDGE('',*,*,#7122,.F.);
#9215=ORIENTED_EDGE('',*,*,#7123,.T.);
#9216=ORIENTED_EDGE('',*,*,#7122,.T.);
#9217=ORIENTED_EDGE('',*,*,#7124,.F.);
#9218=ORIENTED_EDGE('',*,*,#7125,.F.);
#9219=ORIENTED_EDGE('',*,*,#7126,.T.);
#9220=ORIENTED_EDGE('',*,*,#7125,.T.);
#9221=ORIENTED_EDGE('',*,*,#7127,.F.);
#9222=ORIENTED_EDGE('',*,*,#7128,.F.);
#9223=ORIENTED_EDGE('',*,*,#7129,.T.);
#9224=ORIENTED_EDGE('',*,*,#7128,.T.);
#9225=ORIENTED_EDGE('',*,*,#7130,.F.);
#9226=ORIENTED_EDGE('',*,*,#7131,.F.);
#9227=ORIENTED_EDGE('',*,*,#7132,.T.);
#9228=ORIENTED_EDGE('',*,*,#7131,.T.);
#9229=ORIENTED_EDGE('',*,*,#7133,.F.);
#9230=ORIENTED_EDGE('',*,*,#7134,.F.);
#9231=ORIENTED_EDGE('',*,*,#7135,.T.);
#9232=ORIENTED_EDGE('',*,*,#7134,.T.);
#9233=ORIENTED_EDGE('',*,*,#7136,.F.);
#9234=ORIENTED_EDGE('',*,*,#7137,.F.);
#9235=ORIENTED_EDGE('',*,*,#7138,.T.);
#9236=ORIENTED_EDGE('',*,*,#7137,.T.);
#9237=ORIENTED_EDGE('',*,*,#7139,.F.);
#9238=ORIENTED_EDGE('',*,*,#7140,.F.);
#9239=ORIENTED_EDGE('',*,*,#7141,.T.);
#9240=ORIENTED_EDGE('',*,*,#7140,.T.);
#9241=ORIENTED_EDGE('',*,*,#7142,.F.);
#9242=ORIENTED_EDGE('',*,*,#7143,.F.);
#9243=ORIENTED_EDGE('',*,*,#7144,.T.);
#9244=ORIENTED_EDGE('',*,*,#7143,.T.);
#9245=ORIENTED_EDGE('',*,*,#7145,.F.);
#9246=ORIENTED_EDGE('',*,*,#7146,.F.);
#9247=ORIENTED_EDGE('',*,*,#7147,.T.);
#9248=ORIENTED_EDGE('',*,*,#7146,.T.);
#9249=ORIENTED_EDGE('',*,*,#7148,.F.);
#9250=ORIENTED_EDGE('',*,*,#7149,.F.);
#9251=ORIENTED_EDGE('',*,*,#7150,.T.);
#9252=ORIENTED_EDGE('',*,*,#7149,.T.);
#9253=ORIENTED_EDGE('',*,*,#7151,.F.);
#9254=ORIENTED_EDGE('',*,*,#7152,.F.);
#9255=ORIENTED_EDGE('',*,*,#7153,.T.);
#9256=ORIENTED_EDGE('',*,*,#7152,.T.);
#9257=ORIENTED_EDGE('',*,*,#7154,.F.);
#9258=ORIENTED_EDGE('',*,*,#7155,.F.);
#9259=ORIENTED_EDGE('',*,*,#7156,.T.);
#9260=ORIENTED_EDGE('',*,*,#7155,.T.);
#9261=ORIENTED_EDGE('',*,*,#7157,.F.);
#9262=ORIENTED_EDGE('',*,*,#7158,.F.);
#9263=ORIENTED_EDGE('',*,*,#7159,.T.);
#9264=ORIENTED_EDGE('',*,*,#7158,.T.);
#9265=ORIENTED_EDGE('',*,*,#7160,.F.);
#9266=ORIENTED_EDGE('',*,*,#7161,.F.);
#9267=ORIENTED_EDGE('',*,*,#7162,.T.);
#9268=ORIENTED_EDGE('',*,*,#7161,.T.);
#9269=ORIENTED_EDGE('',*,*,#7163,.F.);
#9270=ORIENTED_EDGE('',*,*,#7164,.F.);
#9271=ORIENTED_EDGE('',*,*,#7165,.T.);
#9272=ORIENTED_EDGE('',*,*,#7164,.T.);
#9273=ORIENTED_EDGE('',*,*,#7166,.F.);
#9274=ORIENTED_EDGE('',*,*,#7108,.F.);
#9275=ORIENTED_EDGE('',*,*,#7167,.T.);
#9276=ORIENTED_EDGE('',*,*,#7168,.T.);
#9277=ORIENTED_EDGE('',*,*,#7169,.F.);
#9278=ORIENTED_EDGE('',*,*,#7170,.F.);
#9279=ORIENTED_EDGE('',*,*,#7171,.T.);
#9280=ORIENTED_EDGE('',*,*,#7170,.T.);
#9281=ORIENTED_EDGE('',*,*,#7172,.F.);
#9282=ORIENTED_EDGE('',*,*,#7173,.F.);
#9283=ORIENTED_EDGE('',*,*,#7174,.T.);
#9284=ORIENTED_EDGE('',*,*,#7173,.T.);
#9285=ORIENTED_EDGE('',*,*,#7175,.F.);
#9286=ORIENTED_EDGE('',*,*,#7176,.F.);
#9287=ORIENTED_EDGE('',*,*,#7177,.T.);
#9288=ORIENTED_EDGE('',*,*,#7176,.T.);
#9289=ORIENTED_EDGE('',*,*,#7178,.F.);
#9290=ORIENTED_EDGE('',*,*,#7179,.F.);
#9291=ORIENTED_EDGE('',*,*,#7180,.T.);
#9292=ORIENTED_EDGE('',*,*,#7179,.T.);
#9293=ORIENTED_EDGE('',*,*,#7181,.F.);
#9294=ORIENTED_EDGE('',*,*,#7182,.F.);
#9295=ORIENTED_EDGE('',*,*,#7183,.T.);
#9296=ORIENTED_EDGE('',*,*,#7182,.T.);
#9297=ORIENTED_EDGE('',*,*,#7184,.F.);
#9298=ORIENTED_EDGE('',*,*,#7185,.F.);
#9299=ORIENTED_EDGE('',*,*,#7186,.T.);
#9300=ORIENTED_EDGE('',*,*,#7185,.T.);
#9301=ORIENTED_EDGE('',*,*,#7187,.F.);
#9302=ORIENTED_EDGE('',*,*,#7188,.F.);
#9303=ORIENTED_EDGE('',*,*,#7189,.T.);
#9304=ORIENTED_EDGE('',*,*,#7188,.T.);
#9305=ORIENTED_EDGE('',*,*,#7190,.F.);
#9306=ORIENTED_EDGE('',*,*,#7191,.F.);
#9307=ORIENTED_EDGE('',*,*,#7192,.T.);
#9308=ORIENTED_EDGE('',*,*,#7191,.T.);
#9309=ORIENTED_EDGE('',*,*,#7193,.F.);
#9310=ORIENTED_EDGE('',*,*,#7194,.F.);
#9311=ORIENTED_EDGE('',*,*,#7195,.T.);
#9312=ORIENTED_EDGE('',*,*,#7194,.T.);
#9313=ORIENTED_EDGE('',*,*,#7196,.F.);
#9314=ORIENTED_EDGE('',*,*,#7197,.F.);
#9315=ORIENTED_EDGE('',*,*,#7198,.T.);
#9316=ORIENTED_EDGE('',*,*,#7197,.T.);
#9317=ORIENTED_EDGE('',*,*,#7199,.F.);
#9318=ORIENTED_EDGE('',*,*,#7200,.F.);
#9319=ORIENTED_EDGE('',*,*,#7201,.T.);
#9320=ORIENTED_EDGE('',*,*,#7200,.T.);
#9321=ORIENTED_EDGE('',*,*,#7202,.F.);
#9322=ORIENTED_EDGE('',*,*,#7203,.F.);
#9323=ORIENTED_EDGE('',*,*,#7204,.T.);
#9324=ORIENTED_EDGE('',*,*,#7203,.T.);
#9325=ORIENTED_EDGE('',*,*,#7205,.F.);
#9326=ORIENTED_EDGE('',*,*,#7206,.F.);
#9327=ORIENTED_EDGE('',*,*,#7207,.T.);
#9328=ORIENTED_EDGE('',*,*,#7206,.T.);
#9329=ORIENTED_EDGE('',*,*,#7208,.F.);
#9330=ORIENTED_EDGE('',*,*,#7209,.F.);
#9331=ORIENTED_EDGE('',*,*,#7210,.T.);
#9332=ORIENTED_EDGE('',*,*,#7209,.T.);
#9333=ORIENTED_EDGE('',*,*,#7211,.F.);
#9334=ORIENTED_EDGE('',*,*,#7212,.F.);
#9335=ORIENTED_EDGE('',*,*,#7213,.T.);
#9336=ORIENTED_EDGE('',*,*,#7212,.T.);
#9337=ORIENTED_EDGE('',*,*,#7214,.F.);
#9338=ORIENTED_EDGE('',*,*,#7215,.F.);
#9339=ORIENTED_EDGE('',*,*,#7216,.T.);
#9340=ORIENTED_EDGE('',*,*,#7215,.T.);
#9341=ORIENTED_EDGE('',*,*,#7217,.F.);
#9342=ORIENTED_EDGE('',*,*,#7218,.F.);
#9343=ORIENTED_EDGE('',*,*,#7219,.T.);
#9344=ORIENTED_EDGE('',*,*,#7218,.T.);
#9345=ORIENTED_EDGE('',*,*,#7220,.F.);
#9346=ORIENTED_EDGE('',*,*,#7221,.F.);
#9347=ORIENTED_EDGE('',*,*,#7222,.T.);
#9348=ORIENTED_EDGE('',*,*,#7221,.T.);
#9349=ORIENTED_EDGE('',*,*,#7223,.F.);
#9350=ORIENTED_EDGE('',*,*,#7224,.F.);
#9351=ORIENTED_EDGE('',*,*,#7225,.T.);
#9352=ORIENTED_EDGE('',*,*,#7224,.T.);
#9353=ORIENTED_EDGE('',*,*,#7226,.F.);
#9354=ORIENTED_EDGE('',*,*,#7168,.F.);
#9355=ORIENTED_EDGE('',*,*,#7227,.T.);
#9356=ORIENTED_EDGE('',*,*,#7228,.T.);
#9357=ORIENTED_EDGE('',*,*,#7229,.F.);
#9358=ORIENTED_EDGE('',*,*,#7230,.F.);
#9359=ORIENTED_EDGE('',*,*,#7231,.T.);
#9360=ORIENTED_EDGE('',*,*,#7230,.T.);
#9361=ORIENTED_EDGE('',*,*,#7232,.F.);
#9362=ORIENTED_EDGE('',*,*,#7233,.F.);
#9363=ORIENTED_EDGE('',*,*,#7234,.T.);
#9364=ORIENTED_EDGE('',*,*,#7233,.T.);
#9365=ORIENTED_EDGE('',*,*,#7235,.F.);
#9366=ORIENTED_EDGE('',*,*,#7236,.F.);
#9367=ORIENTED_EDGE('',*,*,#7237,.T.);
#9368=ORIENTED_EDGE('',*,*,#7236,.T.);
#9369=ORIENTED_EDGE('',*,*,#7238,.F.);
#9370=ORIENTED_EDGE('',*,*,#7239,.F.);
#9371=ORIENTED_EDGE('',*,*,#7240,.T.);
#9372=ORIENTED_EDGE('',*,*,#7239,.T.);
#9373=ORIENTED_EDGE('',*,*,#7241,.F.);
#9374=ORIENTED_EDGE('',*,*,#7242,.F.);
#9375=ORIENTED_EDGE('',*,*,#7243,.T.);
#9376=ORIENTED_EDGE('',*,*,#7242,.T.);
#9377=ORIENTED_EDGE('',*,*,#7244,.F.);
#9378=ORIENTED_EDGE('',*,*,#7245,.F.);
#9379=ORIENTED_EDGE('',*,*,#7246,.T.);
#9380=ORIENTED_EDGE('',*,*,#7245,.T.);
#9381=ORIENTED_EDGE('',*,*,#7247,.F.);
#9382=ORIENTED_EDGE('',*,*,#7248,.F.);
#9383=ORIENTED_EDGE('',*,*,#7249,.T.);
#9384=ORIENTED_EDGE('',*,*,#7248,.T.);
#9385=ORIENTED_EDGE('',*,*,#7250,.F.);
#9386=ORIENTED_EDGE('',*,*,#7251,.F.);
#9387=ORIENTED_EDGE('',*,*,#7252,.T.);
#9388=ORIENTED_EDGE('',*,*,#7251,.T.);
#9389=ORIENTED_EDGE('',*,*,#7253,.F.);
#9390=ORIENTED_EDGE('',*,*,#7254,.F.);
#9391=ORIENTED_EDGE('',*,*,#7255,.T.);
#9392=ORIENTED_EDGE('',*,*,#7254,.T.);
#9393=ORIENTED_EDGE('',*,*,#7256,.F.);
#9394=ORIENTED_EDGE('',*,*,#7257,.F.);
#9395=ORIENTED_EDGE('',*,*,#7258,.T.);
#9396=ORIENTED_EDGE('',*,*,#7257,.T.);
#9397=ORIENTED_EDGE('',*,*,#7259,.F.);
#9398=ORIENTED_EDGE('',*,*,#7260,.F.);
#9399=ORIENTED_EDGE('',*,*,#7261,.T.);
#9400=ORIENTED_EDGE('',*,*,#7260,.T.);
#9401=ORIENTED_EDGE('',*,*,#7262,.F.);
#9402=ORIENTED_EDGE('',*,*,#7263,.F.);
#9403=ORIENTED_EDGE('',*,*,#7264,.T.);
#9404=ORIENTED_EDGE('',*,*,#7263,.T.);
#9405=ORIENTED_EDGE('',*,*,#7265,.F.);
#9406=ORIENTED_EDGE('',*,*,#7266,.F.);
#9407=ORIENTED_EDGE('',*,*,#7267,.T.);
#9408=ORIENTED_EDGE('',*,*,#7266,.T.);
#9409=ORIENTED_EDGE('',*,*,#7268,.F.);
#9410=ORIENTED_EDGE('',*,*,#7269,.F.);
#9411=ORIENTED_EDGE('',*,*,#7270,.T.);
#9412=ORIENTED_EDGE('',*,*,#7269,.T.);
#9413=ORIENTED_EDGE('',*,*,#7271,.F.);
#9414=ORIENTED_EDGE('',*,*,#7272,.F.);
#9415=ORIENTED_EDGE('',*,*,#7273,.T.);
#9416=ORIENTED_EDGE('',*,*,#7272,.T.);
#9417=ORIENTED_EDGE('',*,*,#7274,.F.);
#9418=ORIENTED_EDGE('',*,*,#7275,.F.);
#9419=ORIENTED_EDGE('',*,*,#7276,.T.);
#9420=ORIENTED_EDGE('',*,*,#7275,.T.);
#9421=ORIENTED_EDGE('',*,*,#7277,.F.);
#9422=ORIENTED_EDGE('',*,*,#7278,.F.);
#9423=ORIENTED_EDGE('',*,*,#7279,.T.);
#9424=ORIENTED_EDGE('',*,*,#7278,.T.);
#9425=ORIENTED_EDGE('',*,*,#7280,.F.);
#9426=ORIENTED_EDGE('',*,*,#7281,.F.);
#9427=ORIENTED_EDGE('',*,*,#7282,.T.);
#9428=ORIENTED_EDGE('',*,*,#7281,.T.);
#9429=ORIENTED_EDGE('',*,*,#7283,.F.);
#9430=ORIENTED_EDGE('',*,*,#7284,.F.);
#9431=ORIENTED_EDGE('',*,*,#7285,.T.);
#9432=ORIENTED_EDGE('',*,*,#7284,.T.);
#9433=ORIENTED_EDGE('',*,*,#7286,.F.);
#9434=ORIENTED_EDGE('',*,*,#7228,.F.);
#9435=ORIENTED_EDGE('',*,*,#7287,.T.);
#9436=ORIENTED_EDGE('',*,*,#7288,.T.);
#9437=ORIENTED_EDGE('',*,*,#7289,.F.);
#9438=ORIENTED_EDGE('',*,*,#7290,.F.);
#9439=ORIENTED_EDGE('',*,*,#7291,.T.);
#9440=ORIENTED_EDGE('',*,*,#7290,.T.);
#9441=ORIENTED_EDGE('',*,*,#7292,.F.);
#9442=ORIENTED_EDGE('',*,*,#7293,.F.);
#9443=ORIENTED_EDGE('',*,*,#7294,.T.);
#9444=ORIENTED_EDGE('',*,*,#7293,.T.);
#9445=ORIENTED_EDGE('',*,*,#7295,.F.);
#9446=ORIENTED_EDGE('',*,*,#7296,.F.);
#9447=ORIENTED_EDGE('',*,*,#7297,.T.);
#9448=ORIENTED_EDGE('',*,*,#7296,.T.);
#9449=ORIENTED_EDGE('',*,*,#7298,.F.);
#9450=ORIENTED_EDGE('',*,*,#7299,.F.);
#9451=ORIENTED_EDGE('',*,*,#7300,.T.);
#9452=ORIENTED_EDGE('',*,*,#7299,.T.);
#9453=ORIENTED_EDGE('',*,*,#7301,.F.);
#9454=ORIENTED_EDGE('',*,*,#7302,.F.);
#9455=ORIENTED_EDGE('',*,*,#7303,.T.);
#9456=ORIENTED_EDGE('',*,*,#7302,.T.);
#9457=ORIENTED_EDGE('',*,*,#7304,.F.);
#9458=ORIENTED_EDGE('',*,*,#7305,.F.);
#9459=ORIENTED_EDGE('',*,*,#7306,.T.);
#9460=ORIENTED_EDGE('',*,*,#7305,.T.);
#9461=ORIENTED_EDGE('',*,*,#7307,.F.);
#9462=ORIENTED_EDGE('',*,*,#7308,.F.);
#9463=ORIENTED_EDGE('',*,*,#7309,.T.);
#9464=ORIENTED_EDGE('',*,*,#7308,.T.);
#9465=ORIENTED_EDGE('',*,*,#7310,.F.);
#9466=ORIENTED_EDGE('',*,*,#7311,.F.);
#9467=ORIENTED_EDGE('',*,*,#7312,.T.);
#9468=ORIENTED_EDGE('',*,*,#7311,.T.);
#9469=ORIENTED_EDGE('',*,*,#7313,.F.);
#9470=ORIENTED_EDGE('',*,*,#7314,.F.);
#9471=ORIENTED_EDGE('',*,*,#7315,.T.);
#9472=ORIENTED_EDGE('',*,*,#7314,.T.);
#9473=ORIENTED_EDGE('',*,*,#7316,.F.);
#9474=ORIENTED_EDGE('',*,*,#7317,.F.);
#9475=ORIENTED_EDGE('',*,*,#7318,.T.);
#9476=ORIENTED_EDGE('',*,*,#7317,.T.);
#9477=ORIENTED_EDGE('',*,*,#7319,.F.);
#9478=ORIENTED_EDGE('',*,*,#7320,.F.);
#9479=ORIENTED_EDGE('',*,*,#7321,.T.);
#9480=ORIENTED_EDGE('',*,*,#7320,.T.);
#9481=ORIENTED_EDGE('',*,*,#7322,.F.);
#9482=ORIENTED_EDGE('',*,*,#7323,.F.);
#9483=ORIENTED_EDGE('',*,*,#7324,.T.);
#9484=ORIENTED_EDGE('',*,*,#7323,.T.);
#9485=ORIENTED_EDGE('',*,*,#7325,.F.);
#9486=ORIENTED_EDGE('',*,*,#7326,.F.);
#9487=ORIENTED_EDGE('',*,*,#7327,.T.);
#9488=ORIENTED_EDGE('',*,*,#7326,.T.);
#9489=ORIENTED_EDGE('',*,*,#7328,.F.);
#9490=ORIENTED_EDGE('',*,*,#7329,.F.);
#9491=ORIENTED_EDGE('',*,*,#7330,.T.);
#9492=ORIENTED_EDGE('',*,*,#7329,.T.);
#9493=ORIENTED_EDGE('',*,*,#7331,.F.);
#9494=ORIENTED_EDGE('',*,*,#7332,.F.);
#9495=ORIENTED_EDGE('',*,*,#7333,.T.);
#9496=ORIENTED_EDGE('',*,*,#7332,.T.);
#9497=ORIENTED_EDGE('',*,*,#7334,.F.);
#9498=ORIENTED_EDGE('',*,*,#7335,.F.);
#9499=ORIENTED_EDGE('',*,*,#7336,.T.);
#9500=ORIENTED_EDGE('',*,*,#7335,.T.);
#9501=ORIENTED_EDGE('',*,*,#7337,.F.);
#9502=ORIENTED_EDGE('',*,*,#7338,.F.);
#9503=ORIENTED_EDGE('',*,*,#7339,.T.);
#9504=ORIENTED_EDGE('',*,*,#7338,.T.);
#9505=ORIENTED_EDGE('',*,*,#7340,.F.);
#9506=ORIENTED_EDGE('',*,*,#7341,.F.);
#9507=ORIENTED_EDGE('',*,*,#7342,.T.);
#9508=ORIENTED_EDGE('',*,*,#7341,.T.);
#9509=ORIENTED_EDGE('',*,*,#7343,.F.);
#9510=ORIENTED_EDGE('',*,*,#7344,.F.);
#9511=ORIENTED_EDGE('',*,*,#7345,.T.);
#9512=ORIENTED_EDGE('',*,*,#7344,.T.);
#9513=ORIENTED_EDGE('',*,*,#7346,.F.);
#9514=ORIENTED_EDGE('',*,*,#7288,.F.);
#9515=ORIENTED_EDGE('',*,*,#7347,.F.);
#9516=ORIENTED_EDGE('',*,*,#7348,.T.);
#9517=ORIENTED_EDGE('',*,*,#7349,.F.);
#9518=ORIENTED_EDGE('',*,*,#7350,.F.);
#9519=ORIENTED_EDGE('',*,*,#7351,.F.);
#9520=ORIENTED_EDGE('',*,*,#7350,.T.);
#9521=ORIENTED_EDGE('',*,*,#7352,.F.);
#9522=ORIENTED_EDGE('',*,*,#7353,.F.);
#9523=ORIENTED_EDGE('',*,*,#7354,.F.);
#9524=ORIENTED_EDGE('',*,*,#7353,.T.);
#9525=ORIENTED_EDGE('',*,*,#7355,.F.);
#9526=ORIENTED_EDGE('',*,*,#7356,.F.);
#9527=ORIENTED_EDGE('',*,*,#7357,.F.);
#9528=ORIENTED_EDGE('',*,*,#7356,.T.);
#9529=ORIENTED_EDGE('',*,*,#7358,.F.);
#9530=ORIENTED_EDGE('',*,*,#7359,.F.);
#9531=ORIENTED_EDGE('',*,*,#7360,.F.);
#9532=ORIENTED_EDGE('',*,*,#7359,.T.);
#9533=ORIENTED_EDGE('',*,*,#7361,.F.);
#9534=ORIENTED_EDGE('',*,*,#7362,.F.);
#9535=ORIENTED_EDGE('',*,*,#7363,.F.);
#9536=ORIENTED_EDGE('',*,*,#7362,.T.);
#9537=ORIENTED_EDGE('',*,*,#7364,.F.);
#9538=ORIENTED_EDGE('',*,*,#7365,.F.);
#9539=ORIENTED_EDGE('',*,*,#7366,.F.);
#9540=ORIENTED_EDGE('',*,*,#7365,.T.);
#9541=ORIENTED_EDGE('',*,*,#7367,.F.);
#9542=ORIENTED_EDGE('',*,*,#7368,.F.);
#9543=ORIENTED_EDGE('',*,*,#7369,.F.);
#9544=ORIENTED_EDGE('',*,*,#7368,.T.);
#9545=ORIENTED_EDGE('',*,*,#7370,.F.);
#9546=ORIENTED_EDGE('',*,*,#7371,.F.);
#9547=ORIENTED_EDGE('',*,*,#7372,.F.);
#9548=ORIENTED_EDGE('',*,*,#7371,.T.);
#9549=ORIENTED_EDGE('',*,*,#7373,.F.);
#9550=ORIENTED_EDGE('',*,*,#7374,.F.);
#9551=ORIENTED_EDGE('',*,*,#7375,.F.);
#9552=ORIENTED_EDGE('',*,*,#7374,.T.);
#9553=ORIENTED_EDGE('',*,*,#7376,.F.);
#9554=ORIENTED_EDGE('',*,*,#7377,.F.);
#9555=ORIENTED_EDGE('',*,*,#7378,.F.);
#9556=ORIENTED_EDGE('',*,*,#7377,.T.);
#9557=ORIENTED_EDGE('',*,*,#7379,.F.);
#9558=ORIENTED_EDGE('',*,*,#7380,.F.);
#9559=ORIENTED_EDGE('',*,*,#7381,.F.);
#9560=ORIENTED_EDGE('',*,*,#7380,.T.);
#9561=ORIENTED_EDGE('',*,*,#7382,.F.);
#9562=ORIENTED_EDGE('',*,*,#7383,.F.);
#9563=ORIENTED_EDGE('',*,*,#7384,.F.);
#9564=ORIENTED_EDGE('',*,*,#7383,.T.);
#9565=ORIENTED_EDGE('',*,*,#7385,.F.);
#9566=ORIENTED_EDGE('',*,*,#7386,.F.);
#9567=ORIENTED_EDGE('',*,*,#7387,.F.);
#9568=ORIENTED_EDGE('',*,*,#7386,.T.);
#9569=ORIENTED_EDGE('',*,*,#7388,.F.);
#9570=ORIENTED_EDGE('',*,*,#7389,.F.);
#9571=ORIENTED_EDGE('',*,*,#7390,.F.);
#9572=ORIENTED_EDGE('',*,*,#7389,.T.);
#9573=ORIENTED_EDGE('',*,*,#7391,.F.);
#9574=ORIENTED_EDGE('',*,*,#7392,.F.);
#9575=ORIENTED_EDGE('',*,*,#7393,.F.);
#9576=ORIENTED_EDGE('',*,*,#7392,.T.);
#9577=ORIENTED_EDGE('',*,*,#7394,.F.);
#9578=ORIENTED_EDGE('',*,*,#7395,.F.);
#9579=ORIENTED_EDGE('',*,*,#7396,.F.);
#9580=ORIENTED_EDGE('',*,*,#7395,.T.);
#9581=ORIENTED_EDGE('',*,*,#7397,.F.);
#9582=ORIENTED_EDGE('',*,*,#7398,.F.);
#9583=ORIENTED_EDGE('',*,*,#7399,.F.);
#9584=ORIENTED_EDGE('',*,*,#7398,.T.);
#9585=ORIENTED_EDGE('',*,*,#7400,.F.);
#9586=ORIENTED_EDGE('',*,*,#7401,.F.);
#9587=ORIENTED_EDGE('',*,*,#7402,.F.);
#9588=ORIENTED_EDGE('',*,*,#7401,.T.);
#9589=ORIENTED_EDGE('',*,*,#7403,.F.);
#9590=ORIENTED_EDGE('',*,*,#7404,.F.);
#9591=ORIENTED_EDGE('',*,*,#7405,.F.);
#9592=ORIENTED_EDGE('',*,*,#7404,.T.);
#9593=ORIENTED_EDGE('',*,*,#7406,.F.);
#9594=ORIENTED_EDGE('',*,*,#7407,.F.);
#9595=ORIENTED_EDGE('',*,*,#7408,.F.);
#9596=ORIENTED_EDGE('',*,*,#7407,.T.);
#9597=ORIENTED_EDGE('',*,*,#7409,.F.);
#9598=ORIENTED_EDGE('',*,*,#7410,.F.);
#9599=ORIENTED_EDGE('',*,*,#7411,.F.);
#9600=ORIENTED_EDGE('',*,*,#7410,.T.);
#9601=ORIENTED_EDGE('',*,*,#7412,.F.);
#9602=ORIENTED_EDGE('',*,*,#7413,.F.);
#9603=ORIENTED_EDGE('',*,*,#7414,.F.);
#9604=ORIENTED_EDGE('',*,*,#7413,.T.);
#9605=ORIENTED_EDGE('',*,*,#7415,.F.);
#9606=ORIENTED_EDGE('',*,*,#7416,.F.);
#9607=ORIENTED_EDGE('',*,*,#7417,.F.);
#9608=ORIENTED_EDGE('',*,*,#7416,.T.);
#9609=ORIENTED_EDGE('',*,*,#7418,.F.);
#9610=ORIENTED_EDGE('',*,*,#7419,.F.);
#9611=ORIENTED_EDGE('',*,*,#7420,.F.);
#9612=ORIENTED_EDGE('',*,*,#7419,.T.);
#9613=ORIENTED_EDGE('',*,*,#7421,.F.);
#9614=ORIENTED_EDGE('',*,*,#7422,.F.);
#9615=ORIENTED_EDGE('',*,*,#7423,.F.);
#9616=ORIENTED_EDGE('',*,*,#7422,.T.);
#9617=ORIENTED_EDGE('',*,*,#7424,.F.);
#9618=ORIENTED_EDGE('',*,*,#7425,.F.);
#9619=ORIENTED_EDGE('',*,*,#7426,.F.);
#9620=ORIENTED_EDGE('',*,*,#7425,.T.);
#9621=ORIENTED_EDGE('',*,*,#7427,.F.);
#9622=ORIENTED_EDGE('',*,*,#7428,.F.);
#9623=ORIENTED_EDGE('',*,*,#7429,.F.);
#9624=ORIENTED_EDGE('',*,*,#7428,.T.);
#9625=ORIENTED_EDGE('',*,*,#7430,.F.);
#9626=ORIENTED_EDGE('',*,*,#7431,.F.);
#9627=ORIENTED_EDGE('',*,*,#7432,.F.);
#9628=ORIENTED_EDGE('',*,*,#7431,.T.);
#9629=ORIENTED_EDGE('',*,*,#7433,.F.);
#9630=ORIENTED_EDGE('',*,*,#7434,.F.);
#9631=ORIENTED_EDGE('',*,*,#7435,.F.);
#9632=ORIENTED_EDGE('',*,*,#7434,.T.);
#9633=ORIENTED_EDGE('',*,*,#7436,.F.);
#9634=ORIENTED_EDGE('',*,*,#7437,.F.);
#9635=ORIENTED_EDGE('',*,*,#7438,.F.);
#9636=ORIENTED_EDGE('',*,*,#7437,.T.);
#9637=ORIENTED_EDGE('',*,*,#7439,.F.);
#9638=ORIENTED_EDGE('',*,*,#7440,.F.);
#9639=ORIENTED_EDGE('',*,*,#7441,.F.);
#9640=ORIENTED_EDGE('',*,*,#7440,.T.);
#9641=ORIENTED_EDGE('',*,*,#7442,.F.);
#9642=ORIENTED_EDGE('',*,*,#7443,.F.);
#9643=ORIENTED_EDGE('',*,*,#7444,.F.);
#9644=ORIENTED_EDGE('',*,*,#7443,.T.);
#9645=ORIENTED_EDGE('',*,*,#7445,.F.);
#9646=ORIENTED_EDGE('',*,*,#7446,.F.);
#9647=ORIENTED_EDGE('',*,*,#7447,.F.);
#9648=ORIENTED_EDGE('',*,*,#7446,.T.);
#9649=ORIENTED_EDGE('',*,*,#7448,.F.);
#9650=ORIENTED_EDGE('',*,*,#7449,.F.);
#9651=ORIENTED_EDGE('',*,*,#7450,.F.);
#9652=ORIENTED_EDGE('',*,*,#7449,.T.);
#9653=ORIENTED_EDGE('',*,*,#7451,.F.);
#9654=ORIENTED_EDGE('',*,*,#7452,.F.);
#9655=ORIENTED_EDGE('',*,*,#7453,.F.);
#9656=ORIENTED_EDGE('',*,*,#7452,.T.);
#9657=ORIENTED_EDGE('',*,*,#7454,.F.);
#9658=ORIENTED_EDGE('',*,*,#7455,.F.);
#9659=ORIENTED_EDGE('',*,*,#7456,.F.);
#9660=ORIENTED_EDGE('',*,*,#7455,.T.);
#9661=ORIENTED_EDGE('',*,*,#7457,.F.);
#9662=ORIENTED_EDGE('',*,*,#7458,.F.);
#9663=ORIENTED_EDGE('',*,*,#7459,.F.);
#9664=ORIENTED_EDGE('',*,*,#7458,.T.);
#9665=ORIENTED_EDGE('',*,*,#7460,.F.);
#9666=ORIENTED_EDGE('',*,*,#7461,.F.);
#9667=ORIENTED_EDGE('',*,*,#7462,.F.);
#9668=ORIENTED_EDGE('',*,*,#7461,.T.);
#9669=ORIENTED_EDGE('',*,*,#7463,.F.);
#9670=ORIENTED_EDGE('',*,*,#7464,.F.);
#9671=ORIENTED_EDGE('',*,*,#7465,.F.);
#9672=ORIENTED_EDGE('',*,*,#7464,.T.);
#9673=ORIENTED_EDGE('',*,*,#7466,.F.);
#9674=ORIENTED_EDGE('',*,*,#7467,.F.);
#9675=ORIENTED_EDGE('',*,*,#7468,.F.);
#9676=ORIENTED_EDGE('',*,*,#7467,.T.);
#9677=ORIENTED_EDGE('',*,*,#7469,.F.);
#9678=ORIENTED_EDGE('',*,*,#7470,.F.);
#9679=ORIENTED_EDGE('',*,*,#7471,.F.);
#9680=ORIENTED_EDGE('',*,*,#7470,.T.);
#9681=ORIENTED_EDGE('',*,*,#7472,.F.);
#9682=ORIENTED_EDGE('',*,*,#7473,.F.);
#9683=ORIENTED_EDGE('',*,*,#7474,.F.);
#9684=ORIENTED_EDGE('',*,*,#7473,.T.);
#9685=ORIENTED_EDGE('',*,*,#7475,.F.);
#9686=ORIENTED_EDGE('',*,*,#7476,.F.);
#9687=ORIENTED_EDGE('',*,*,#7477,.F.);
#9688=ORIENTED_EDGE('',*,*,#7476,.T.);
#9689=ORIENTED_EDGE('',*,*,#7478,.F.);
#9690=ORIENTED_EDGE('',*,*,#7479,.F.);
#9691=ORIENTED_EDGE('',*,*,#7480,.F.);
#9692=ORIENTED_EDGE('',*,*,#7479,.T.);
#9693=ORIENTED_EDGE('',*,*,#7481,.F.);
#9694=ORIENTED_EDGE('',*,*,#7482,.F.);
#9695=ORIENTED_EDGE('',*,*,#7483,.F.);
#9696=ORIENTED_EDGE('',*,*,#7482,.T.);
#9697=ORIENTED_EDGE('',*,*,#7484,.F.);
#9698=ORIENTED_EDGE('',*,*,#7485,.F.);
#9699=ORIENTED_EDGE('',*,*,#7486,.F.);
#9700=ORIENTED_EDGE('',*,*,#7485,.T.);
#9701=ORIENTED_EDGE('',*,*,#7487,.F.);
#9702=ORIENTED_EDGE('',*,*,#7488,.F.);
#9703=ORIENTED_EDGE('',*,*,#7489,.F.);
#9704=ORIENTED_EDGE('',*,*,#7488,.T.);
#9705=ORIENTED_EDGE('',*,*,#7490,.F.);
#9706=ORIENTED_EDGE('',*,*,#7491,.F.);
#9707=ORIENTED_EDGE('',*,*,#7492,.F.);
#9708=ORIENTED_EDGE('',*,*,#7491,.T.);
#9709=ORIENTED_EDGE('',*,*,#7493,.F.);
#9710=ORIENTED_EDGE('',*,*,#7494,.F.);
#9711=ORIENTED_EDGE('',*,*,#7495,.F.);
#9712=ORIENTED_EDGE('',*,*,#7494,.T.);
#9713=ORIENTED_EDGE('',*,*,#7496,.F.);
#9714=ORIENTED_EDGE('',*,*,#7497,.F.);
#9715=ORIENTED_EDGE('',*,*,#7498,.F.);
#9716=ORIENTED_EDGE('',*,*,#7497,.T.);
#9717=ORIENTED_EDGE('',*,*,#7499,.F.);
#9718=ORIENTED_EDGE('',*,*,#7500,.F.);
#9719=ORIENTED_EDGE('',*,*,#7501,.F.);
#9720=ORIENTED_EDGE('',*,*,#7500,.T.);
#9721=ORIENTED_EDGE('',*,*,#7502,.F.);
#9722=ORIENTED_EDGE('',*,*,#7503,.F.);
#9723=ORIENTED_EDGE('',*,*,#7504,.F.);
#9724=ORIENTED_EDGE('',*,*,#7503,.T.);
#9725=ORIENTED_EDGE('',*,*,#7505,.F.);
#9726=ORIENTED_EDGE('',*,*,#7506,.F.);
#9727=ORIENTED_EDGE('',*,*,#7507,.F.);
#9728=ORIENTED_EDGE('',*,*,#7506,.T.);
#9729=ORIENTED_EDGE('',*,*,#7508,.F.);
#9730=ORIENTED_EDGE('',*,*,#7509,.F.);
#9731=ORIENTED_EDGE('',*,*,#7510,.F.);
#9732=ORIENTED_EDGE('',*,*,#7509,.T.);
#9733=ORIENTED_EDGE('',*,*,#7511,.F.);
#9734=ORIENTED_EDGE('',*,*,#7512,.F.);
#9735=ORIENTED_EDGE('',*,*,#7513,.F.);
#9736=ORIENTED_EDGE('',*,*,#7512,.T.);
#9737=ORIENTED_EDGE('',*,*,#7514,.F.);
#9738=ORIENTED_EDGE('',*,*,#7515,.F.);
#9739=ORIENTED_EDGE('',*,*,#7516,.F.);
#9740=ORIENTED_EDGE('',*,*,#7515,.T.);
#9741=ORIENTED_EDGE('',*,*,#7517,.F.);
#9742=ORIENTED_EDGE('',*,*,#7518,.F.);
#9743=ORIENTED_EDGE('',*,*,#7519,.F.);
#9744=ORIENTED_EDGE('',*,*,#7518,.T.);
#9745=ORIENTED_EDGE('',*,*,#7520,.F.);
#9746=ORIENTED_EDGE('',*,*,#7521,.F.);
#9747=ORIENTED_EDGE('',*,*,#7522,.F.);
#9748=ORIENTED_EDGE('',*,*,#7521,.T.);
#9749=ORIENTED_EDGE('',*,*,#7523,.F.);
#9750=ORIENTED_EDGE('',*,*,#7524,.F.);
#9751=ORIENTED_EDGE('',*,*,#7525,.F.);
#9752=ORIENTED_EDGE('',*,*,#7524,.T.);
#9753=ORIENTED_EDGE('',*,*,#7526,.F.);
#9754=ORIENTED_EDGE('',*,*,#7527,.F.);
#9755=ORIENTED_EDGE('',*,*,#7528,.F.);
#9756=ORIENTED_EDGE('',*,*,#7527,.T.);
#9757=ORIENTED_EDGE('',*,*,#7529,.F.);
#9758=ORIENTED_EDGE('',*,*,#7530,.F.);
#9759=ORIENTED_EDGE('',*,*,#7531,.F.);
#9760=ORIENTED_EDGE('',*,*,#7530,.T.);
#9761=ORIENTED_EDGE('',*,*,#7532,.F.);
#9762=ORIENTED_EDGE('',*,*,#7533,.F.);
#9763=ORIENTED_EDGE('',*,*,#7534,.F.);
#9764=ORIENTED_EDGE('',*,*,#7533,.T.);
#9765=ORIENTED_EDGE('',*,*,#7535,.F.);
#9766=ORIENTED_EDGE('',*,*,#7536,.F.);
#9767=ORIENTED_EDGE('',*,*,#7537,.F.);
#9768=ORIENTED_EDGE('',*,*,#7536,.T.);
#9769=ORIENTED_EDGE('',*,*,#7538,.F.);
#9770=ORIENTED_EDGE('',*,*,#7539,.F.);
#9771=ORIENTED_EDGE('',*,*,#7540,.F.);
#9772=ORIENTED_EDGE('',*,*,#7539,.T.);
#9773=ORIENTED_EDGE('',*,*,#7541,.F.);
#9774=ORIENTED_EDGE('',*,*,#7542,.F.);
#9775=ORIENTED_EDGE('',*,*,#7543,.F.);
#9776=ORIENTED_EDGE('',*,*,#7542,.T.);
#9777=ORIENTED_EDGE('',*,*,#7544,.F.);
#9778=ORIENTED_EDGE('',*,*,#7545,.F.);
#9779=ORIENTED_EDGE('',*,*,#7546,.F.);
#9780=ORIENTED_EDGE('',*,*,#7545,.T.);
#9781=ORIENTED_EDGE('',*,*,#7547,.F.);
#9782=ORIENTED_EDGE('',*,*,#7548,.F.);
#9783=ORIENTED_EDGE('',*,*,#7549,.F.);
#9784=ORIENTED_EDGE('',*,*,#7548,.T.);
#9785=ORIENTED_EDGE('',*,*,#7550,.F.);
#9786=ORIENTED_EDGE('',*,*,#7551,.F.);
#9787=ORIENTED_EDGE('',*,*,#7552,.F.);
#9788=ORIENTED_EDGE('',*,*,#7551,.T.);
#9789=ORIENTED_EDGE('',*,*,#7553,.F.);
#9790=ORIENTED_EDGE('',*,*,#7554,.F.);
#9791=ORIENTED_EDGE('',*,*,#7555,.F.);
#9792=ORIENTED_EDGE('',*,*,#7554,.T.);
#9793=ORIENTED_EDGE('',*,*,#7556,.F.);
#9794=ORIENTED_EDGE('',*,*,#7557,.F.);
#9795=ORIENTED_EDGE('',*,*,#7558,.F.);
#9796=ORIENTED_EDGE('',*,*,#7557,.T.);
#9797=ORIENTED_EDGE('',*,*,#7559,.F.);
#9798=ORIENTED_EDGE('',*,*,#7560,.F.);
#9799=ORIENTED_EDGE('',*,*,#7561,.F.);
#9800=ORIENTED_EDGE('',*,*,#7560,.T.);
#9801=ORIENTED_EDGE('',*,*,#7562,.F.);
#9802=ORIENTED_EDGE('',*,*,#7563,.F.);
#9803=ORIENTED_EDGE('',*,*,#7564,.F.);
#9804=ORIENTED_EDGE('',*,*,#7563,.T.);
#9805=ORIENTED_EDGE('',*,*,#7565,.F.);
#9806=ORIENTED_EDGE('',*,*,#7566,.F.);
#9807=ORIENTED_EDGE('',*,*,#7567,.F.);
#9808=ORIENTED_EDGE('',*,*,#7566,.T.);
#9809=ORIENTED_EDGE('',*,*,#7568,.F.);
#9810=ORIENTED_EDGE('',*,*,#7569,.F.);
#9811=ORIENTED_EDGE('',*,*,#7570,.F.);
#9812=ORIENTED_EDGE('',*,*,#7569,.T.);
#9813=ORIENTED_EDGE('',*,*,#7571,.F.);
#9814=ORIENTED_EDGE('',*,*,#7572,.F.);
#9815=ORIENTED_EDGE('',*,*,#7573,.F.);
#9816=ORIENTED_EDGE('',*,*,#7572,.T.);
#9817=ORIENTED_EDGE('',*,*,#7574,.F.);
#9818=ORIENTED_EDGE('',*,*,#7575,.F.);
#9819=ORIENTED_EDGE('',*,*,#7576,.F.);
#9820=ORIENTED_EDGE('',*,*,#7575,.T.);
#9821=ORIENTED_EDGE('',*,*,#7577,.F.);
#9822=ORIENTED_EDGE('',*,*,#7578,.F.);
#9823=ORIENTED_EDGE('',*,*,#7579,.F.);
#9824=ORIENTED_EDGE('',*,*,#7578,.T.);
#9825=ORIENTED_EDGE('',*,*,#7580,.F.);
#9826=ORIENTED_EDGE('',*,*,#7581,.F.);
#9827=ORIENTED_EDGE('',*,*,#7582,.F.);
#9828=ORIENTED_EDGE('',*,*,#7581,.T.);
#9829=ORIENTED_EDGE('',*,*,#7583,.F.);
#9830=ORIENTED_EDGE('',*,*,#7584,.F.);
#9831=ORIENTED_EDGE('',*,*,#7585,.F.);
#9832=ORIENTED_EDGE('',*,*,#7584,.T.);
#9833=ORIENTED_EDGE('',*,*,#7586,.F.);
#9834=ORIENTED_EDGE('',*,*,#7587,.F.);
#9835=ORIENTED_EDGE('',*,*,#7588,.F.);
#9836=ORIENTED_EDGE('',*,*,#7587,.T.);
#9837=ORIENTED_EDGE('',*,*,#7589,.F.);
#9838=ORIENTED_EDGE('',*,*,#7590,.F.);
#9839=ORIENTED_EDGE('',*,*,#7591,.F.);
#9840=ORIENTED_EDGE('',*,*,#7590,.T.);
#9841=ORIENTED_EDGE('',*,*,#7592,.F.);
#9842=ORIENTED_EDGE('',*,*,#7593,.F.);
#9843=ORIENTED_EDGE('',*,*,#7594,.F.);
#9844=ORIENTED_EDGE('',*,*,#7593,.T.);
#9845=ORIENTED_EDGE('',*,*,#7595,.F.);
#9846=ORIENTED_EDGE('',*,*,#7596,.F.);
#9847=ORIENTED_EDGE('',*,*,#7597,.F.);
#9848=ORIENTED_EDGE('',*,*,#7596,.T.);
#9849=ORIENTED_EDGE('',*,*,#7598,.F.);
#9850=ORIENTED_EDGE('',*,*,#7348,.F.);
#9851=ORIENTED_EDGE('',*,*,#7598,.T.);
#9852=ORIENTED_EDGE('',*,*,#7595,.T.);
#9853=ORIENTED_EDGE('',*,*,#7592,.T.);
#9854=ORIENTED_EDGE('',*,*,#7589,.T.);
#9855=ORIENTED_EDGE('',*,*,#7586,.T.);
#9856=ORIENTED_EDGE('',*,*,#7583,.T.);
#9857=ORIENTED_EDGE('',*,*,#7580,.T.);
#9858=ORIENTED_EDGE('',*,*,#7577,.T.);
#9859=ORIENTED_EDGE('',*,*,#7574,.T.);
#9860=ORIENTED_EDGE('',*,*,#7571,.T.);
#9861=ORIENTED_EDGE('',*,*,#7568,.T.);
#9862=ORIENTED_EDGE('',*,*,#7565,.T.);
#9863=ORIENTED_EDGE('',*,*,#7562,.T.);
#9864=ORIENTED_EDGE('',*,*,#7559,.T.);
#9865=ORIENTED_EDGE('',*,*,#7556,.T.);
#9866=ORIENTED_EDGE('',*,*,#7553,.T.);
#9867=ORIENTED_EDGE('',*,*,#7550,.T.);
#9868=ORIENTED_EDGE('',*,*,#7547,.T.);
#9869=ORIENTED_EDGE('',*,*,#7544,.T.);
#9870=ORIENTED_EDGE('',*,*,#7541,.T.);
#9871=ORIENTED_EDGE('',*,*,#7538,.T.);
#9872=ORIENTED_EDGE('',*,*,#7535,.T.);
#9873=ORIENTED_EDGE('',*,*,#7532,.T.);
#9874=ORIENTED_EDGE('',*,*,#7529,.T.);
#9875=ORIENTED_EDGE('',*,*,#7526,.T.);
#9876=ORIENTED_EDGE('',*,*,#7523,.T.);
#9877=ORIENTED_EDGE('',*,*,#7520,.T.);
#9878=ORIENTED_EDGE('',*,*,#7517,.T.);
#9879=ORIENTED_EDGE('',*,*,#7514,.T.);
#9880=ORIENTED_EDGE('',*,*,#7511,.T.);
#9881=ORIENTED_EDGE('',*,*,#7508,.T.);
#9882=ORIENTED_EDGE('',*,*,#7505,.T.);
#9883=ORIENTED_EDGE('',*,*,#7502,.T.);
#9884=ORIENTED_EDGE('',*,*,#7499,.T.);
#9885=ORIENTED_EDGE('',*,*,#7496,.T.);
#9886=ORIENTED_EDGE('',*,*,#7493,.T.);
#9887=ORIENTED_EDGE('',*,*,#7490,.T.);
#9888=ORIENTED_EDGE('',*,*,#7487,.T.);
#9889=ORIENTED_EDGE('',*,*,#7484,.T.);
#9890=ORIENTED_EDGE('',*,*,#7481,.T.);
#9891=ORIENTED_EDGE('',*,*,#7478,.T.);
#9892=ORIENTED_EDGE('',*,*,#7475,.T.);
#9893=ORIENTED_EDGE('',*,*,#7472,.T.);
#9894=ORIENTED_EDGE('',*,*,#7469,.T.);
#9895=ORIENTED_EDGE('',*,*,#7466,.T.);
#9896=ORIENTED_EDGE('',*,*,#7463,.T.);
#9897=ORIENTED_EDGE('',*,*,#7460,.T.);
#9898=ORIENTED_EDGE('',*,*,#7457,.T.);
#9899=ORIENTED_EDGE('',*,*,#7454,.T.);
#9900=ORIENTED_EDGE('',*,*,#7451,.T.);
#9901=ORIENTED_EDGE('',*,*,#7448,.T.);
#9902=ORIENTED_EDGE('',*,*,#7445,.T.);
#9903=ORIENTED_EDGE('',*,*,#7442,.T.);
#9904=ORIENTED_EDGE('',*,*,#7439,.T.);
#9905=ORIENTED_EDGE('',*,*,#7436,.T.);
#9906=ORIENTED_EDGE('',*,*,#7433,.T.);
#9907=ORIENTED_EDGE('',*,*,#7430,.T.);
#9908=ORIENTED_EDGE('',*,*,#7427,.T.);
#9909=ORIENTED_EDGE('',*,*,#7424,.T.);
#9910=ORIENTED_EDGE('',*,*,#7421,.T.);
#9911=ORIENTED_EDGE('',*,*,#7418,.T.);
#9912=ORIENTED_EDGE('',*,*,#7415,.T.);
#9913=ORIENTED_EDGE('',*,*,#7412,.T.);
#9914=ORIENTED_EDGE('',*,*,#7409,.T.);
#9915=ORIENTED_EDGE('',*,*,#7406,.T.);
#9916=ORIENTED_EDGE('',*,*,#7403,.T.);
#9917=ORIENTED_EDGE('',*,*,#7400,.T.);
#9918=ORIENTED_EDGE('',*,*,#7397,.T.);
#9919=ORIENTED_EDGE('',*,*,#7394,.T.);
#9920=ORIENTED_EDGE('',*,*,#7391,.T.);
#9921=ORIENTED_EDGE('',*,*,#7388,.T.);
#9922=ORIENTED_EDGE('',*,*,#7385,.T.);
#9923=ORIENTED_EDGE('',*,*,#7382,.T.);
#9924=ORIENTED_EDGE('',*,*,#7379,.T.);
#9925=ORIENTED_EDGE('',*,*,#7376,.T.);
#9926=ORIENTED_EDGE('',*,*,#7373,.T.);
#9927=ORIENTED_EDGE('',*,*,#7370,.T.);
#9928=ORIENTED_EDGE('',*,*,#7367,.T.);
#9929=ORIENTED_EDGE('',*,*,#7364,.T.);
#9930=ORIENTED_EDGE('',*,*,#7361,.T.);
#9931=ORIENTED_EDGE('',*,*,#7358,.T.);
#9932=ORIENTED_EDGE('',*,*,#7355,.T.);
#9933=ORIENTED_EDGE('',*,*,#7352,.T.);
#9934=ORIENTED_EDGE('',*,*,#7349,.T.);
#9935=ORIENTED_EDGE('',*,*,#7346,.T.);
#9936=ORIENTED_EDGE('',*,*,#7343,.T.);
#9937=ORIENTED_EDGE('',*,*,#7340,.T.);
#9938=ORIENTED_EDGE('',*,*,#7337,.T.);
#9939=ORIENTED_EDGE('',*,*,#7334,.T.);
#9940=ORIENTED_EDGE('',*,*,#7331,.T.);
#9941=ORIENTED_EDGE('',*,*,#7328,.T.);
#9942=ORIENTED_EDGE('',*,*,#7325,.T.);
#9943=ORIENTED_EDGE('',*,*,#7322,.T.);
#9944=ORIENTED_EDGE('',*,*,#7319,.T.);
#9945=ORIENTED_EDGE('',*,*,#7316,.T.);
#9946=ORIENTED_EDGE('',*,*,#7313,.T.);
#9947=ORIENTED_EDGE('',*,*,#7310,.T.);
#9948=ORIENTED_EDGE('',*,*,#7307,.T.);
#9949=ORIENTED_EDGE('',*,*,#7304,.T.);
#9950=ORIENTED_EDGE('',*,*,#7301,.T.);
#9951=ORIENTED_EDGE('',*,*,#7298,.T.);
#9952=ORIENTED_EDGE('',*,*,#7295,.T.);
#9953=ORIENTED_EDGE('',*,*,#7292,.T.);
#9954=ORIENTED_EDGE('',*,*,#7289,.T.);
#9955=ORIENTED_EDGE('',*,*,#7286,.T.);
#9956=ORIENTED_EDGE('',*,*,#7283,.T.);
#9957=ORIENTED_EDGE('',*,*,#7280,.T.);
#9958=ORIENTED_EDGE('',*,*,#7277,.T.);
#9959=ORIENTED_EDGE('',*,*,#7274,.T.);
#9960=ORIENTED_EDGE('',*,*,#7271,.T.);
#9961=ORIENTED_EDGE('',*,*,#7268,.T.);
#9962=ORIENTED_EDGE('',*,*,#7265,.T.);
#9963=ORIENTED_EDGE('',*,*,#7262,.T.);
#9964=ORIENTED_EDGE('',*,*,#7259,.T.);
#9965=ORIENTED_EDGE('',*,*,#7256,.T.);
#9966=ORIENTED_EDGE('',*,*,#7253,.T.);
#9967=ORIENTED_EDGE('',*,*,#7250,.T.);
#9968=ORIENTED_EDGE('',*,*,#7247,.T.);
#9969=ORIENTED_EDGE('',*,*,#7244,.T.);
#9970=ORIENTED_EDGE('',*,*,#7241,.T.);
#9971=ORIENTED_EDGE('',*,*,#7238,.T.);
#9972=ORIENTED_EDGE('',*,*,#7235,.T.);
#9973=ORIENTED_EDGE('',*,*,#7232,.T.);
#9974=ORIENTED_EDGE('',*,*,#7229,.T.);
#9975=ORIENTED_EDGE('',*,*,#7226,.T.);
#9976=ORIENTED_EDGE('',*,*,#7223,.T.);
#9977=ORIENTED_EDGE('',*,*,#7220,.T.);
#9978=ORIENTED_EDGE('',*,*,#7217,.T.);
#9979=ORIENTED_EDGE('',*,*,#7214,.T.);
#9980=ORIENTED_EDGE('',*,*,#7211,.T.);
#9981=ORIENTED_EDGE('',*,*,#7208,.T.);
#9982=ORIENTED_EDGE('',*,*,#7205,.T.);
#9983=ORIENTED_EDGE('',*,*,#7202,.T.);
#9984=ORIENTED_EDGE('',*,*,#7199,.T.);
#9985=ORIENTED_EDGE('',*,*,#7196,.T.);
#9986=ORIENTED_EDGE('',*,*,#7193,.T.);
#9987=ORIENTED_EDGE('',*,*,#7190,.T.);
#9988=ORIENTED_EDGE('',*,*,#7187,.T.);
#9989=ORIENTED_EDGE('',*,*,#7184,.T.);
#9990=ORIENTED_EDGE('',*,*,#7181,.T.);
#9991=ORIENTED_EDGE('',*,*,#7178,.T.);
#9992=ORIENTED_EDGE('',*,*,#7175,.T.);
#9993=ORIENTED_EDGE('',*,*,#7172,.T.);
#9994=ORIENTED_EDGE('',*,*,#7169,.T.);
#9995=ORIENTED_EDGE('',*,*,#7166,.T.);
#9996=ORIENTED_EDGE('',*,*,#7163,.T.);
#9997=ORIENTED_EDGE('',*,*,#7160,.T.);
#9998=ORIENTED_EDGE('',*,*,#7157,.T.);
#9999=ORIENTED_EDGE('',*,*,#7154,.T.);
#10000=ORIENTED_EDGE('',*,*,#7151,.T.);
#10001=ORIENTED_EDGE('',*,*,#7148,.T.);
#10002=ORIENTED_EDGE('',*,*,#7145,.T.);
#10003=ORIENTED_EDGE('',*,*,#7142,.T.);
#10004=ORIENTED_EDGE('',*,*,#7139,.T.);
#10005=ORIENTED_EDGE('',*,*,#7136,.T.);
#10006=ORIENTED_EDGE('',*,*,#7133,.T.);
#10007=ORIENTED_EDGE('',*,*,#7130,.T.);
#10008=ORIENTED_EDGE('',*,*,#7127,.T.);
#10009=ORIENTED_EDGE('',*,*,#7124,.T.);
#10010=ORIENTED_EDGE('',*,*,#7121,.T.);
#10011=ORIENTED_EDGE('',*,*,#7118,.T.);
#10012=ORIENTED_EDGE('',*,*,#7115,.T.);
#10013=ORIENTED_EDGE('',*,*,#7112,.T.);
#10014=ORIENTED_EDGE('',*,*,#7109,.T.);
#10015=ORIENTED_EDGE('',*,*,#7597,.T.);
#10016=ORIENTED_EDGE('',*,*,#7347,.T.);
#10017=ORIENTED_EDGE('',*,*,#7351,.T.);
#10018=ORIENTED_EDGE('',*,*,#7354,.T.);
#10019=ORIENTED_EDGE('',*,*,#7357,.T.);
#10020=ORIENTED_EDGE('',*,*,#7360,.T.);
#10021=ORIENTED_EDGE('',*,*,#7363,.T.);
#10022=ORIENTED_EDGE('',*,*,#7366,.T.);
#10023=ORIENTED_EDGE('',*,*,#7369,.T.);
#10024=ORIENTED_EDGE('',*,*,#7372,.T.);
#10025=ORIENTED_EDGE('',*,*,#7375,.T.);
#10026=ORIENTED_EDGE('',*,*,#7378,.T.);
#10027=ORIENTED_EDGE('',*,*,#7381,.T.);
#10028=ORIENTED_EDGE('',*,*,#7384,.T.);
#10029=ORIENTED_EDGE('',*,*,#7387,.T.);
#10030=ORIENTED_EDGE('',*,*,#7390,.T.);
#10031=ORIENTED_EDGE('',*,*,#7393,.T.);
#10032=ORIENTED_EDGE('',*,*,#7396,.T.);
#10033=ORIENTED_EDGE('',*,*,#7399,.T.);
#10034=ORIENTED_EDGE('',*,*,#7402,.T.);
#10035=ORIENTED_EDGE('',*,*,#7405,.T.);
#10036=ORIENTED_EDGE('',*,*,#7408,.T.);
#10037=ORIENTED_EDGE('',*,*,#7411,.T.);
#10038=ORIENTED_EDGE('',*,*,#7414,.T.);
#10039=ORIENTED_EDGE('',*,*,#7417,.T.);
#10040=ORIENTED_EDGE('',*,*,#7420,.T.);
#10041=ORIENTED_EDGE('',*,*,#7423,.T.);
#10042=ORIENTED_EDGE('',*,*,#7426,.T.);
#10043=ORIENTED_EDGE('',*,*,#7429,.T.);
#10044=ORIENTED_EDGE('',*,*,#7432,.T.);
#10045=ORIENTED_EDGE('',*,*,#7435,.T.);
#10046=ORIENTED_EDGE('',*,*,#7438,.T.);
#10047=ORIENTED_EDGE('',*,*,#7441,.T.);
#10048=ORIENTED_EDGE('',*,*,#7444,.T.);
#10049=ORIENTED_EDGE('',*,*,#7447,.T.);
#10050=ORIENTED_EDGE('',*,*,#7450,.T.);
#10051=ORIENTED_EDGE('',*,*,#7453,.T.);
#10052=ORIENTED_EDGE('',*,*,#7456,.T.);
#10053=ORIENTED_EDGE('',*,*,#7459,.T.);
#10054=ORIENTED_EDGE('',*,*,#7462,.T.);
#10055=ORIENTED_EDGE('',*,*,#7465,.T.);
#10056=ORIENTED_EDGE('',*,*,#7468,.T.);
#10057=ORIENTED_EDGE('',*,*,#7471,.T.);
#10058=ORIENTED_EDGE('',*,*,#7474,.T.);
#10059=ORIENTED_EDGE('',*,*,#7477,.T.);
#10060=ORIENTED_EDGE('',*,*,#7480,.T.);
#10061=ORIENTED_EDGE('',*,*,#7483,.T.);
#10062=ORIENTED_EDGE('',*,*,#7486,.T.);
#10063=ORIENTED_EDGE('',*,*,#7489,.T.);
#10064=ORIENTED_EDGE('',*,*,#7492,.T.);
#10065=ORIENTED_EDGE('',*,*,#7495,.T.);
#10066=ORIENTED_EDGE('',*,*,#7498,.T.);
#10067=ORIENTED_EDGE('',*,*,#7501,.T.);
#10068=ORIENTED_EDGE('',*,*,#7504,.T.);
#10069=ORIENTED_EDGE('',*,*,#7507,.T.);
#10070=ORIENTED_EDGE('',*,*,#7510,.T.);
#10071=ORIENTED_EDGE('',*,*,#7513,.T.);
#10072=ORIENTED_EDGE('',*,*,#7516,.T.);
#10073=ORIENTED_EDGE('',*,*,#7519,.T.);
#10074=ORIENTED_EDGE('',*,*,#7522,.T.);
#10075=ORIENTED_EDGE('',*,*,#7525,.T.);
#10076=ORIENTED_EDGE('',*,*,#7528,.T.);
#10077=ORIENTED_EDGE('',*,*,#7531,.T.);
#10078=ORIENTED_EDGE('',*,*,#7534,.T.);
#10079=ORIENTED_EDGE('',*,*,#7537,.T.);
#10080=ORIENTED_EDGE('',*,*,#7540,.T.);
#10081=ORIENTED_EDGE('',*,*,#7543,.T.);
#10082=ORIENTED_EDGE('',*,*,#7546,.T.);
#10083=ORIENTED_EDGE('',*,*,#7549,.T.);
#10084=ORIENTED_EDGE('',*,*,#7552,.T.);
#10085=ORIENTED_EDGE('',*,*,#7555,.T.);
#10086=ORIENTED_EDGE('',*,*,#7558,.T.);
#10087=ORIENTED_EDGE('',*,*,#7561,.T.);
#10088=ORIENTED_EDGE('',*,*,#7564,.T.);
#10089=ORIENTED_EDGE('',*,*,#7567,.T.);
#10090=ORIENTED_EDGE('',*,*,#7570,.T.);
#10091=ORIENTED_EDGE('',*,*,#7573,.T.);
#10092=ORIENTED_EDGE('',*,*,#7576,.T.);
#10093=ORIENTED_EDGE('',*,*,#7579,.T.);
#10094=ORIENTED_EDGE('',*,*,#7582,.T.);
#10095=ORIENTED_EDGE('',*,*,#7585,.T.);
#10096=ORIENTED_EDGE('',*,*,#7588,.T.);
#10097=ORIENTED_EDGE('',*,*,#7591,.T.);
#10098=ORIENTED_EDGE('',*,*,#7594,.T.);
#10099=ORIENTED_EDGE('',*,*,#7345,.F.);
#10100=ORIENTED_EDGE('',*,*,#7287,.F.);
#10101=ORIENTED_EDGE('',*,*,#7291,.F.);
#10102=ORIENTED_EDGE('',*,*,#7294,.F.);
#10103=ORIENTED_EDGE('',*,*,#7297,.F.);
#10104=ORIENTED_EDGE('',*,*,#7300,.F.);
#10105=ORIENTED_EDGE('',*,*,#7303,.F.);
#10106=ORIENTED_EDGE('',*,*,#7306,.F.);
#10107=ORIENTED_EDGE('',*,*,#7309,.F.);
#10108=ORIENTED_EDGE('',*,*,#7312,.F.);
#10109=ORIENTED_EDGE('',*,*,#7315,.F.);
#10110=ORIENTED_EDGE('',*,*,#7318,.F.);
#10111=ORIENTED_EDGE('',*,*,#7321,.F.);
#10112=ORIENTED_EDGE('',*,*,#7324,.F.);
#10113=ORIENTED_EDGE('',*,*,#7327,.F.);
#10114=ORIENTED_EDGE('',*,*,#7330,.F.);
#10115=ORIENTED_EDGE('',*,*,#7333,.F.);
#10116=ORIENTED_EDGE('',*,*,#7336,.F.);
#10117=ORIENTED_EDGE('',*,*,#7339,.F.);
#10118=ORIENTED_EDGE('',*,*,#7342,.F.);
#10119=ORIENTED_EDGE('',*,*,#7285,.F.);
#10120=ORIENTED_EDGE('',*,*,#7227,.F.);
#10121=ORIENTED_EDGE('',*,*,#7231,.F.);
#10122=ORIENTED_EDGE('',*,*,#7234,.F.);
#10123=ORIENTED_EDGE('',*,*,#7237,.F.);
#10124=ORIENTED_EDGE('',*,*,#7240,.F.);
#10125=ORIENTED_EDGE('',*,*,#7243,.F.);
#10126=ORIENTED_EDGE('',*,*,#7246,.F.);
#10127=ORIENTED_EDGE('',*,*,#7249,.F.);
#10128=ORIENTED_EDGE('',*,*,#7252,.F.);
#10129=ORIENTED_EDGE('',*,*,#7255,.F.);
#10130=ORIENTED_EDGE('',*,*,#7258,.F.);
#10131=ORIENTED_EDGE('',*,*,#7261,.F.);
#10132=ORIENTED_EDGE('',*,*,#7264,.F.);
#10133=ORIENTED_EDGE('',*,*,#7267,.F.);
#10134=ORIENTED_EDGE('',*,*,#7270,.F.);
#10135=ORIENTED_EDGE('',*,*,#7273,.F.);
#10136=ORIENTED_EDGE('',*,*,#7276,.F.);
#10137=ORIENTED_EDGE('',*,*,#7279,.F.);
#10138=ORIENTED_EDGE('',*,*,#7282,.F.);
#10139=ORIENTED_EDGE('',*,*,#7225,.F.);
#10140=ORIENTED_EDGE('',*,*,#7167,.F.);
#10141=ORIENTED_EDGE('',*,*,#7171,.F.);
#10142=ORIENTED_EDGE('',*,*,#7174,.F.);
#10143=ORIENTED_EDGE('',*,*,#7177,.F.);
#10144=ORIENTED_EDGE('',*,*,#7180,.F.);
#10145=ORIENTED_EDGE('',*,*,#7183,.F.);
#10146=ORIENTED_EDGE('',*,*,#7186,.F.);
#10147=ORIENTED_EDGE('',*,*,#7189,.F.);
#10148=ORIENTED_EDGE('',*,*,#7192,.F.);
#10149=ORIENTED_EDGE('',*,*,#7195,.F.);
#10150=ORIENTED_EDGE('',*,*,#7198,.F.);
#10151=ORIENTED_EDGE('',*,*,#7201,.F.);
#10152=ORIENTED_EDGE('',*,*,#7204,.F.);
#10153=ORIENTED_EDGE('',*,*,#7207,.F.);
#10154=ORIENTED_EDGE('',*,*,#7210,.F.);
#10155=ORIENTED_EDGE('',*,*,#7213,.F.);
#10156=ORIENTED_EDGE('',*,*,#7216,.F.);
#10157=ORIENTED_EDGE('',*,*,#7219,.F.);
#10158=ORIENTED_EDGE('',*,*,#7222,.F.);
#10159=ORIENTED_EDGE('',*,*,#7165,.F.);
#10160=ORIENTED_EDGE('',*,*,#7107,.F.);
#10161=ORIENTED_EDGE('',*,*,#7111,.F.);
#10162=ORIENTED_EDGE('',*,*,#7114,.F.);
#10163=ORIENTED_EDGE('',*,*,#7117,.F.);
#10164=ORIENTED_EDGE('',*,*,#7120,.F.);
#10165=ORIENTED_EDGE('',*,*,#7123,.F.);
#10166=ORIENTED_EDGE('',*,*,#7126,.F.);
#10167=ORIENTED_EDGE('',*,*,#7129,.F.);
#10168=ORIENTED_EDGE('',*,*,#7132,.F.);
#10169=ORIENTED_EDGE('',*,*,#7135,.F.);
#10170=ORIENTED_EDGE('',*,*,#7138,.F.);
#10171=ORIENTED_EDGE('',*,*,#7141,.F.);
#10172=ORIENTED_EDGE('',*,*,#7144,.F.);
#10173=ORIENTED_EDGE('',*,*,#7147,.F.);
#10174=ORIENTED_EDGE('',*,*,#7150,.F.);
#10175=ORIENTED_EDGE('',*,*,#7153,.F.);
#10176=ORIENTED_EDGE('',*,*,#7156,.F.);
#10177=ORIENTED_EDGE('',*,*,#7159,.F.);
#10178=ORIENTED_EDGE('',*,*,#7162,.F.);
#10179=ORIENTED_EDGE('',*,*,#7599,.T.);
#10180=ORIENTED_EDGE('',*,*,#7600,.T.);
#10181=ORIENTED_EDGE('',*,*,#7601,.T.);
#10182=ORIENTED_EDGE('',*,*,#7602,.T.);
#10183=ORIENTED_EDGE('',*,*,#7601,.F.);
#10184=ORIENTED_EDGE('',*,*,#7603,.T.);
#10185=ORIENTED_EDGE('',*,*,#7604,.F.);
#10186=ORIENTED_EDGE('',*,*,#7605,.T.);
#10187=ORIENTED_EDGE('',*,*,#7606,.F.);
#10188=ORIENTED_EDGE('',*,*,#7607,.T.);
#10189=ORIENTED_EDGE('',*,*,#7608,.F.);
#10190=ORIENTED_EDGE('',*,*,#7609,.T.);
#10191=ORIENTED_EDGE('',*,*,#7600,.F.);
#10192=ORIENTED_EDGE('',*,*,#7610,.F.);
#10193=ORIENTED_EDGE('',*,*,#7611,.F.);
#10194=ORIENTED_EDGE('',*,*,#7603,.F.);
#10195=ORIENTED_EDGE('',*,*,#7612,.T.);
#10196=ORIENTED_EDGE('',*,*,#7613,.T.);
#10197=ORIENTED_EDGE('',*,*,#7604,.T.);
#10198=ORIENTED_EDGE('',*,*,#7611,.T.);
#10199=ORIENTED_EDGE('',*,*,#7614,.T.);
#10200=ORIENTED_EDGE('',*,*,#7615,.T.);
#10201=ORIENTED_EDGE('',*,*,#7608,.T.);
#10202=ORIENTED_EDGE('',*,*,#7616,.T.);
#10203=ORIENTED_EDGE('',*,*,#7616,.F.);
#10204=ORIENTED_EDGE('',*,*,#7607,.F.);
#10205=ORIENTED_EDGE('',*,*,#7617,.F.);
#10206=ORIENTED_EDGE('',*,*,#7618,.F.);
#10207=ORIENTED_EDGE('',*,*,#7619,.T.);
#10208=ORIENTED_EDGE('',*,*,#7617,.T.);
#10209=ORIENTED_EDGE('',*,*,#7606,.T.);
#10210=ORIENTED_EDGE('',*,*,#7620,.T.);
#10211=ORIENTED_EDGE('',*,*,#7602,.F.);
#10212=ORIENTED_EDGE('',*,*,#7609,.F.);
#10213=ORIENTED_EDGE('',*,*,#7615,.F.);
#10214=ORIENTED_EDGE('',*,*,#7621,.F.);
#10215=ORIENTED_EDGE('',*,*,#7613,.F.);
#10216=ORIENTED_EDGE('',*,*,#7622,.F.);
#10217=ORIENTED_EDGE('',*,*,#7620,.F.);
#10218=ORIENTED_EDGE('',*,*,#7605,.F.);
#10219=ORIENTED_EDGE('',*,*,#7599,.F.);
#10220=ORIENTED_EDGE('',*,*,#7621,.T.);
#10221=ORIENTED_EDGE('',*,*,#7614,.F.);
#10222=ORIENTED_EDGE('',*,*,#7618,.T.);
#10223=ORIENTED_EDGE('',*,*,#7619,.F.);
#10224=ORIENTED_EDGE('',*,*,#7622,.T.);
#10225=ORIENTED_EDGE('',*,*,#7612,.F.);
#10226=ORIENTED_EDGE('',*,*,#7610,.T.);
#10227=ORIENTED_EDGE('',*,*,#7623,.T.);
#10228=ORIENTED_EDGE('',*,*,#7624,.T.);
#10229=ORIENTED_EDGE('',*,*,#7625,.F.);
#10230=ORIENTED_EDGE('',*,*,#7626,.F.);
#10231=ORIENTED_EDGE('',*,*,#7627,.T.);
#10232=ORIENTED_EDGE('',*,*,#7626,.T.);
#10233=ORIENTED_EDGE('',*,*,#7628,.F.);
#10234=ORIENTED_EDGE('',*,*,#7629,.F.);
#10235=ORIENTED_EDGE('',*,*,#7630,.T.);
#10236=ORIENTED_EDGE('',*,*,#7629,.T.);
#10237=ORIENTED_EDGE('',*,*,#7631,.F.);
#10238=ORIENTED_EDGE('',*,*,#7632,.F.);
#10239=ORIENTED_EDGE('',*,*,#7633,.T.);
#10240=ORIENTED_EDGE('',*,*,#7632,.T.);
#10241=ORIENTED_EDGE('',*,*,#7634,.F.);
#10242=ORIENTED_EDGE('',*,*,#7635,.F.);
#10243=ORIENTED_EDGE('',*,*,#7636,.T.);
#10244=ORIENTED_EDGE('',*,*,#7635,.T.);
#10245=ORIENTED_EDGE('',*,*,#7637,.F.);
#10246=ORIENTED_EDGE('',*,*,#7638,.F.);
#10247=ORIENTED_EDGE('',*,*,#7639,.T.);
#10248=ORIENTED_EDGE('',*,*,#7638,.T.);
#10249=ORIENTED_EDGE('',*,*,#7640,.F.);
#10250=ORIENTED_EDGE('',*,*,#7641,.F.);
#10251=ORIENTED_EDGE('',*,*,#7642,.T.);
#10252=ORIENTED_EDGE('',*,*,#7641,.T.);
#10253=ORIENTED_EDGE('',*,*,#7643,.F.);
#10254=ORIENTED_EDGE('',*,*,#7644,.F.);
#10255=ORIENTED_EDGE('',*,*,#7645,.T.);
#10256=ORIENTED_EDGE('',*,*,#7644,.T.);
#10257=ORIENTED_EDGE('',*,*,#7646,.F.);
#10258=ORIENTED_EDGE('',*,*,#7647,.F.);
#10259=ORIENTED_EDGE('',*,*,#7648,.T.);
#10260=ORIENTED_EDGE('',*,*,#7647,.T.);
#10261=ORIENTED_EDGE('',*,*,#7649,.F.);
#10262=ORIENTED_EDGE('',*,*,#7650,.F.);
#10263=ORIENTED_EDGE('',*,*,#7651,.T.);
#10264=ORIENTED_EDGE('',*,*,#7650,.T.);
#10265=ORIENTED_EDGE('',*,*,#7652,.F.);
#10266=ORIENTED_EDGE('',*,*,#7653,.F.);
#10267=ORIENTED_EDGE('',*,*,#7654,.T.);
#10268=ORIENTED_EDGE('',*,*,#7653,.T.);
#10269=ORIENTED_EDGE('',*,*,#7655,.F.);
#10270=ORIENTED_EDGE('',*,*,#7656,.F.);
#10271=ORIENTED_EDGE('',*,*,#7657,.T.);
#10272=ORIENTED_EDGE('',*,*,#7656,.T.);
#10273=ORIENTED_EDGE('',*,*,#7658,.F.);
#10274=ORIENTED_EDGE('',*,*,#7659,.F.);
#10275=ORIENTED_EDGE('',*,*,#7660,.T.);
#10276=ORIENTED_EDGE('',*,*,#7659,.T.);
#10277=ORIENTED_EDGE('',*,*,#7661,.F.);
#10278=ORIENTED_EDGE('',*,*,#7662,.F.);
#10279=ORIENTED_EDGE('',*,*,#7663,.T.);
#10280=ORIENTED_EDGE('',*,*,#7662,.T.);
#10281=ORIENTED_EDGE('',*,*,#7664,.F.);
#10282=ORIENTED_EDGE('',*,*,#7665,.F.);
#10283=ORIENTED_EDGE('',*,*,#7666,.T.);
#10284=ORIENTED_EDGE('',*,*,#7665,.T.);
#10285=ORIENTED_EDGE('',*,*,#7667,.F.);
#10286=ORIENTED_EDGE('',*,*,#7668,.F.);
#10287=ORIENTED_EDGE('',*,*,#7669,.T.);
#10288=ORIENTED_EDGE('',*,*,#7668,.T.);
#10289=ORIENTED_EDGE('',*,*,#7670,.F.);
#10290=ORIENTED_EDGE('',*,*,#7671,.F.);
#10291=ORIENTED_EDGE('',*,*,#7672,.T.);
#10292=ORIENTED_EDGE('',*,*,#7671,.T.);
#10293=ORIENTED_EDGE('',*,*,#7673,.F.);
#10294=ORIENTED_EDGE('',*,*,#7674,.F.);
#10295=ORIENTED_EDGE('',*,*,#7675,.T.);
#10296=ORIENTED_EDGE('',*,*,#7674,.T.);
#10297=ORIENTED_EDGE('',*,*,#7676,.F.);
#10298=ORIENTED_EDGE('',*,*,#7677,.F.);
#10299=ORIENTED_EDGE('',*,*,#7678,.T.);
#10300=ORIENTED_EDGE('',*,*,#7677,.T.);
#10301=ORIENTED_EDGE('',*,*,#7679,.F.);
#10302=ORIENTED_EDGE('',*,*,#7680,.F.);
#10303=ORIENTED_EDGE('',*,*,#7681,.T.);
#10304=ORIENTED_EDGE('',*,*,#7680,.T.);
#10305=ORIENTED_EDGE('',*,*,#7682,.F.);
#10306=ORIENTED_EDGE('',*,*,#7624,.F.);
#10307=ORIENTED_EDGE('',*,*,#7683,.T.);
#10308=ORIENTED_EDGE('',*,*,#7684,.T.);
#10309=ORIENTED_EDGE('',*,*,#7685,.F.);
#10310=ORIENTED_EDGE('',*,*,#7686,.F.);
#10311=ORIENTED_EDGE('',*,*,#7687,.T.);
#10312=ORIENTED_EDGE('',*,*,#7686,.T.);
#10313=ORIENTED_EDGE('',*,*,#7688,.F.);
#10314=ORIENTED_EDGE('',*,*,#7689,.F.);
#10315=ORIENTED_EDGE('',*,*,#7690,.T.);
#10316=ORIENTED_EDGE('',*,*,#7689,.T.);
#10317=ORIENTED_EDGE('',*,*,#7691,.F.);
#10318=ORIENTED_EDGE('',*,*,#7692,.F.);
#10319=ORIENTED_EDGE('',*,*,#7693,.T.);
#10320=ORIENTED_EDGE('',*,*,#7692,.T.);
#10321=ORIENTED_EDGE('',*,*,#7694,.F.);
#10322=ORIENTED_EDGE('',*,*,#7695,.F.);
#10323=ORIENTED_EDGE('',*,*,#7696,.T.);
#10324=ORIENTED_EDGE('',*,*,#7695,.T.);
#10325=ORIENTED_EDGE('',*,*,#7697,.F.);
#10326=ORIENTED_EDGE('',*,*,#7698,.F.);
#10327=ORIENTED_EDGE('',*,*,#7699,.T.);
#10328=ORIENTED_EDGE('',*,*,#7698,.T.);
#10329=ORIENTED_EDGE('',*,*,#7700,.F.);
#10330=ORIENTED_EDGE('',*,*,#7701,.F.);
#10331=ORIENTED_EDGE('',*,*,#7702,.T.);
#10332=ORIENTED_EDGE('',*,*,#7701,.T.);
#10333=ORIENTED_EDGE('',*,*,#7703,.F.);
#10334=ORIENTED_EDGE('',*,*,#7704,.F.);
#10335=ORIENTED_EDGE('',*,*,#7705,.T.);
#10336=ORIENTED_EDGE('',*,*,#7704,.T.);
#10337=ORIENTED_EDGE('',*,*,#7706,.F.);
#10338=ORIENTED_EDGE('',*,*,#7707,.F.);
#10339=ORIENTED_EDGE('',*,*,#7708,.T.);
#10340=ORIENTED_EDGE('',*,*,#7707,.T.);
#10341=ORIENTED_EDGE('',*,*,#7709,.F.);
#10342=ORIENTED_EDGE('',*,*,#7710,.F.);
#10343=ORIENTED_EDGE('',*,*,#7711,.T.);
#10344=ORIENTED_EDGE('',*,*,#7710,.T.);
#10345=ORIENTED_EDGE('',*,*,#7712,.F.);
#10346=ORIENTED_EDGE('',*,*,#7713,.F.);
#10347=ORIENTED_EDGE('',*,*,#7714,.T.);
#10348=ORIENTED_EDGE('',*,*,#7713,.T.);
#10349=ORIENTED_EDGE('',*,*,#7715,.F.);
#10350=ORIENTED_EDGE('',*,*,#7716,.F.);
#10351=ORIENTED_EDGE('',*,*,#7717,.T.);
#10352=ORIENTED_EDGE('',*,*,#7716,.T.);
#10353=ORIENTED_EDGE('',*,*,#7718,.F.);
#10354=ORIENTED_EDGE('',*,*,#7719,.F.);
#10355=ORIENTED_EDGE('',*,*,#7720,.T.);
#10356=ORIENTED_EDGE('',*,*,#7719,.T.);
#10357=ORIENTED_EDGE('',*,*,#7721,.F.);
#10358=ORIENTED_EDGE('',*,*,#7722,.F.);
#10359=ORIENTED_EDGE('',*,*,#7723,.T.);
#10360=ORIENTED_EDGE('',*,*,#7722,.T.);
#10361=ORIENTED_EDGE('',*,*,#7724,.F.);
#10362=ORIENTED_EDGE('',*,*,#7725,.F.);
#10363=ORIENTED_EDGE('',*,*,#7726,.T.);
#10364=ORIENTED_EDGE('',*,*,#7725,.T.);
#10365=ORIENTED_EDGE('',*,*,#7727,.F.);
#10366=ORIENTED_EDGE('',*,*,#7728,.F.);
#10367=ORIENTED_EDGE('',*,*,#7729,.T.);
#10368=ORIENTED_EDGE('',*,*,#7728,.T.);
#10369=ORIENTED_EDGE('',*,*,#7730,.F.);
#10370=ORIENTED_EDGE('',*,*,#7731,.F.);
#10371=ORIENTED_EDGE('',*,*,#7732,.T.);
#10372=ORIENTED_EDGE('',*,*,#7731,.T.);
#10373=ORIENTED_EDGE('',*,*,#7733,.F.);
#10374=ORIENTED_EDGE('',*,*,#7734,.F.);
#10375=ORIENTED_EDGE('',*,*,#7735,.T.);
#10376=ORIENTED_EDGE('',*,*,#7734,.T.);
#10377=ORIENTED_EDGE('',*,*,#7736,.F.);
#10378=ORIENTED_EDGE('',*,*,#7737,.F.);
#10379=ORIENTED_EDGE('',*,*,#7738,.T.);
#10380=ORIENTED_EDGE('',*,*,#7737,.T.);
#10381=ORIENTED_EDGE('',*,*,#7739,.F.);
#10382=ORIENTED_EDGE('',*,*,#7740,.F.);
#10383=ORIENTED_EDGE('',*,*,#7741,.T.);
#10384=ORIENTED_EDGE('',*,*,#7740,.T.);
#10385=ORIENTED_EDGE('',*,*,#7742,.F.);
#10386=ORIENTED_EDGE('',*,*,#7684,.F.);
#10387=ORIENTED_EDGE('',*,*,#7743,.T.);
#10388=ORIENTED_EDGE('',*,*,#7744,.T.);
#10389=ORIENTED_EDGE('',*,*,#7745,.F.);
#10390=ORIENTED_EDGE('',*,*,#7746,.F.);
#10391=ORIENTED_EDGE('',*,*,#7747,.T.);
#10392=ORIENTED_EDGE('',*,*,#7746,.T.);
#10393=ORIENTED_EDGE('',*,*,#7748,.F.);
#10394=ORIENTED_EDGE('',*,*,#7749,.F.);
#10395=ORIENTED_EDGE('',*,*,#7750,.T.);
#10396=ORIENTED_EDGE('',*,*,#7749,.T.);
#10397=ORIENTED_EDGE('',*,*,#7751,.F.);
#10398=ORIENTED_EDGE('',*,*,#7752,.F.);
#10399=ORIENTED_EDGE('',*,*,#7753,.T.);
#10400=ORIENTED_EDGE('',*,*,#7752,.T.);
#10401=ORIENTED_EDGE('',*,*,#7754,.F.);
#10402=ORIENTED_EDGE('',*,*,#7755,.F.);
#10403=ORIENTED_EDGE('',*,*,#7756,.T.);
#10404=ORIENTED_EDGE('',*,*,#7755,.T.);
#10405=ORIENTED_EDGE('',*,*,#7757,.F.);
#10406=ORIENTED_EDGE('',*,*,#7758,.F.);
#10407=ORIENTED_EDGE('',*,*,#7759,.T.);
#10408=ORIENTED_EDGE('',*,*,#7758,.T.);
#10409=ORIENTED_EDGE('',*,*,#7760,.F.);
#10410=ORIENTED_EDGE('',*,*,#7761,.F.);
#10411=ORIENTED_EDGE('',*,*,#7762,.T.);
#10412=ORIENTED_EDGE('',*,*,#7761,.T.);
#10413=ORIENTED_EDGE('',*,*,#7763,.F.);
#10414=ORIENTED_EDGE('',*,*,#7764,.F.);
#10415=ORIENTED_EDGE('',*,*,#7765,.T.);
#10416=ORIENTED_EDGE('',*,*,#7764,.T.);
#10417=ORIENTED_EDGE('',*,*,#7766,.F.);
#10418=ORIENTED_EDGE('',*,*,#7767,.F.);
#10419=ORIENTED_EDGE('',*,*,#7768,.T.);
#10420=ORIENTED_EDGE('',*,*,#7767,.T.);
#10421=ORIENTED_EDGE('',*,*,#7769,.F.);
#10422=ORIENTED_EDGE('',*,*,#7770,.F.);
#10423=ORIENTED_EDGE('',*,*,#7771,.T.);
#10424=ORIENTED_EDGE('',*,*,#7770,.T.);
#10425=ORIENTED_EDGE('',*,*,#7772,.F.);
#10426=ORIENTED_EDGE('',*,*,#7773,.F.);
#10427=ORIENTED_EDGE('',*,*,#7774,.T.);
#10428=ORIENTED_EDGE('',*,*,#7773,.T.);
#10429=ORIENTED_EDGE('',*,*,#7775,.F.);
#10430=ORIENTED_EDGE('',*,*,#7776,.F.);
#10431=ORIENTED_EDGE('',*,*,#7777,.T.);
#10432=ORIENTED_EDGE('',*,*,#7776,.T.);
#10433=ORIENTED_EDGE('',*,*,#7778,.F.);
#10434=ORIENTED_EDGE('',*,*,#7779,.F.);
#10435=ORIENTED_EDGE('',*,*,#7780,.T.);
#10436=ORIENTED_EDGE('',*,*,#7779,.T.);
#10437=ORIENTED_EDGE('',*,*,#7781,.F.);
#10438=ORIENTED_EDGE('',*,*,#7782,.F.);
#10439=ORIENTED_EDGE('',*,*,#7783,.T.);
#10440=ORIENTED_EDGE('',*,*,#7782,.T.);
#10441=ORIENTED_EDGE('',*,*,#7784,.F.);
#10442=ORIENTED_EDGE('',*,*,#7785,.F.);
#10443=ORIENTED_EDGE('',*,*,#7786,.T.);
#10444=ORIENTED_EDGE('',*,*,#7785,.T.);
#10445=ORIENTED_EDGE('',*,*,#7787,.F.);
#10446=ORIENTED_EDGE('',*,*,#7788,.F.);
#10447=ORIENTED_EDGE('',*,*,#7789,.T.);
#10448=ORIENTED_EDGE('',*,*,#7788,.T.);
#10449=ORIENTED_EDGE('',*,*,#7790,.F.);
#10450=ORIENTED_EDGE('',*,*,#7791,.F.);
#10451=ORIENTED_EDGE('',*,*,#7792,.T.);
#10452=ORIENTED_EDGE('',*,*,#7791,.T.);
#10453=ORIENTED_EDGE('',*,*,#7793,.F.);
#10454=ORIENTED_EDGE('',*,*,#7794,.F.);
#10455=ORIENTED_EDGE('',*,*,#7795,.T.);
#10456=ORIENTED_EDGE('',*,*,#7794,.T.);
#10457=ORIENTED_EDGE('',*,*,#7796,.F.);
#10458=ORIENTED_EDGE('',*,*,#7797,.F.);
#10459=ORIENTED_EDGE('',*,*,#7798,.T.);
#10460=ORIENTED_EDGE('',*,*,#7797,.T.);
#10461=ORIENTED_EDGE('',*,*,#7799,.F.);
#10462=ORIENTED_EDGE('',*,*,#7800,.F.);
#10463=ORIENTED_EDGE('',*,*,#7801,.T.);
#10464=ORIENTED_EDGE('',*,*,#7800,.T.);
#10465=ORIENTED_EDGE('',*,*,#7802,.F.);
#10466=ORIENTED_EDGE('',*,*,#7744,.F.);
#10467=ORIENTED_EDGE('',*,*,#7803,.T.);
#10468=ORIENTED_EDGE('',*,*,#7804,.T.);
#10469=ORIENTED_EDGE('',*,*,#7805,.F.);
#10470=ORIENTED_EDGE('',*,*,#7806,.F.);
#10471=ORIENTED_EDGE('',*,*,#7807,.T.);
#10472=ORIENTED_EDGE('',*,*,#7806,.T.);
#10473=ORIENTED_EDGE('',*,*,#7808,.F.);
#10474=ORIENTED_EDGE('',*,*,#7809,.F.);
#10475=ORIENTED_EDGE('',*,*,#7810,.T.);
#10476=ORIENTED_EDGE('',*,*,#7809,.T.);
#10477=ORIENTED_EDGE('',*,*,#7811,.F.);
#10478=ORIENTED_EDGE('',*,*,#7812,.F.);
#10479=ORIENTED_EDGE('',*,*,#7813,.T.);
#10480=ORIENTED_EDGE('',*,*,#7812,.T.);
#10481=ORIENTED_EDGE('',*,*,#7814,.F.);
#10482=ORIENTED_EDGE('',*,*,#7815,.F.);
#10483=ORIENTED_EDGE('',*,*,#7816,.T.);
#10484=ORIENTED_EDGE('',*,*,#7815,.T.);
#10485=ORIENTED_EDGE('',*,*,#7817,.F.);
#10486=ORIENTED_EDGE('',*,*,#7818,.F.);
#10487=ORIENTED_EDGE('',*,*,#7819,.T.);
#10488=ORIENTED_EDGE('',*,*,#7818,.T.);
#10489=ORIENTED_EDGE('',*,*,#7820,.F.);
#10490=ORIENTED_EDGE('',*,*,#7821,.F.);
#10491=ORIENTED_EDGE('',*,*,#7822,.T.);
#10492=ORIENTED_EDGE('',*,*,#7821,.T.);
#10493=ORIENTED_EDGE('',*,*,#7823,.F.);
#10494=ORIENTED_EDGE('',*,*,#7824,.F.);
#10495=ORIENTED_EDGE('',*,*,#7825,.T.);
#10496=ORIENTED_EDGE('',*,*,#7824,.T.);
#10497=ORIENTED_EDGE('',*,*,#7826,.F.);
#10498=ORIENTED_EDGE('',*,*,#7827,.F.);
#10499=ORIENTED_EDGE('',*,*,#7828,.T.);
#10500=ORIENTED_EDGE('',*,*,#7827,.T.);
#10501=ORIENTED_EDGE('',*,*,#7829,.F.);
#10502=ORIENTED_EDGE('',*,*,#7830,.F.);
#10503=ORIENTED_EDGE('',*,*,#7831,.T.);
#10504=ORIENTED_EDGE('',*,*,#7830,.T.);
#10505=ORIENTED_EDGE('',*,*,#7832,.F.);
#10506=ORIENTED_EDGE('',*,*,#7833,.F.);
#10507=ORIENTED_EDGE('',*,*,#7834,.T.);
#10508=ORIENTED_EDGE('',*,*,#7833,.T.);
#10509=ORIENTED_EDGE('',*,*,#7835,.F.);
#10510=ORIENTED_EDGE('',*,*,#7836,.F.);
#10511=ORIENTED_EDGE('',*,*,#7837,.T.);
#10512=ORIENTED_EDGE('',*,*,#7836,.T.);
#10513=ORIENTED_EDGE('',*,*,#7838,.F.);
#10514=ORIENTED_EDGE('',*,*,#7839,.F.);
#10515=ORIENTED_EDGE('',*,*,#7840,.T.);
#10516=ORIENTED_EDGE('',*,*,#7839,.T.);
#10517=ORIENTED_EDGE('',*,*,#7841,.F.);
#10518=ORIENTED_EDGE('',*,*,#7842,.F.);
#10519=ORIENTED_EDGE('',*,*,#7843,.T.);
#10520=ORIENTED_EDGE('',*,*,#7842,.T.);
#10521=ORIENTED_EDGE('',*,*,#7844,.F.);
#10522=ORIENTED_EDGE('',*,*,#7845,.F.);
#10523=ORIENTED_EDGE('',*,*,#7846,.T.);
#10524=ORIENTED_EDGE('',*,*,#7845,.T.);
#10525=ORIENTED_EDGE('',*,*,#7847,.F.);
#10526=ORIENTED_EDGE('',*,*,#7848,.F.);
#10527=ORIENTED_EDGE('',*,*,#7849,.T.);
#10528=ORIENTED_EDGE('',*,*,#7848,.T.);
#10529=ORIENTED_EDGE('',*,*,#7850,.F.);
#10530=ORIENTED_EDGE('',*,*,#7851,.F.);
#10531=ORIENTED_EDGE('',*,*,#7852,.T.);
#10532=ORIENTED_EDGE('',*,*,#7851,.T.);
#10533=ORIENTED_EDGE('',*,*,#7853,.F.);
#10534=ORIENTED_EDGE('',*,*,#7854,.F.);
#10535=ORIENTED_EDGE('',*,*,#7855,.T.);
#10536=ORIENTED_EDGE('',*,*,#7854,.T.);
#10537=ORIENTED_EDGE('',*,*,#7856,.F.);
#10538=ORIENTED_EDGE('',*,*,#7857,.F.);
#10539=ORIENTED_EDGE('',*,*,#7858,.T.);
#10540=ORIENTED_EDGE('',*,*,#7857,.T.);
#10541=ORIENTED_EDGE('',*,*,#7859,.F.);
#10542=ORIENTED_EDGE('',*,*,#7860,.F.);
#10543=ORIENTED_EDGE('',*,*,#7861,.T.);
#10544=ORIENTED_EDGE('',*,*,#7860,.T.);
#10545=ORIENTED_EDGE('',*,*,#7862,.F.);
#10546=ORIENTED_EDGE('',*,*,#7804,.F.);
#10547=ORIENTED_EDGE('',*,*,#7863,.F.);
#10548=ORIENTED_EDGE('',*,*,#7864,.T.);
#10549=ORIENTED_EDGE('',*,*,#7865,.F.);
#10550=ORIENTED_EDGE('',*,*,#7866,.F.);
#10551=ORIENTED_EDGE('',*,*,#7867,.F.);
#10552=ORIENTED_EDGE('',*,*,#7866,.T.);
#10553=ORIENTED_EDGE('',*,*,#7868,.F.);
#10554=ORIENTED_EDGE('',*,*,#7869,.F.);
#10555=ORIENTED_EDGE('',*,*,#7870,.F.);
#10556=ORIENTED_EDGE('',*,*,#7869,.T.);
#10557=ORIENTED_EDGE('',*,*,#7871,.F.);
#10558=ORIENTED_EDGE('',*,*,#7872,.F.);
#10559=ORIENTED_EDGE('',*,*,#7873,.F.);
#10560=ORIENTED_EDGE('',*,*,#7872,.T.);
#10561=ORIENTED_EDGE('',*,*,#7874,.F.);
#10562=ORIENTED_EDGE('',*,*,#7875,.F.);
#10563=ORIENTED_EDGE('',*,*,#7876,.F.);
#10564=ORIENTED_EDGE('',*,*,#7875,.T.);
#10565=ORIENTED_EDGE('',*,*,#7877,.F.);
#10566=ORIENTED_EDGE('',*,*,#7878,.F.);
#10567=ORIENTED_EDGE('',*,*,#7879,.F.);
#10568=ORIENTED_EDGE('',*,*,#7878,.T.);
#10569=ORIENTED_EDGE('',*,*,#7880,.F.);
#10570=ORIENTED_EDGE('',*,*,#7881,.F.);
#10571=ORIENTED_EDGE('',*,*,#7882,.F.);
#10572=ORIENTED_EDGE('',*,*,#7881,.T.);
#10573=ORIENTED_EDGE('',*,*,#7883,.F.);
#10574=ORIENTED_EDGE('',*,*,#7884,.F.);
#10575=ORIENTED_EDGE('',*,*,#7885,.F.);
#10576=ORIENTED_EDGE('',*,*,#7884,.T.);
#10577=ORIENTED_EDGE('',*,*,#7886,.F.);
#10578=ORIENTED_EDGE('',*,*,#7887,.F.);
#10579=ORIENTED_EDGE('',*,*,#7888,.F.);
#10580=ORIENTED_EDGE('',*,*,#7887,.T.);
#10581=ORIENTED_EDGE('',*,*,#7889,.F.);
#10582=ORIENTED_EDGE('',*,*,#7890,.F.);
#10583=ORIENTED_EDGE('',*,*,#7891,.F.);
#10584=ORIENTED_EDGE('',*,*,#7890,.T.);
#10585=ORIENTED_EDGE('',*,*,#7892,.F.);
#10586=ORIENTED_EDGE('',*,*,#7893,.F.);
#10587=ORIENTED_EDGE('',*,*,#7894,.F.);
#10588=ORIENTED_EDGE('',*,*,#7893,.T.);
#10589=ORIENTED_EDGE('',*,*,#7895,.F.);
#10590=ORIENTED_EDGE('',*,*,#7896,.F.);
#10591=ORIENTED_EDGE('',*,*,#7897,.F.);
#10592=ORIENTED_EDGE('',*,*,#7896,.T.);
#10593=ORIENTED_EDGE('',*,*,#7898,.F.);
#10594=ORIENTED_EDGE('',*,*,#7899,.F.);
#10595=ORIENTED_EDGE('',*,*,#7900,.F.);
#10596=ORIENTED_EDGE('',*,*,#7899,.T.);
#10597=ORIENTED_EDGE('',*,*,#7901,.F.);
#10598=ORIENTED_EDGE('',*,*,#7902,.F.);
#10599=ORIENTED_EDGE('',*,*,#7903,.F.);
#10600=ORIENTED_EDGE('',*,*,#7902,.T.);
#10601=ORIENTED_EDGE('',*,*,#7904,.F.);
#10602=ORIENTED_EDGE('',*,*,#7905,.F.);
#10603=ORIENTED_EDGE('',*,*,#7906,.F.);
#10604=ORIENTED_EDGE('',*,*,#7905,.T.);
#10605=ORIENTED_EDGE('',*,*,#7907,.F.);
#10606=ORIENTED_EDGE('',*,*,#7908,.F.);
#10607=ORIENTED_EDGE('',*,*,#7909,.F.);
#10608=ORIENTED_EDGE('',*,*,#7908,.T.);
#10609=ORIENTED_EDGE('',*,*,#7910,.F.);
#10610=ORIENTED_EDGE('',*,*,#7911,.F.);
#10611=ORIENTED_EDGE('',*,*,#7912,.F.);
#10612=ORIENTED_EDGE('',*,*,#7911,.T.);
#10613=ORIENTED_EDGE('',*,*,#7913,.F.);
#10614=ORIENTED_EDGE('',*,*,#7914,.F.);
#10615=ORIENTED_EDGE('',*,*,#7915,.F.);
#10616=ORIENTED_EDGE('',*,*,#7914,.T.);
#10617=ORIENTED_EDGE('',*,*,#7916,.F.);
#10618=ORIENTED_EDGE('',*,*,#7917,.F.);
#10619=ORIENTED_EDGE('',*,*,#7918,.F.);
#10620=ORIENTED_EDGE('',*,*,#7917,.T.);
#10621=ORIENTED_EDGE('',*,*,#7919,.F.);
#10622=ORIENTED_EDGE('',*,*,#7920,.F.);
#10623=ORIENTED_EDGE('',*,*,#7921,.F.);
#10624=ORIENTED_EDGE('',*,*,#7920,.T.);
#10625=ORIENTED_EDGE('',*,*,#7922,.F.);
#10626=ORIENTED_EDGE('',*,*,#7923,.F.);
#10627=ORIENTED_EDGE('',*,*,#7924,.F.);
#10628=ORIENTED_EDGE('',*,*,#7923,.T.);
#10629=ORIENTED_EDGE('',*,*,#7925,.F.);
#10630=ORIENTED_EDGE('',*,*,#7926,.F.);
#10631=ORIENTED_EDGE('',*,*,#7927,.F.);
#10632=ORIENTED_EDGE('',*,*,#7926,.T.);
#10633=ORIENTED_EDGE('',*,*,#7928,.F.);
#10634=ORIENTED_EDGE('',*,*,#7929,.F.);
#10635=ORIENTED_EDGE('',*,*,#7930,.F.);
#10636=ORIENTED_EDGE('',*,*,#7929,.T.);
#10637=ORIENTED_EDGE('',*,*,#7931,.F.);
#10638=ORIENTED_EDGE('',*,*,#7932,.F.);
#10639=ORIENTED_EDGE('',*,*,#7933,.F.);
#10640=ORIENTED_EDGE('',*,*,#7932,.T.);
#10641=ORIENTED_EDGE('',*,*,#7934,.F.);
#10642=ORIENTED_EDGE('',*,*,#7935,.F.);
#10643=ORIENTED_EDGE('',*,*,#7936,.F.);
#10644=ORIENTED_EDGE('',*,*,#7935,.T.);
#10645=ORIENTED_EDGE('',*,*,#7937,.F.);
#10646=ORIENTED_EDGE('',*,*,#7938,.F.);
#10647=ORIENTED_EDGE('',*,*,#7939,.F.);
#10648=ORIENTED_EDGE('',*,*,#7938,.T.);
#10649=ORIENTED_EDGE('',*,*,#7940,.F.);
#10650=ORIENTED_EDGE('',*,*,#7941,.F.);
#10651=ORIENTED_EDGE('',*,*,#7942,.F.);
#10652=ORIENTED_EDGE('',*,*,#7941,.T.);
#10653=ORIENTED_EDGE('',*,*,#7943,.F.);
#10654=ORIENTED_EDGE('',*,*,#7944,.F.);
#10655=ORIENTED_EDGE('',*,*,#7945,.F.);
#10656=ORIENTED_EDGE('',*,*,#7944,.T.);
#10657=ORIENTED_EDGE('',*,*,#7946,.F.);
#10658=ORIENTED_EDGE('',*,*,#7947,.F.);
#10659=ORIENTED_EDGE('',*,*,#7948,.F.);
#10660=ORIENTED_EDGE('',*,*,#7947,.T.);
#10661=ORIENTED_EDGE('',*,*,#7949,.F.);
#10662=ORIENTED_EDGE('',*,*,#7950,.F.);
#10663=ORIENTED_EDGE('',*,*,#7951,.F.);
#10664=ORIENTED_EDGE('',*,*,#7950,.T.);
#10665=ORIENTED_EDGE('',*,*,#7952,.F.);
#10666=ORIENTED_EDGE('',*,*,#7953,.F.);
#10667=ORIENTED_EDGE('',*,*,#7954,.F.);
#10668=ORIENTED_EDGE('',*,*,#7953,.T.);
#10669=ORIENTED_EDGE('',*,*,#7955,.F.);
#10670=ORIENTED_EDGE('',*,*,#7956,.F.);
#10671=ORIENTED_EDGE('',*,*,#7957,.F.);
#10672=ORIENTED_EDGE('',*,*,#7956,.T.);
#10673=ORIENTED_EDGE('',*,*,#7958,.F.);
#10674=ORIENTED_EDGE('',*,*,#7959,.F.);
#10675=ORIENTED_EDGE('',*,*,#7960,.F.);
#10676=ORIENTED_EDGE('',*,*,#7959,.T.);
#10677=ORIENTED_EDGE('',*,*,#7961,.F.);
#10678=ORIENTED_EDGE('',*,*,#7962,.F.);
#10679=ORIENTED_EDGE('',*,*,#7963,.F.);
#10680=ORIENTED_EDGE('',*,*,#7962,.T.);
#10681=ORIENTED_EDGE('',*,*,#7964,.F.);
#10682=ORIENTED_EDGE('',*,*,#7965,.F.);
#10683=ORIENTED_EDGE('',*,*,#7966,.F.);
#10684=ORIENTED_EDGE('',*,*,#7965,.T.);
#10685=ORIENTED_EDGE('',*,*,#7967,.F.);
#10686=ORIENTED_EDGE('',*,*,#7968,.F.);
#10687=ORIENTED_EDGE('',*,*,#7969,.F.);
#10688=ORIENTED_EDGE('',*,*,#7968,.T.);
#10689=ORIENTED_EDGE('',*,*,#7970,.F.);
#10690=ORIENTED_EDGE('',*,*,#7971,.F.);
#10691=ORIENTED_EDGE('',*,*,#7972,.F.);
#10692=ORIENTED_EDGE('',*,*,#7971,.T.);
#10693=ORIENTED_EDGE('',*,*,#7973,.F.);
#10694=ORIENTED_EDGE('',*,*,#7974,.F.);
#10695=ORIENTED_EDGE('',*,*,#7975,.F.);
#10696=ORIENTED_EDGE('',*,*,#7974,.T.);
#10697=ORIENTED_EDGE('',*,*,#7976,.F.);
#10698=ORIENTED_EDGE('',*,*,#7977,.F.);
#10699=ORIENTED_EDGE('',*,*,#7978,.F.);
#10700=ORIENTED_EDGE('',*,*,#7977,.T.);
#10701=ORIENTED_EDGE('',*,*,#7979,.F.);
#10702=ORIENTED_EDGE('',*,*,#7980,.F.);
#10703=ORIENTED_EDGE('',*,*,#7981,.F.);
#10704=ORIENTED_EDGE('',*,*,#7980,.T.);
#10705=ORIENTED_EDGE('',*,*,#7982,.F.);
#10706=ORIENTED_EDGE('',*,*,#7983,.F.);
#10707=ORIENTED_EDGE('',*,*,#7984,.F.);
#10708=ORIENTED_EDGE('',*,*,#7983,.T.);
#10709=ORIENTED_EDGE('',*,*,#7985,.F.);
#10710=ORIENTED_EDGE('',*,*,#7986,.F.);
#10711=ORIENTED_EDGE('',*,*,#7987,.F.);
#10712=ORIENTED_EDGE('',*,*,#7986,.T.);
#10713=ORIENTED_EDGE('',*,*,#7988,.F.);
#10714=ORIENTED_EDGE('',*,*,#7989,.F.);
#10715=ORIENTED_EDGE('',*,*,#7990,.F.);
#10716=ORIENTED_EDGE('',*,*,#7989,.T.);
#10717=ORIENTED_EDGE('',*,*,#7991,.F.);
#10718=ORIENTED_EDGE('',*,*,#7992,.F.);
#10719=ORIENTED_EDGE('',*,*,#7993,.F.);
#10720=ORIENTED_EDGE('',*,*,#7992,.T.);
#10721=ORIENTED_EDGE('',*,*,#7994,.F.);
#10722=ORIENTED_EDGE('',*,*,#7995,.F.);
#10723=ORIENTED_EDGE('',*,*,#7996,.F.);
#10724=ORIENTED_EDGE('',*,*,#7995,.T.);
#10725=ORIENTED_EDGE('',*,*,#7997,.F.);
#10726=ORIENTED_EDGE('',*,*,#7998,.F.);
#10727=ORIENTED_EDGE('',*,*,#7999,.F.);
#10728=ORIENTED_EDGE('',*,*,#7998,.T.);
#10729=ORIENTED_EDGE('',*,*,#8000,.F.);
#10730=ORIENTED_EDGE('',*,*,#8001,.F.);
#10731=ORIENTED_EDGE('',*,*,#8002,.F.);
#10732=ORIENTED_EDGE('',*,*,#8001,.T.);
#10733=ORIENTED_EDGE('',*,*,#8003,.F.);
#10734=ORIENTED_EDGE('',*,*,#8004,.F.);
#10735=ORIENTED_EDGE('',*,*,#8005,.F.);
#10736=ORIENTED_EDGE('',*,*,#8004,.T.);
#10737=ORIENTED_EDGE('',*,*,#8006,.F.);
#10738=ORIENTED_EDGE('',*,*,#8007,.F.);
#10739=ORIENTED_EDGE('',*,*,#8008,.F.);
#10740=ORIENTED_EDGE('',*,*,#8007,.T.);
#10741=ORIENTED_EDGE('',*,*,#8009,.F.);
#10742=ORIENTED_EDGE('',*,*,#8010,.F.);
#10743=ORIENTED_EDGE('',*,*,#8011,.F.);
#10744=ORIENTED_EDGE('',*,*,#8010,.T.);
#10745=ORIENTED_EDGE('',*,*,#8012,.F.);
#10746=ORIENTED_EDGE('',*,*,#8013,.F.);
#10747=ORIENTED_EDGE('',*,*,#8014,.F.);
#10748=ORIENTED_EDGE('',*,*,#8013,.T.);
#10749=ORIENTED_EDGE('',*,*,#8015,.F.);
#10750=ORIENTED_EDGE('',*,*,#8016,.F.);
#10751=ORIENTED_EDGE('',*,*,#8017,.F.);
#10752=ORIENTED_EDGE('',*,*,#8016,.T.);
#10753=ORIENTED_EDGE('',*,*,#8018,.F.);
#10754=ORIENTED_EDGE('',*,*,#8019,.F.);
#10755=ORIENTED_EDGE('',*,*,#8020,.F.);
#10756=ORIENTED_EDGE('',*,*,#8019,.T.);
#10757=ORIENTED_EDGE('',*,*,#8021,.F.);
#10758=ORIENTED_EDGE('',*,*,#8022,.F.);
#10759=ORIENTED_EDGE('',*,*,#8023,.F.);
#10760=ORIENTED_EDGE('',*,*,#8022,.T.);
#10761=ORIENTED_EDGE('',*,*,#8024,.F.);
#10762=ORIENTED_EDGE('',*,*,#8025,.F.);
#10763=ORIENTED_EDGE('',*,*,#8026,.F.);
#10764=ORIENTED_EDGE('',*,*,#8025,.T.);
#10765=ORIENTED_EDGE('',*,*,#8027,.F.);
#10766=ORIENTED_EDGE('',*,*,#8028,.F.);
#10767=ORIENTED_EDGE('',*,*,#8029,.F.);
#10768=ORIENTED_EDGE('',*,*,#8028,.T.);
#10769=ORIENTED_EDGE('',*,*,#8030,.F.);
#10770=ORIENTED_EDGE('',*,*,#8031,.F.);
#10771=ORIENTED_EDGE('',*,*,#8032,.F.);
#10772=ORIENTED_EDGE('',*,*,#8031,.T.);
#10773=ORIENTED_EDGE('',*,*,#8033,.F.);
#10774=ORIENTED_EDGE('',*,*,#8034,.F.);
#10775=ORIENTED_EDGE('',*,*,#8035,.F.);
#10776=ORIENTED_EDGE('',*,*,#8034,.T.);
#10777=ORIENTED_EDGE('',*,*,#8036,.F.);
#10778=ORIENTED_EDGE('',*,*,#8037,.F.);
#10779=ORIENTED_EDGE('',*,*,#8038,.F.);
#10780=ORIENTED_EDGE('',*,*,#8037,.T.);
#10781=ORIENTED_EDGE('',*,*,#8039,.F.);
#10782=ORIENTED_EDGE('',*,*,#8040,.F.);
#10783=ORIENTED_EDGE('',*,*,#8041,.F.);
#10784=ORIENTED_EDGE('',*,*,#8040,.T.);
#10785=ORIENTED_EDGE('',*,*,#8042,.F.);
#10786=ORIENTED_EDGE('',*,*,#8043,.F.);
#10787=ORIENTED_EDGE('',*,*,#8044,.F.);
#10788=ORIENTED_EDGE('',*,*,#8043,.T.);
#10789=ORIENTED_EDGE('',*,*,#8045,.F.);
#10790=ORIENTED_EDGE('',*,*,#8046,.F.);
#10791=ORIENTED_EDGE('',*,*,#8047,.F.);
#10792=ORIENTED_EDGE('',*,*,#8046,.T.);
#10793=ORIENTED_EDGE('',*,*,#8048,.F.);
#10794=ORIENTED_EDGE('',*,*,#8049,.F.);
#10795=ORIENTED_EDGE('',*,*,#8050,.F.);
#10796=ORIENTED_EDGE('',*,*,#8049,.T.);
#10797=ORIENTED_EDGE('',*,*,#8051,.F.);
#10798=ORIENTED_EDGE('',*,*,#8052,.F.);
#10799=ORIENTED_EDGE('',*,*,#8053,.F.);
#10800=ORIENTED_EDGE('',*,*,#8052,.T.);
#10801=ORIENTED_EDGE('',*,*,#8054,.F.);
#10802=ORIENTED_EDGE('',*,*,#8055,.F.);
#10803=ORIENTED_EDGE('',*,*,#8056,.F.);
#10804=ORIENTED_EDGE('',*,*,#8055,.T.);
#10805=ORIENTED_EDGE('',*,*,#8057,.F.);
#10806=ORIENTED_EDGE('',*,*,#8058,.F.);
#10807=ORIENTED_EDGE('',*,*,#8059,.F.);
#10808=ORIENTED_EDGE('',*,*,#8058,.T.);
#10809=ORIENTED_EDGE('',*,*,#8060,.F.);
#10810=ORIENTED_EDGE('',*,*,#8061,.F.);
#10811=ORIENTED_EDGE('',*,*,#8062,.F.);
#10812=ORIENTED_EDGE('',*,*,#8061,.T.);
#10813=ORIENTED_EDGE('',*,*,#8063,.F.);
#10814=ORIENTED_EDGE('',*,*,#8064,.F.);
#10815=ORIENTED_EDGE('',*,*,#8065,.F.);
#10816=ORIENTED_EDGE('',*,*,#8064,.T.);
#10817=ORIENTED_EDGE('',*,*,#8066,.F.);
#10818=ORIENTED_EDGE('',*,*,#8067,.F.);
#10819=ORIENTED_EDGE('',*,*,#8068,.F.);
#10820=ORIENTED_EDGE('',*,*,#8067,.T.);
#10821=ORIENTED_EDGE('',*,*,#8069,.F.);
#10822=ORIENTED_EDGE('',*,*,#8070,.F.);
#10823=ORIENTED_EDGE('',*,*,#8071,.F.);
#10824=ORIENTED_EDGE('',*,*,#8070,.T.);
#10825=ORIENTED_EDGE('',*,*,#8072,.F.);
#10826=ORIENTED_EDGE('',*,*,#8073,.F.);
#10827=ORIENTED_EDGE('',*,*,#8074,.F.);
#10828=ORIENTED_EDGE('',*,*,#8073,.T.);
#10829=ORIENTED_EDGE('',*,*,#8075,.F.);
#10830=ORIENTED_EDGE('',*,*,#8076,.F.);
#10831=ORIENTED_EDGE('',*,*,#8077,.F.);
#10832=ORIENTED_EDGE('',*,*,#8076,.T.);
#10833=ORIENTED_EDGE('',*,*,#8078,.F.);
#10834=ORIENTED_EDGE('',*,*,#8079,.F.);
#10835=ORIENTED_EDGE('',*,*,#8080,.F.);
#10836=ORIENTED_EDGE('',*,*,#8079,.T.);
#10837=ORIENTED_EDGE('',*,*,#8081,.F.);
#10838=ORIENTED_EDGE('',*,*,#8082,.F.);
#10839=ORIENTED_EDGE('',*,*,#8083,.F.);
#10840=ORIENTED_EDGE('',*,*,#8082,.T.);
#10841=ORIENTED_EDGE('',*,*,#8084,.F.);
#10842=ORIENTED_EDGE('',*,*,#8085,.F.);
#10843=ORIENTED_EDGE('',*,*,#8086,.F.);
#10844=ORIENTED_EDGE('',*,*,#8085,.T.);
#10845=ORIENTED_EDGE('',*,*,#8087,.F.);
#10846=ORIENTED_EDGE('',*,*,#8088,.F.);
#10847=ORIENTED_EDGE('',*,*,#8089,.F.);
#10848=ORIENTED_EDGE('',*,*,#8088,.T.);
#10849=ORIENTED_EDGE('',*,*,#8090,.F.);
#10850=ORIENTED_EDGE('',*,*,#8091,.F.);
#10851=ORIENTED_EDGE('',*,*,#8092,.F.);
#10852=ORIENTED_EDGE('',*,*,#8091,.T.);
#10853=ORIENTED_EDGE('',*,*,#8093,.F.);
#10854=ORIENTED_EDGE('',*,*,#8094,.F.);
#10855=ORIENTED_EDGE('',*,*,#8095,.F.);
#10856=ORIENTED_EDGE('',*,*,#8094,.T.);
#10857=ORIENTED_EDGE('',*,*,#8096,.F.);
#10858=ORIENTED_EDGE('',*,*,#8097,.F.);
#10859=ORIENTED_EDGE('',*,*,#8098,.F.);
#10860=ORIENTED_EDGE('',*,*,#8097,.T.);
#10861=ORIENTED_EDGE('',*,*,#8099,.F.);
#10862=ORIENTED_EDGE('',*,*,#8100,.F.);
#10863=ORIENTED_EDGE('',*,*,#8101,.F.);
#10864=ORIENTED_EDGE('',*,*,#8100,.T.);
#10865=ORIENTED_EDGE('',*,*,#8102,.F.);
#10866=ORIENTED_EDGE('',*,*,#8103,.F.);
#10867=ORIENTED_EDGE('',*,*,#8104,.F.);
#10868=ORIENTED_EDGE('',*,*,#8103,.T.);
#10869=ORIENTED_EDGE('',*,*,#8105,.F.);
#10870=ORIENTED_EDGE('',*,*,#8106,.F.);
#10871=ORIENTED_EDGE('',*,*,#8107,.F.);
#10872=ORIENTED_EDGE('',*,*,#8106,.T.);
#10873=ORIENTED_EDGE('',*,*,#8108,.F.);
#10874=ORIENTED_EDGE('',*,*,#8109,.F.);
#10875=ORIENTED_EDGE('',*,*,#8110,.F.);
#10876=ORIENTED_EDGE('',*,*,#8109,.T.);
#10877=ORIENTED_EDGE('',*,*,#8111,.F.);
#10878=ORIENTED_EDGE('',*,*,#8112,.F.);
#10879=ORIENTED_EDGE('',*,*,#8113,.F.);
#10880=ORIENTED_EDGE('',*,*,#8112,.T.);
#10881=ORIENTED_EDGE('',*,*,#8114,.F.);
#10882=ORIENTED_EDGE('',*,*,#8115,.F.);
#10883=ORIENTED_EDGE('',*,*,#8116,.F.);
#10884=ORIENTED_EDGE('',*,*,#8115,.T.);
#10885=ORIENTED_EDGE('',*,*,#8117,.F.);
#10886=ORIENTED_EDGE('',*,*,#8118,.F.);
#10887=ORIENTED_EDGE('',*,*,#8119,.F.);
#10888=ORIENTED_EDGE('',*,*,#8118,.T.);
#10889=ORIENTED_EDGE('',*,*,#8120,.F.);
#10890=ORIENTED_EDGE('',*,*,#8121,.F.);
#10891=ORIENTED_EDGE('',*,*,#8122,.F.);
#10892=ORIENTED_EDGE('',*,*,#8121,.T.);
#10893=ORIENTED_EDGE('',*,*,#8123,.F.);
#10894=ORIENTED_EDGE('',*,*,#8124,.F.);
#10895=ORIENTED_EDGE('',*,*,#8125,.F.);
#10896=ORIENTED_EDGE('',*,*,#8124,.T.);
#10897=ORIENTED_EDGE('',*,*,#8126,.F.);
#10898=ORIENTED_EDGE('',*,*,#8127,.F.);
#10899=ORIENTED_EDGE('',*,*,#8128,.F.);
#10900=ORIENTED_EDGE('',*,*,#8127,.T.);
#10901=ORIENTED_EDGE('',*,*,#8129,.F.);
#10902=ORIENTED_EDGE('',*,*,#8130,.F.);
#10903=ORIENTED_EDGE('',*,*,#8131,.F.);
#10904=ORIENTED_EDGE('',*,*,#8130,.T.);
#10905=ORIENTED_EDGE('',*,*,#8132,.F.);
#10906=ORIENTED_EDGE('',*,*,#8133,.F.);
#10907=ORIENTED_EDGE('',*,*,#8134,.F.);
#10908=ORIENTED_EDGE('',*,*,#8133,.T.);
#10909=ORIENTED_EDGE('',*,*,#8135,.F.);
#10910=ORIENTED_EDGE('',*,*,#8136,.F.);
#10911=ORIENTED_EDGE('',*,*,#8137,.F.);
#10912=ORIENTED_EDGE('',*,*,#8136,.T.);
#10913=ORIENTED_EDGE('',*,*,#8138,.F.);
#10914=ORIENTED_EDGE('',*,*,#7864,.F.);
#10915=ORIENTED_EDGE('',*,*,#8138,.T.);
#10916=ORIENTED_EDGE('',*,*,#8135,.T.);
#10917=ORIENTED_EDGE('',*,*,#8132,.T.);
#10918=ORIENTED_EDGE('',*,*,#8129,.T.);
#10919=ORIENTED_EDGE('',*,*,#8126,.T.);
#10920=ORIENTED_EDGE('',*,*,#8123,.T.);
#10921=ORIENTED_EDGE('',*,*,#8120,.T.);
#10922=ORIENTED_EDGE('',*,*,#8117,.T.);
#10923=ORIENTED_EDGE('',*,*,#8114,.T.);
#10924=ORIENTED_EDGE('',*,*,#8111,.T.);
#10925=ORIENTED_EDGE('',*,*,#8108,.T.);
#10926=ORIENTED_EDGE('',*,*,#8105,.T.);
#10927=ORIENTED_EDGE('',*,*,#8102,.T.);
#10928=ORIENTED_EDGE('',*,*,#8099,.T.);
#10929=ORIENTED_EDGE('',*,*,#8096,.T.);
#10930=ORIENTED_EDGE('',*,*,#8093,.T.);
#10931=ORIENTED_EDGE('',*,*,#8090,.T.);
#10932=ORIENTED_EDGE('',*,*,#8087,.T.);
#10933=ORIENTED_EDGE('',*,*,#8084,.T.);
#10934=ORIENTED_EDGE('',*,*,#8081,.T.);
#10935=ORIENTED_EDGE('',*,*,#8078,.T.);
#10936=ORIENTED_EDGE('',*,*,#8075,.T.);
#10937=ORIENTED_EDGE('',*,*,#8072,.T.);
#10938=ORIENTED_EDGE('',*,*,#8069,.T.);
#10939=ORIENTED_EDGE('',*,*,#8066,.T.);
#10940=ORIENTED_EDGE('',*,*,#8063,.T.);
#10941=ORIENTED_EDGE('',*,*,#8060,.T.);
#10942=ORIENTED_EDGE('',*,*,#8057,.T.);
#10943=ORIENTED_EDGE('',*,*,#8054,.T.);
#10944=ORIENTED_EDGE('',*,*,#8051,.T.);
#10945=ORIENTED_EDGE('',*,*,#8048,.T.);
#10946=ORIENTED_EDGE('',*,*,#8045,.T.);
#10947=ORIENTED_EDGE('',*,*,#8042,.T.);
#10948=ORIENTED_EDGE('',*,*,#8039,.T.);
#10949=ORIENTED_EDGE('',*,*,#8036,.T.);
#10950=ORIENTED_EDGE('',*,*,#8033,.T.);
#10951=ORIENTED_EDGE('',*,*,#8030,.T.);
#10952=ORIENTED_EDGE('',*,*,#8027,.T.);
#10953=ORIENTED_EDGE('',*,*,#8024,.T.);
#10954=ORIENTED_EDGE('',*,*,#8021,.T.);
#10955=ORIENTED_EDGE('',*,*,#8018,.T.);
#10956=ORIENTED_EDGE('',*,*,#8015,.T.);
#10957=ORIENTED_EDGE('',*,*,#8012,.T.);
#10958=ORIENTED_EDGE('',*,*,#8009,.T.);
#10959=ORIENTED_EDGE('',*,*,#8006,.T.);
#10960=ORIENTED_EDGE('',*,*,#8003,.T.);
#10961=ORIENTED_EDGE('',*,*,#8000,.T.);
#10962=ORIENTED_EDGE('',*,*,#7997,.T.);
#10963=ORIENTED_EDGE('',*,*,#7994,.T.);
#10964=ORIENTED_EDGE('',*,*,#7991,.T.);
#10965=ORIENTED_EDGE('',*,*,#7988,.T.);
#10966=ORIENTED_EDGE('',*,*,#7985,.T.);
#10967=ORIENTED_EDGE('',*,*,#7982,.T.);
#10968=ORIENTED_EDGE('',*,*,#7979,.T.);
#10969=ORIENTED_EDGE('',*,*,#7976,.T.);
#10970=ORIENTED_EDGE('',*,*,#7973,.T.);
#10971=ORIENTED_EDGE('',*,*,#7970,.T.);
#10972=ORIENTED_EDGE('',*,*,#7967,.T.);
#10973=ORIENTED_EDGE('',*,*,#7964,.T.);
#10974=ORIENTED_EDGE('',*,*,#7961,.T.);
#10975=ORIENTED_EDGE('',*,*,#7958,.T.);
#10976=ORIENTED_EDGE('',*,*,#7955,.T.);
#10977=ORIENTED_EDGE('',*,*,#7952,.T.);
#10978=ORIENTED_EDGE('',*,*,#7949,.T.);
#10979=ORIENTED_EDGE('',*,*,#7946,.T.);
#10980=ORIENTED_EDGE('',*,*,#7943,.T.);
#10981=ORIENTED_EDGE('',*,*,#7940,.T.);
#10982=ORIENTED_EDGE('',*,*,#7937,.T.);
#10983=ORIENTED_EDGE('',*,*,#7934,.T.);
#10984=ORIENTED_EDGE('',*,*,#7931,.T.);
#10985=ORIENTED_EDGE('',*,*,#7928,.T.);
#10986=ORIENTED_EDGE('',*,*,#7925,.T.);
#10987=ORIENTED_EDGE('',*,*,#7922,.T.);
#10988=ORIENTED_EDGE('',*,*,#7919,.T.);
#10989=ORIENTED_EDGE('',*,*,#7916,.T.);
#10990=ORIENTED_EDGE('',*,*,#7913,.T.);
#10991=ORIENTED_EDGE('',*,*,#7910,.T.);
#10992=ORIENTED_EDGE('',*,*,#7907,.T.);
#10993=ORIENTED_EDGE('',*,*,#7904,.T.);
#10994=ORIENTED_EDGE('',*,*,#7901,.T.);
#10995=ORIENTED_EDGE('',*,*,#7898,.T.);
#10996=ORIENTED_EDGE('',*,*,#7895,.T.);
#10997=ORIENTED_EDGE('',*,*,#7892,.T.);
#10998=ORIENTED_EDGE('',*,*,#7889,.T.);
#10999=ORIENTED_EDGE('',*,*,#7886,.T.);
#11000=ORIENTED_EDGE('',*,*,#7883,.T.);
#11001=ORIENTED_EDGE('',*,*,#7880,.T.);
#11002=ORIENTED_EDGE('',*,*,#7877,.T.);
#11003=ORIENTED_EDGE('',*,*,#7874,.T.);
#11004=ORIENTED_EDGE('',*,*,#7871,.T.);
#11005=ORIENTED_EDGE('',*,*,#7868,.T.);
#11006=ORIENTED_EDGE('',*,*,#7865,.T.);
#11007=ORIENTED_EDGE('',*,*,#7862,.T.);
#11008=ORIENTED_EDGE('',*,*,#7859,.T.);
#11009=ORIENTED_EDGE('',*,*,#7856,.T.);
#11010=ORIENTED_EDGE('',*,*,#7853,.T.);
#11011=ORIENTED_EDGE('',*,*,#7850,.T.);
#11012=ORIENTED_EDGE('',*,*,#7847,.T.);
#11013=ORIENTED_EDGE('',*,*,#7844,.T.);
#11014=ORIENTED_EDGE('',*,*,#7841,.T.);
#11015=ORIENTED_EDGE('',*,*,#7838,.T.);
#11016=ORIENTED_EDGE('',*,*,#7835,.T.);
#11017=ORIENTED_EDGE('',*,*,#7832,.T.);
#11018=ORIENTED_EDGE('',*,*,#7829,.T.);
#11019=ORIENTED_EDGE('',*,*,#7826,.T.);
#11020=ORIENTED_EDGE('',*,*,#7823,.T.);
#11021=ORIENTED_EDGE('',*,*,#7820,.T.);
#11022=ORIENTED_EDGE('',*,*,#7817,.T.);
#11023=ORIENTED_EDGE('',*,*,#7814,.T.);
#11024=ORIENTED_EDGE('',*,*,#7811,.T.);
#11025=ORIENTED_EDGE('',*,*,#7808,.T.);
#11026=ORIENTED_EDGE('',*,*,#7805,.T.);
#11027=ORIENTED_EDGE('',*,*,#7802,.T.);
#11028=ORIENTED_EDGE('',*,*,#7799,.T.);
#11029=ORIENTED_EDGE('',*,*,#7796,.T.);
#11030=ORIENTED_EDGE('',*,*,#7793,.T.);
#11031=ORIENTED_EDGE('',*,*,#7790,.T.);
#11032=ORIENTED_EDGE('',*,*,#7787,.T.);
#11033=ORIENTED_EDGE('',*,*,#7784,.T.);
#11034=ORIENTED_EDGE('',*,*,#7781,.T.);
#11035=ORIENTED_EDGE('',*,*,#7778,.T.);
#11036=ORIENTED_EDGE('',*,*,#7775,.T.);
#11037=ORIENTED_EDGE('',*,*,#7772,.T.);
#11038=ORIENTED_EDGE('',*,*,#7769,.T.);
#11039=ORIENTED_EDGE('',*,*,#7766,.T.);
#11040=ORIENTED_EDGE('',*,*,#7763,.T.);
#11041=ORIENTED_EDGE('',*,*,#7760,.T.);
#11042=ORIENTED_EDGE('',*,*,#7757,.T.);
#11043=ORIENTED_EDGE('',*,*,#7754,.T.);
#11044=ORIENTED_EDGE('',*,*,#7751,.T.);
#11045=ORIENTED_EDGE('',*,*,#7748,.T.);
#11046=ORIENTED_EDGE('',*,*,#7745,.T.);
#11047=ORIENTED_EDGE('',*,*,#7742,.T.);
#11048=ORIENTED_EDGE('',*,*,#7739,.T.);
#11049=ORIENTED_EDGE('',*,*,#7736,.T.);
#11050=ORIENTED_EDGE('',*,*,#7733,.T.);
#11051=ORIENTED_EDGE('',*,*,#7730,.T.);
#11052=ORIENTED_EDGE('',*,*,#7727,.T.);
#11053=ORIENTED_EDGE('',*,*,#7724,.T.);
#11054=ORIENTED_EDGE('',*,*,#7721,.T.);
#11055=ORIENTED_EDGE('',*,*,#7718,.T.);
#11056=ORIENTED_EDGE('',*,*,#7715,.T.);
#11057=ORIENTED_EDGE('',*,*,#7712,.T.);
#11058=ORIENTED_EDGE('',*,*,#7709,.T.);
#11059=ORIENTED_EDGE('',*,*,#7706,.T.);
#11060=ORIENTED_EDGE('',*,*,#7703,.T.);
#11061=ORIENTED_EDGE('',*,*,#7700,.T.);
#11062=ORIENTED_EDGE('',*,*,#7697,.T.);
#11063=ORIENTED_EDGE('',*,*,#7694,.T.);
#11064=ORIENTED_EDGE('',*,*,#7691,.T.);
#11065=ORIENTED_EDGE('',*,*,#7688,.T.);
#11066=ORIENTED_EDGE('',*,*,#7685,.T.);
#11067=ORIENTED_EDGE('',*,*,#7682,.T.);
#11068=ORIENTED_EDGE('',*,*,#7679,.T.);
#11069=ORIENTED_EDGE('',*,*,#7676,.T.);
#11070=ORIENTED_EDGE('',*,*,#7673,.T.);
#11071=ORIENTED_EDGE('',*,*,#7670,.T.);
#11072=ORIENTED_EDGE('',*,*,#7667,.T.);
#11073=ORIENTED_EDGE('',*,*,#7664,.T.);
#11074=ORIENTED_EDGE('',*,*,#7661,.T.);
#11075=ORIENTED_EDGE('',*,*,#7658,.T.);
#11076=ORIENTED_EDGE('',*,*,#7655,.T.);
#11077=ORIENTED_EDGE('',*,*,#7652,.T.);
#11078=ORIENTED_EDGE('',*,*,#7649,.T.);
#11079=ORIENTED_EDGE('',*,*,#7646,.T.);
#11080=ORIENTED_EDGE('',*,*,#7643,.T.);
#11081=ORIENTED_EDGE('',*,*,#7640,.T.);
#11082=ORIENTED_EDGE('',*,*,#7637,.T.);
#11083=ORIENTED_EDGE('',*,*,#7634,.T.);
#11084=ORIENTED_EDGE('',*,*,#7631,.T.);
#11085=ORIENTED_EDGE('',*,*,#7628,.T.);
#11086=ORIENTED_EDGE('',*,*,#7625,.T.);
#11087=ORIENTED_EDGE('',*,*,#8137,.T.);
#11088=ORIENTED_EDGE('',*,*,#7863,.T.);
#11089=ORIENTED_EDGE('',*,*,#7867,.T.);
#11090=ORIENTED_EDGE('',*,*,#7870,.T.);
#11091=ORIENTED_EDGE('',*,*,#7873,.T.);
#11092=ORIENTED_EDGE('',*,*,#7876,.T.);
#11093=ORIENTED_EDGE('',*,*,#7879,.T.);
#11094=ORIENTED_EDGE('',*,*,#7882,.T.);
#11095=ORIENTED_EDGE('',*,*,#7885,.T.);
#11096=ORIENTED_EDGE('',*,*,#7888,.T.);
#11097=ORIENTED_EDGE('',*,*,#7891,.T.);
#11098=ORIENTED_EDGE('',*,*,#7894,.T.);
#11099=ORIENTED_EDGE('',*,*,#7897,.T.);
#11100=ORIENTED_EDGE('',*,*,#7900,.T.);
#11101=ORIENTED_EDGE('',*,*,#7903,.T.);
#11102=ORIENTED_EDGE('',*,*,#7906,.T.);
#11103=ORIENTED_EDGE('',*,*,#7909,.T.);
#11104=ORIENTED_EDGE('',*,*,#7912,.T.);
#11105=ORIENTED_EDGE('',*,*,#7915,.T.);
#11106=ORIENTED_EDGE('',*,*,#7918,.T.);
#11107=ORIENTED_EDGE('',*,*,#7921,.T.);
#11108=ORIENTED_EDGE('',*,*,#7924,.T.);
#11109=ORIENTED_EDGE('',*,*,#7927,.T.);
#11110=ORIENTED_EDGE('',*,*,#7930,.T.);
#11111=ORIENTED_EDGE('',*,*,#7933,.T.);
#11112=ORIENTED_EDGE('',*,*,#7936,.T.);
#11113=ORIENTED_EDGE('',*,*,#7939,.T.);
#11114=ORIENTED_EDGE('',*,*,#7942,.T.);
#11115=ORIENTED_EDGE('',*,*,#7945,.T.);
#11116=ORIENTED_EDGE('',*,*,#7948,.T.);
#11117=ORIENTED_EDGE('',*,*,#7951,.T.);
#11118=ORIENTED_EDGE('',*,*,#7954,.T.);
#11119=ORIENTED_EDGE('',*,*,#7957,.T.);
#11120=ORIENTED_EDGE('',*,*,#7960,.T.);
#11121=ORIENTED_EDGE('',*,*,#7963,.T.);
#11122=ORIENTED_EDGE('',*,*,#7966,.T.);
#11123=ORIENTED_EDGE('',*,*,#7969,.T.);
#11124=ORIENTED_EDGE('',*,*,#7972,.T.);
#11125=ORIENTED_EDGE('',*,*,#7975,.T.);
#11126=ORIENTED_EDGE('',*,*,#7978,.T.);
#11127=ORIENTED_EDGE('',*,*,#7981,.T.);
#11128=ORIENTED_EDGE('',*,*,#7984,.T.);
#11129=ORIENTED_EDGE('',*,*,#7987,.T.);
#11130=ORIENTED_EDGE('',*,*,#7990,.T.);
#11131=ORIENTED_EDGE('',*,*,#7993,.T.);
#11132=ORIENTED_EDGE('',*,*,#7996,.T.);
#11133=ORIENTED_EDGE('',*,*,#7999,.T.);
#11134=ORIENTED_EDGE('',*,*,#8002,.T.);
#11135=ORIENTED_EDGE('',*,*,#8005,.T.);
#11136=ORIENTED_EDGE('',*,*,#8008,.T.);
#11137=ORIENTED_EDGE('',*,*,#8011,.T.);
#11138=ORIENTED_EDGE('',*,*,#8014,.T.);
#11139=ORIENTED_EDGE('',*,*,#8017,.T.);
#11140=ORIENTED_EDGE('',*,*,#8020,.T.);
#11141=ORIENTED_EDGE('',*,*,#8023,.T.);
#11142=ORIENTED_EDGE('',*,*,#8026,.T.);
#11143=ORIENTED_EDGE('',*,*,#8029,.T.);
#11144=ORIENTED_EDGE('',*,*,#8032,.T.);
#11145=ORIENTED_EDGE('',*,*,#8035,.T.);
#11146=ORIENTED_EDGE('',*,*,#8038,.T.);
#11147=ORIENTED_EDGE('',*,*,#8041,.T.);
#11148=ORIENTED_EDGE('',*,*,#8044,.T.);
#11149=ORIENTED_EDGE('',*,*,#8047,.T.);
#11150=ORIENTED_EDGE('',*,*,#8050,.T.);
#11151=ORIENTED_EDGE('',*,*,#8053,.T.);
#11152=ORIENTED_EDGE('',*,*,#8056,.T.);
#11153=ORIENTED_EDGE('',*,*,#8059,.T.);
#11154=ORIENTED_EDGE('',*,*,#8062,.T.);
#11155=ORIENTED_EDGE('',*,*,#8065,.T.);
#11156=ORIENTED_EDGE('',*,*,#8068,.T.);
#11157=ORIENTED_EDGE('',*,*,#8071,.T.);
#11158=ORIENTED_EDGE('',*,*,#8074,.T.);
#11159=ORIENTED_EDGE('',*,*,#8077,.T.);
#11160=ORIENTED_EDGE('',*,*,#8080,.T.);
#11161=ORIENTED_EDGE('',*,*,#8083,.T.);
#11162=ORIENTED_EDGE('',*,*,#8086,.T.);
#11163=ORIENTED_EDGE('',*,*,#8089,.T.);
#11164=ORIENTED_EDGE('',*,*,#8092,.T.);
#11165=ORIENTED_EDGE('',*,*,#8095,.T.);
#11166=ORIENTED_EDGE('',*,*,#8098,.T.);
#11167=ORIENTED_EDGE('',*,*,#8101,.T.);
#11168=ORIENTED_EDGE('',*,*,#8104,.T.);
#11169=ORIENTED_EDGE('',*,*,#8107,.T.);
#11170=ORIENTED_EDGE('',*,*,#8110,.T.);
#11171=ORIENTED_EDGE('',*,*,#8113,.T.);
#11172=ORIENTED_EDGE('',*,*,#8116,.T.);
#11173=ORIENTED_EDGE('',*,*,#8119,.T.);
#11174=ORIENTED_EDGE('',*,*,#8122,.T.);
#11175=ORIENTED_EDGE('',*,*,#8125,.T.);
#11176=ORIENTED_EDGE('',*,*,#8128,.T.);
#11177=ORIENTED_EDGE('',*,*,#8131,.T.);
#11178=ORIENTED_EDGE('',*,*,#8134,.T.);
#11179=ORIENTED_EDGE('',*,*,#7861,.F.);
#11180=ORIENTED_EDGE('',*,*,#7803,.F.);
#11181=ORIENTED_EDGE('',*,*,#7807,.F.);
#11182=ORIENTED_EDGE('',*,*,#7810,.F.);
#11183=ORIENTED_EDGE('',*,*,#7813,.F.);
#11184=ORIENTED_EDGE('',*,*,#7816,.F.);
#11185=ORIENTED_EDGE('',*,*,#7819,.F.);
#11186=ORIENTED_EDGE('',*,*,#7822,.F.);
#11187=ORIENTED_EDGE('',*,*,#7825,.F.);
#11188=ORIENTED_EDGE('',*,*,#7828,.F.);
#11189=ORIENTED_EDGE('',*,*,#7831,.F.);
#11190=ORIENTED_EDGE('',*,*,#7834,.F.);
#11191=ORIENTED_EDGE('',*,*,#7837,.F.);
#11192=ORIENTED_EDGE('',*,*,#7840,.F.);
#11193=ORIENTED_EDGE('',*,*,#7843,.F.);
#11194=ORIENTED_EDGE('',*,*,#7846,.F.);
#11195=ORIENTED_EDGE('',*,*,#7849,.F.);
#11196=ORIENTED_EDGE('',*,*,#7852,.F.);
#11197=ORIENTED_EDGE('',*,*,#7855,.F.);
#11198=ORIENTED_EDGE('',*,*,#7858,.F.);
#11199=ORIENTED_EDGE('',*,*,#7801,.F.);
#11200=ORIENTED_EDGE('',*,*,#7743,.F.);
#11201=ORIENTED_EDGE('',*,*,#7747,.F.);
#11202=ORIENTED_EDGE('',*,*,#7750,.F.);
#11203=ORIENTED_EDGE('',*,*,#7753,.F.);
#11204=ORIENTED_EDGE('',*,*,#7756,.F.);
#11205=ORIENTED_EDGE('',*,*,#7759,.F.);
#11206=ORIENTED_EDGE('',*,*,#7762,.F.);
#11207=ORIENTED_EDGE('',*,*,#7765,.F.);
#11208=ORIENTED_EDGE('',*,*,#7768,.F.);
#11209=ORIENTED_EDGE('',*,*,#7771,.F.);
#11210=ORIENTED_EDGE('',*,*,#7774,.F.);
#11211=ORIENTED_EDGE('',*,*,#7777,.F.);
#11212=ORIENTED_EDGE('',*,*,#7780,.F.);
#11213=ORIENTED_EDGE('',*,*,#7783,.F.);
#11214=ORIENTED_EDGE('',*,*,#7786,.F.);
#11215=ORIENTED_EDGE('',*,*,#7789,.F.);
#11216=ORIENTED_EDGE('',*,*,#7792,.F.);
#11217=ORIENTED_EDGE('',*,*,#7795,.F.);
#11218=ORIENTED_EDGE('',*,*,#7798,.F.);
#11219=ORIENTED_EDGE('',*,*,#7741,.F.);
#11220=ORIENTED_EDGE('',*,*,#7683,.F.);
#11221=ORIENTED_EDGE('',*,*,#7687,.F.);
#11222=ORIENTED_EDGE('',*,*,#7690,.F.);
#11223=ORIENTED_EDGE('',*,*,#7693,.F.);
#11224=ORIENTED_EDGE('',*,*,#7696,.F.);
#11225=ORIENTED_EDGE('',*,*,#7699,.F.);
#11226=ORIENTED_EDGE('',*,*,#7702,.F.);
#11227=ORIENTED_EDGE('',*,*,#7705,.F.);
#11228=ORIENTED_EDGE('',*,*,#7708,.F.);
#11229=ORIENTED_EDGE('',*,*,#7711,.F.);
#11230=ORIENTED_EDGE('',*,*,#7714,.F.);
#11231=ORIENTED_EDGE('',*,*,#7717,.F.);
#11232=ORIENTED_EDGE('',*,*,#7720,.F.);
#11233=ORIENTED_EDGE('',*,*,#7723,.F.);
#11234=ORIENTED_EDGE('',*,*,#7726,.F.);
#11235=ORIENTED_EDGE('',*,*,#7729,.F.);
#11236=ORIENTED_EDGE('',*,*,#7732,.F.);
#11237=ORIENTED_EDGE('',*,*,#7735,.F.);
#11238=ORIENTED_EDGE('',*,*,#7738,.F.);
#11239=ORIENTED_EDGE('',*,*,#7681,.F.);
#11240=ORIENTED_EDGE('',*,*,#7623,.F.);
#11241=ORIENTED_EDGE('',*,*,#7627,.F.);
#11242=ORIENTED_EDGE('',*,*,#7630,.F.);
#11243=ORIENTED_EDGE('',*,*,#7633,.F.);
#11244=ORIENTED_EDGE('',*,*,#7636,.F.);
#11245=ORIENTED_EDGE('',*,*,#7639,.F.);
#11246=ORIENTED_EDGE('',*,*,#7642,.F.);
#11247=ORIENTED_EDGE('',*,*,#7645,.F.);
#11248=ORIENTED_EDGE('',*,*,#7648,.F.);
#11249=ORIENTED_EDGE('',*,*,#7651,.F.);
#11250=ORIENTED_EDGE('',*,*,#7654,.F.);
#11251=ORIENTED_EDGE('',*,*,#7657,.F.);
#11252=ORIENTED_EDGE('',*,*,#7660,.F.);
#11253=ORIENTED_EDGE('',*,*,#7663,.F.);
#11254=ORIENTED_EDGE('',*,*,#7666,.F.);
#11255=ORIENTED_EDGE('',*,*,#7669,.F.);
#11256=ORIENTED_EDGE('',*,*,#7672,.F.);
#11257=ORIENTED_EDGE('',*,*,#7675,.F.);
#11258=ORIENTED_EDGE('',*,*,#7678,.F.);
#11259=ORIENTED_EDGE('',*,*,#8139,.F.);
#11260=ORIENTED_EDGE('',*,*,#8140,.T.);
#11261=ORIENTED_EDGE('',*,*,#8141,.F.);
#11262=ORIENTED_EDGE('',*,*,#8142,.F.);
#11263=ORIENTED_EDGE('',*,*,#8143,.F.);
#11264=ORIENTED_EDGE('',*,*,#8144,.T.);
#11265=ORIENTED_EDGE('',*,*,#8145,.F.);
#11266=ORIENTED_EDGE('',*,*,#8140,.F.);
#11267=ORIENTED_EDGE('',*,*,#8146,.F.);
#11268=ORIENTED_EDGE('',*,*,#8147,.T.);
#11269=ORIENTED_EDGE('',*,*,#8148,.F.);
#11270=ORIENTED_EDGE('',*,*,#8144,.F.);
#11271=ORIENTED_EDGE('',*,*,#8149,.F.);
#11272=ORIENTED_EDGE('',*,*,#8142,.T.);
#11273=ORIENTED_EDGE('',*,*,#8150,.F.);
#11274=ORIENTED_EDGE('',*,*,#8147,.F.);
#11275=ORIENTED_EDGE('',*,*,#8151,.F.);
#11276=ORIENTED_EDGE('',*,*,#8152,.T.);
#11277=ORIENTED_EDGE('',*,*,#8153,.F.);
#11278=ORIENTED_EDGE('',*,*,#8154,.F.);
#11279=ORIENTED_EDGE('',*,*,#8155,.F.);
#11280=ORIENTED_EDGE('',*,*,#8156,.T.);
#11281=ORIENTED_EDGE('',*,*,#8157,.F.);
#11282=ORIENTED_EDGE('',*,*,#8152,.F.);
#11283=ORIENTED_EDGE('',*,*,#8158,.F.);
#11284=ORIENTED_EDGE('',*,*,#8159,.T.);
#11285=ORIENTED_EDGE('',*,*,#8160,.F.);
#11286=ORIENTED_EDGE('',*,*,#8156,.F.);
#11287=ORIENTED_EDGE('',*,*,#8161,.F.);
#11288=ORIENTED_EDGE('',*,*,#8154,.T.);
#11289=ORIENTED_EDGE('',*,*,#8162,.F.);
#11290=ORIENTED_EDGE('',*,*,#8159,.F.);
#11291=ORIENTED_EDGE('',*,*,#8163,.T.);
#11292=ORIENTED_EDGE('',*,*,#8164,.T.);
#11293=ORIENTED_EDGE('',*,*,#8165,.F.);
#11294=ORIENTED_EDGE('',*,*,#8166,.F.);
#11295=ORIENTED_EDGE('',*,*,#8167,.T.);
#11296=ORIENTED_EDGE('',*,*,#8166,.T.);
#11297=ORIENTED_EDGE('',*,*,#8168,.F.);
#11298=ORIENTED_EDGE('',*,*,#8169,.F.);
#11299=ORIENTED_EDGE('',*,*,#8170,.T.);
#11300=ORIENTED_EDGE('',*,*,#8169,.T.);
#11301=ORIENTED_EDGE('',*,*,#8171,.F.);
#11302=ORIENTED_EDGE('',*,*,#8172,.F.);
#11303=ORIENTED_EDGE('',*,*,#8173,.T.);
#11304=ORIENTED_EDGE('',*,*,#8172,.T.);
#11305=ORIENTED_EDGE('',*,*,#8174,.F.);
#11306=ORIENTED_EDGE('',*,*,#8175,.F.);
#11307=ORIENTED_EDGE('',*,*,#8176,.T.);
#11308=ORIENTED_EDGE('',*,*,#8175,.T.);
#11309=ORIENTED_EDGE('',*,*,#8177,.F.);
#11310=ORIENTED_EDGE('',*,*,#8178,.F.);
#11311=ORIENTED_EDGE('',*,*,#8179,.T.);
#11312=ORIENTED_EDGE('',*,*,#8178,.T.);
#11313=ORIENTED_EDGE('',*,*,#8180,.F.);
#11314=ORIENTED_EDGE('',*,*,#8181,.F.);
#11315=ORIENTED_EDGE('',*,*,#8182,.T.);
#11316=ORIENTED_EDGE('',*,*,#8181,.T.);
#11317=ORIENTED_EDGE('',*,*,#8183,.F.);
#11318=ORIENTED_EDGE('',*,*,#8184,.F.);
#11319=ORIENTED_EDGE('',*,*,#8185,.T.);
#11320=ORIENTED_EDGE('',*,*,#8184,.T.);
#11321=ORIENTED_EDGE('',*,*,#8186,.F.);
#11322=ORIENTED_EDGE('',*,*,#8187,.F.);
#11323=ORIENTED_EDGE('',*,*,#8188,.T.);
#11324=ORIENTED_EDGE('',*,*,#8187,.T.);
#11325=ORIENTED_EDGE('',*,*,#8189,.F.);
#11326=ORIENTED_EDGE('',*,*,#8190,.F.);
#11327=ORIENTED_EDGE('',*,*,#8191,.T.);
#11328=ORIENTED_EDGE('',*,*,#8190,.T.);
#11329=ORIENTED_EDGE('',*,*,#8192,.F.);
#11330=ORIENTED_EDGE('',*,*,#8193,.F.);
#11331=ORIENTED_EDGE('',*,*,#8194,.T.);
#11332=ORIENTED_EDGE('',*,*,#8193,.T.);
#11333=ORIENTED_EDGE('',*,*,#8195,.F.);
#11334=ORIENTED_EDGE('',*,*,#8196,.F.);
#11335=ORIENTED_EDGE('',*,*,#8197,.T.);
#11336=ORIENTED_EDGE('',*,*,#8196,.T.);
#11337=ORIENTED_EDGE('',*,*,#8198,.F.);
#11338=ORIENTED_EDGE('',*,*,#8199,.F.);
#11339=ORIENTED_EDGE('',*,*,#8200,.T.);
#11340=ORIENTED_EDGE('',*,*,#8199,.T.);
#11341=ORIENTED_EDGE('',*,*,#8201,.F.);
#11342=ORIENTED_EDGE('',*,*,#8202,.F.);
#11343=ORIENTED_EDGE('',*,*,#8203,.T.);
#11344=ORIENTED_EDGE('',*,*,#8202,.T.);
#11345=ORIENTED_EDGE('',*,*,#8204,.F.);
#11346=ORIENTED_EDGE('',*,*,#8205,.F.);
#11347=ORIENTED_EDGE('',*,*,#8206,.T.);
#11348=ORIENTED_EDGE('',*,*,#8205,.T.);
#11349=ORIENTED_EDGE('',*,*,#8207,.F.);
#11350=ORIENTED_EDGE('',*,*,#8208,.F.);
#11351=ORIENTED_EDGE('',*,*,#8209,.T.);
#11352=ORIENTED_EDGE('',*,*,#8208,.T.);
#11353=ORIENTED_EDGE('',*,*,#8210,.F.);
#11354=ORIENTED_EDGE('',*,*,#8211,.F.);
#11355=ORIENTED_EDGE('',*,*,#8212,.T.);
#11356=ORIENTED_EDGE('',*,*,#8211,.T.);
#11357=ORIENTED_EDGE('',*,*,#8213,.F.);
#11358=ORIENTED_EDGE('',*,*,#8214,.F.);
#11359=ORIENTED_EDGE('',*,*,#8215,.T.);
#11360=ORIENTED_EDGE('',*,*,#8214,.T.);
#11361=ORIENTED_EDGE('',*,*,#8216,.F.);
#11362=ORIENTED_EDGE('',*,*,#8217,.F.);
#11363=ORIENTED_EDGE('',*,*,#8218,.T.);
#11364=ORIENTED_EDGE('',*,*,#8217,.T.);
#11365=ORIENTED_EDGE('',*,*,#8219,.F.);
#11366=ORIENTED_EDGE('',*,*,#8220,.F.);
#11367=ORIENTED_EDGE('',*,*,#8221,.T.);
#11368=ORIENTED_EDGE('',*,*,#8220,.T.);
#11369=ORIENTED_EDGE('',*,*,#8222,.F.);
#11370=ORIENTED_EDGE('',*,*,#8164,.F.);
#11371=ORIENTED_EDGE('',*,*,#8223,.T.);
#11372=ORIENTED_EDGE('',*,*,#8224,.T.);
#11373=ORIENTED_EDGE('',*,*,#8225,.F.);
#11374=ORIENTED_EDGE('',*,*,#8226,.F.);
#11375=ORIENTED_EDGE('',*,*,#8227,.T.);
#11376=ORIENTED_EDGE('',*,*,#8226,.T.);
#11377=ORIENTED_EDGE('',*,*,#8228,.F.);
#11378=ORIENTED_EDGE('',*,*,#8229,.F.);
#11379=ORIENTED_EDGE('',*,*,#8230,.T.);
#11380=ORIENTED_EDGE('',*,*,#8229,.T.);
#11381=ORIENTED_EDGE('',*,*,#8231,.F.);
#11382=ORIENTED_EDGE('',*,*,#8232,.F.);
#11383=ORIENTED_EDGE('',*,*,#8233,.T.);
#11384=ORIENTED_EDGE('',*,*,#8232,.T.);
#11385=ORIENTED_EDGE('',*,*,#8234,.F.);
#11386=ORIENTED_EDGE('',*,*,#8235,.F.);
#11387=ORIENTED_EDGE('',*,*,#8236,.T.);
#11388=ORIENTED_EDGE('',*,*,#8235,.T.);
#11389=ORIENTED_EDGE('',*,*,#8237,.F.);
#11390=ORIENTED_EDGE('',*,*,#8238,.F.);
#11391=ORIENTED_EDGE('',*,*,#8239,.T.);
#11392=ORIENTED_EDGE('',*,*,#8238,.T.);
#11393=ORIENTED_EDGE('',*,*,#8240,.F.);
#11394=ORIENTED_EDGE('',*,*,#8241,.F.);
#11395=ORIENTED_EDGE('',*,*,#8242,.T.);
#11396=ORIENTED_EDGE('',*,*,#8241,.T.);
#11397=ORIENTED_EDGE('',*,*,#8243,.F.);
#11398=ORIENTED_EDGE('',*,*,#8244,.F.);
#11399=ORIENTED_EDGE('',*,*,#8245,.T.);
#11400=ORIENTED_EDGE('',*,*,#8244,.T.);
#11401=ORIENTED_EDGE('',*,*,#8246,.F.);
#11402=ORIENTED_EDGE('',*,*,#8247,.F.);
#11403=ORIENTED_EDGE('',*,*,#8248,.T.);
#11404=ORIENTED_EDGE('',*,*,#8247,.T.);
#11405=ORIENTED_EDGE('',*,*,#8249,.F.);
#11406=ORIENTED_EDGE('',*,*,#8250,.F.);
#11407=ORIENTED_EDGE('',*,*,#8251,.T.);
#11408=ORIENTED_EDGE('',*,*,#8250,.T.);
#11409=ORIENTED_EDGE('',*,*,#8252,.F.);
#11410=ORIENTED_EDGE('',*,*,#8253,.F.);
#11411=ORIENTED_EDGE('',*,*,#8254,.T.);
#11412=ORIENTED_EDGE('',*,*,#8253,.T.);
#11413=ORIENTED_EDGE('',*,*,#8255,.F.);
#11414=ORIENTED_EDGE('',*,*,#8256,.F.);
#11415=ORIENTED_EDGE('',*,*,#8257,.T.);
#11416=ORIENTED_EDGE('',*,*,#8256,.T.);
#11417=ORIENTED_EDGE('',*,*,#8258,.F.);
#11418=ORIENTED_EDGE('',*,*,#8259,.F.);
#11419=ORIENTED_EDGE('',*,*,#8260,.T.);
#11420=ORIENTED_EDGE('',*,*,#8259,.T.);
#11421=ORIENTED_EDGE('',*,*,#8261,.F.);
#11422=ORIENTED_EDGE('',*,*,#8262,.F.);
#11423=ORIENTED_EDGE('',*,*,#8263,.T.);
#11424=ORIENTED_EDGE('',*,*,#8262,.T.);
#11425=ORIENTED_EDGE('',*,*,#8264,.F.);
#11426=ORIENTED_EDGE('',*,*,#8265,.F.);
#11427=ORIENTED_EDGE('',*,*,#8266,.T.);
#11428=ORIENTED_EDGE('',*,*,#8265,.T.);
#11429=ORIENTED_EDGE('',*,*,#8267,.F.);
#11430=ORIENTED_EDGE('',*,*,#8268,.F.);
#11431=ORIENTED_EDGE('',*,*,#8269,.T.);
#11432=ORIENTED_EDGE('',*,*,#8268,.T.);
#11433=ORIENTED_EDGE('',*,*,#8270,.F.);
#11434=ORIENTED_EDGE('',*,*,#8271,.F.);
#11435=ORIENTED_EDGE('',*,*,#8272,.T.);
#11436=ORIENTED_EDGE('',*,*,#8271,.T.);
#11437=ORIENTED_EDGE('',*,*,#8273,.F.);
#11438=ORIENTED_EDGE('',*,*,#8274,.F.);
#11439=ORIENTED_EDGE('',*,*,#8275,.T.);
#11440=ORIENTED_EDGE('',*,*,#8274,.T.);
#11441=ORIENTED_EDGE('',*,*,#8276,.F.);
#11442=ORIENTED_EDGE('',*,*,#8277,.F.);
#11443=ORIENTED_EDGE('',*,*,#8278,.T.);
#11444=ORIENTED_EDGE('',*,*,#8277,.T.);
#11445=ORIENTED_EDGE('',*,*,#8279,.F.);
#11446=ORIENTED_EDGE('',*,*,#8280,.F.);
#11447=ORIENTED_EDGE('',*,*,#8281,.T.);
#11448=ORIENTED_EDGE('',*,*,#8280,.T.);
#11449=ORIENTED_EDGE('',*,*,#8282,.F.);
#11450=ORIENTED_EDGE('',*,*,#8224,.F.);
#11451=ORIENTED_EDGE('',*,*,#8283,.T.);
#11452=ORIENTED_EDGE('',*,*,#8284,.T.);
#11453=ORIENTED_EDGE('',*,*,#8285,.F.);
#11454=ORIENTED_EDGE('',*,*,#8286,.F.);
#11455=ORIENTED_EDGE('',*,*,#8287,.T.);
#11456=ORIENTED_EDGE('',*,*,#8286,.T.);
#11457=ORIENTED_EDGE('',*,*,#8288,.F.);
#11458=ORIENTED_EDGE('',*,*,#8289,.F.);
#11459=ORIENTED_EDGE('',*,*,#8290,.T.);
#11460=ORIENTED_EDGE('',*,*,#8289,.T.);
#11461=ORIENTED_EDGE('',*,*,#8291,.F.);
#11462=ORIENTED_EDGE('',*,*,#8292,.F.);
#11463=ORIENTED_EDGE('',*,*,#8293,.T.);
#11464=ORIENTED_EDGE('',*,*,#8292,.T.);
#11465=ORIENTED_EDGE('',*,*,#8294,.F.);
#11466=ORIENTED_EDGE('',*,*,#8295,.F.);
#11467=ORIENTED_EDGE('',*,*,#8296,.T.);
#11468=ORIENTED_EDGE('',*,*,#8295,.T.);
#11469=ORIENTED_EDGE('',*,*,#8297,.F.);
#11470=ORIENTED_EDGE('',*,*,#8298,.F.);
#11471=ORIENTED_EDGE('',*,*,#8299,.T.);
#11472=ORIENTED_EDGE('',*,*,#8298,.T.);
#11473=ORIENTED_EDGE('',*,*,#8300,.F.);
#11474=ORIENTED_EDGE('',*,*,#8301,.F.);
#11475=ORIENTED_EDGE('',*,*,#8302,.T.);
#11476=ORIENTED_EDGE('',*,*,#8301,.T.);
#11477=ORIENTED_EDGE('',*,*,#8303,.F.);
#11478=ORIENTED_EDGE('',*,*,#8304,.F.);
#11479=ORIENTED_EDGE('',*,*,#8305,.T.);
#11480=ORIENTED_EDGE('',*,*,#8304,.T.);
#11481=ORIENTED_EDGE('',*,*,#8306,.F.);
#11482=ORIENTED_EDGE('',*,*,#8307,.F.);
#11483=ORIENTED_EDGE('',*,*,#8308,.T.);
#11484=ORIENTED_EDGE('',*,*,#8307,.T.);
#11485=ORIENTED_EDGE('',*,*,#8309,.F.);
#11486=ORIENTED_EDGE('',*,*,#8310,.F.);
#11487=ORIENTED_EDGE('',*,*,#8311,.T.);
#11488=ORIENTED_EDGE('',*,*,#8310,.T.);
#11489=ORIENTED_EDGE('',*,*,#8312,.F.);
#11490=ORIENTED_EDGE('',*,*,#8313,.F.);
#11491=ORIENTED_EDGE('',*,*,#8314,.T.);
#11492=ORIENTED_EDGE('',*,*,#8313,.T.);
#11493=ORIENTED_EDGE('',*,*,#8315,.F.);
#11494=ORIENTED_EDGE('',*,*,#8316,.F.);
#11495=ORIENTED_EDGE('',*,*,#8317,.T.);
#11496=ORIENTED_EDGE('',*,*,#8316,.T.);
#11497=ORIENTED_EDGE('',*,*,#8318,.F.);
#11498=ORIENTED_EDGE('',*,*,#8319,.F.);
#11499=ORIENTED_EDGE('',*,*,#8320,.T.);
#11500=ORIENTED_EDGE('',*,*,#8319,.T.);
#11501=ORIENTED_EDGE('',*,*,#8321,.F.);
#11502=ORIENTED_EDGE('',*,*,#8322,.F.);
#11503=ORIENTED_EDGE('',*,*,#8323,.T.);
#11504=ORIENTED_EDGE('',*,*,#8322,.T.);
#11505=ORIENTED_EDGE('',*,*,#8324,.F.);
#11506=ORIENTED_EDGE('',*,*,#8325,.F.);
#11507=ORIENTED_EDGE('',*,*,#8326,.T.);
#11508=ORIENTED_EDGE('',*,*,#8325,.T.);
#11509=ORIENTED_EDGE('',*,*,#8327,.F.);
#11510=ORIENTED_EDGE('',*,*,#8328,.F.);
#11511=ORIENTED_EDGE('',*,*,#8329,.T.);
#11512=ORIENTED_EDGE('',*,*,#8328,.T.);
#11513=ORIENTED_EDGE('',*,*,#8330,.F.);
#11514=ORIENTED_EDGE('',*,*,#8331,.F.);
#11515=ORIENTED_EDGE('',*,*,#8332,.T.);
#11516=ORIENTED_EDGE('',*,*,#8331,.T.);
#11517=ORIENTED_EDGE('',*,*,#8333,.F.);
#11518=ORIENTED_EDGE('',*,*,#8334,.F.);
#11519=ORIENTED_EDGE('',*,*,#8335,.T.);
#11520=ORIENTED_EDGE('',*,*,#8334,.T.);
#11521=ORIENTED_EDGE('',*,*,#8336,.F.);
#11522=ORIENTED_EDGE('',*,*,#8337,.F.);
#11523=ORIENTED_EDGE('',*,*,#8338,.T.);
#11524=ORIENTED_EDGE('',*,*,#8337,.T.);
#11525=ORIENTED_EDGE('',*,*,#8339,.F.);
#11526=ORIENTED_EDGE('',*,*,#8340,.F.);
#11527=ORIENTED_EDGE('',*,*,#8341,.T.);
#11528=ORIENTED_EDGE('',*,*,#8340,.T.);
#11529=ORIENTED_EDGE('',*,*,#8342,.F.);
#11530=ORIENTED_EDGE('',*,*,#8284,.F.);
#11531=ORIENTED_EDGE('',*,*,#8343,.T.);
#11532=ORIENTED_EDGE('',*,*,#8344,.T.);
#11533=ORIENTED_EDGE('',*,*,#8345,.F.);
#11534=ORIENTED_EDGE('',*,*,#8346,.F.);
#11535=ORIENTED_EDGE('',*,*,#8347,.T.);
#11536=ORIENTED_EDGE('',*,*,#8346,.T.);
#11537=ORIENTED_EDGE('',*,*,#8348,.F.);
#11538=ORIENTED_EDGE('',*,*,#8349,.F.);
#11539=ORIENTED_EDGE('',*,*,#8350,.T.);
#11540=ORIENTED_EDGE('',*,*,#8349,.T.);
#11541=ORIENTED_EDGE('',*,*,#8351,.F.);
#11542=ORIENTED_EDGE('',*,*,#8352,.F.);
#11543=ORIENTED_EDGE('',*,*,#8353,.T.);
#11544=ORIENTED_EDGE('',*,*,#8352,.T.);
#11545=ORIENTED_EDGE('',*,*,#8354,.F.);
#11546=ORIENTED_EDGE('',*,*,#8355,.F.);
#11547=ORIENTED_EDGE('',*,*,#8356,.T.);
#11548=ORIENTED_EDGE('',*,*,#8355,.T.);
#11549=ORIENTED_EDGE('',*,*,#8357,.F.);
#11550=ORIENTED_EDGE('',*,*,#8358,.F.);
#11551=ORIENTED_EDGE('',*,*,#8359,.T.);
#11552=ORIENTED_EDGE('',*,*,#8358,.T.);
#11553=ORIENTED_EDGE('',*,*,#8360,.F.);
#11554=ORIENTED_EDGE('',*,*,#8361,.F.);
#11555=ORIENTED_EDGE('',*,*,#8362,.T.);
#11556=ORIENTED_EDGE('',*,*,#8361,.T.);
#11557=ORIENTED_EDGE('',*,*,#8363,.F.);
#11558=ORIENTED_EDGE('',*,*,#8364,.F.);
#11559=ORIENTED_EDGE('',*,*,#8365,.T.);
#11560=ORIENTED_EDGE('',*,*,#8364,.T.);
#11561=ORIENTED_EDGE('',*,*,#8366,.F.);
#11562=ORIENTED_EDGE('',*,*,#8367,.F.);
#11563=ORIENTED_EDGE('',*,*,#8368,.T.);
#11564=ORIENTED_EDGE('',*,*,#8367,.T.);
#11565=ORIENTED_EDGE('',*,*,#8369,.F.);
#11566=ORIENTED_EDGE('',*,*,#8370,.F.);
#11567=ORIENTED_EDGE('',*,*,#8371,.T.);
#11568=ORIENTED_EDGE('',*,*,#8370,.T.);
#11569=ORIENTED_EDGE('',*,*,#8372,.F.);
#11570=ORIENTED_EDGE('',*,*,#8373,.F.);
#11571=ORIENTED_EDGE('',*,*,#8374,.T.);
#11572=ORIENTED_EDGE('',*,*,#8373,.T.);
#11573=ORIENTED_EDGE('',*,*,#8375,.F.);
#11574=ORIENTED_EDGE('',*,*,#8376,.F.);
#11575=ORIENTED_EDGE('',*,*,#8377,.T.);
#11576=ORIENTED_EDGE('',*,*,#8376,.T.);
#11577=ORIENTED_EDGE('',*,*,#8378,.F.);
#11578=ORIENTED_EDGE('',*,*,#8379,.F.);
#11579=ORIENTED_EDGE('',*,*,#8380,.T.);
#11580=ORIENTED_EDGE('',*,*,#8379,.T.);
#11581=ORIENTED_EDGE('',*,*,#8381,.F.);
#11582=ORIENTED_EDGE('',*,*,#8382,.F.);
#11583=ORIENTED_EDGE('',*,*,#8383,.T.);
#11584=ORIENTED_EDGE('',*,*,#8382,.T.);
#11585=ORIENTED_EDGE('',*,*,#8384,.F.);
#11586=ORIENTED_EDGE('',*,*,#8385,.F.);
#11587=ORIENTED_EDGE('',*,*,#8386,.T.);
#11588=ORIENTED_EDGE('',*,*,#8385,.T.);
#11589=ORIENTED_EDGE('',*,*,#8387,.F.);
#11590=ORIENTED_EDGE('',*,*,#8388,.F.);
#11591=ORIENTED_EDGE('',*,*,#8389,.T.);
#11592=ORIENTED_EDGE('',*,*,#8388,.T.);
#11593=ORIENTED_EDGE('',*,*,#8390,.F.);
#11594=ORIENTED_EDGE('',*,*,#8391,.F.);
#11595=ORIENTED_EDGE('',*,*,#8392,.T.);
#11596=ORIENTED_EDGE('',*,*,#8391,.T.);
#11597=ORIENTED_EDGE('',*,*,#8393,.F.);
#11598=ORIENTED_EDGE('',*,*,#8394,.F.);
#11599=ORIENTED_EDGE('',*,*,#8395,.T.);
#11600=ORIENTED_EDGE('',*,*,#8394,.T.);
#11601=ORIENTED_EDGE('',*,*,#8396,.F.);
#11602=ORIENTED_EDGE('',*,*,#8397,.F.);
#11603=ORIENTED_EDGE('',*,*,#8398,.T.);
#11604=ORIENTED_EDGE('',*,*,#8397,.T.);
#11605=ORIENTED_EDGE('',*,*,#8399,.F.);
#11606=ORIENTED_EDGE('',*,*,#8400,.F.);
#11607=ORIENTED_EDGE('',*,*,#8401,.T.);
#11608=ORIENTED_EDGE('',*,*,#8400,.T.);
#11609=ORIENTED_EDGE('',*,*,#8402,.F.);
#11610=ORIENTED_EDGE('',*,*,#8344,.F.);
#11611=ORIENTED_EDGE('',*,*,#8403,.T.);
#11612=ORIENTED_EDGE('',*,*,#8404,.T.);
#11613=ORIENTED_EDGE('',*,*,#8405,.F.);
#11614=ORIENTED_EDGE('',*,*,#8406,.F.);
#11615=ORIENTED_EDGE('',*,*,#8407,.T.);
#11616=ORIENTED_EDGE('',*,*,#8406,.T.);
#11617=ORIENTED_EDGE('',*,*,#8408,.F.);
#11618=ORIENTED_EDGE('',*,*,#8409,.F.);
#11619=ORIENTED_EDGE('',*,*,#8410,.T.);
#11620=ORIENTED_EDGE('',*,*,#8409,.T.);
#11621=ORIENTED_EDGE('',*,*,#8411,.F.);
#11622=ORIENTED_EDGE('',*,*,#8412,.F.);
#11623=ORIENTED_EDGE('',*,*,#8413,.T.);
#11624=ORIENTED_EDGE('',*,*,#8412,.T.);
#11625=ORIENTED_EDGE('',*,*,#8414,.F.);
#11626=ORIENTED_EDGE('',*,*,#8415,.F.);
#11627=ORIENTED_EDGE('',*,*,#8416,.T.);
#11628=ORIENTED_EDGE('',*,*,#8415,.T.);
#11629=ORIENTED_EDGE('',*,*,#8417,.F.);
#11630=ORIENTED_EDGE('',*,*,#8418,.F.);
#11631=ORIENTED_EDGE('',*,*,#8419,.T.);
#11632=ORIENTED_EDGE('',*,*,#8418,.T.);
#11633=ORIENTED_EDGE('',*,*,#8420,.F.);
#11634=ORIENTED_EDGE('',*,*,#8421,.F.);
#11635=ORIENTED_EDGE('',*,*,#8422,.T.);
#11636=ORIENTED_EDGE('',*,*,#8421,.T.);
#11637=ORIENTED_EDGE('',*,*,#8423,.F.);
#11638=ORIENTED_EDGE('',*,*,#8424,.F.);
#11639=ORIENTED_EDGE('',*,*,#8425,.T.);
#11640=ORIENTED_EDGE('',*,*,#8424,.T.);
#11641=ORIENTED_EDGE('',*,*,#8426,.F.);
#11642=ORIENTED_EDGE('',*,*,#8427,.F.);
#11643=ORIENTED_EDGE('',*,*,#8428,.T.);
#11644=ORIENTED_EDGE('',*,*,#8427,.T.);
#11645=ORIENTED_EDGE('',*,*,#8429,.F.);
#11646=ORIENTED_EDGE('',*,*,#8430,.F.);
#11647=ORIENTED_EDGE('',*,*,#8431,.T.);
#11648=ORIENTED_EDGE('',*,*,#8430,.T.);
#11649=ORIENTED_EDGE('',*,*,#8432,.F.);
#11650=ORIENTED_EDGE('',*,*,#8433,.F.);
#11651=ORIENTED_EDGE('',*,*,#8434,.T.);
#11652=ORIENTED_EDGE('',*,*,#8433,.T.);
#11653=ORIENTED_EDGE('',*,*,#8435,.F.);
#11654=ORIENTED_EDGE('',*,*,#8436,.F.);
#11655=ORIENTED_EDGE('',*,*,#8437,.T.);
#11656=ORIENTED_EDGE('',*,*,#8436,.T.);
#11657=ORIENTED_EDGE('',*,*,#8438,.F.);
#11658=ORIENTED_EDGE('',*,*,#8439,.F.);
#11659=ORIENTED_EDGE('',*,*,#8440,.T.);
#11660=ORIENTED_EDGE('',*,*,#8439,.T.);
#11661=ORIENTED_EDGE('',*,*,#8441,.F.);
#11662=ORIENTED_EDGE('',*,*,#8442,.F.);
#11663=ORIENTED_EDGE('',*,*,#8443,.T.);
#11664=ORIENTED_EDGE('',*,*,#8442,.T.);
#11665=ORIENTED_EDGE('',*,*,#8444,.F.);
#11666=ORIENTED_EDGE('',*,*,#8445,.F.);
#11667=ORIENTED_EDGE('',*,*,#8446,.T.);
#11668=ORIENTED_EDGE('',*,*,#8445,.T.);
#11669=ORIENTED_EDGE('',*,*,#8447,.F.);
#11670=ORIENTED_EDGE('',*,*,#8448,.F.);
#11671=ORIENTED_EDGE('',*,*,#8449,.T.);
#11672=ORIENTED_EDGE('',*,*,#8448,.T.);
#11673=ORIENTED_EDGE('',*,*,#8450,.F.);
#11674=ORIENTED_EDGE('',*,*,#8451,.F.);
#11675=ORIENTED_EDGE('',*,*,#8452,.T.);
#11676=ORIENTED_EDGE('',*,*,#8451,.T.);
#11677=ORIENTED_EDGE('',*,*,#8453,.F.);
#11678=ORIENTED_EDGE('',*,*,#8454,.F.);
#11679=ORIENTED_EDGE('',*,*,#8455,.T.);
#11680=ORIENTED_EDGE('',*,*,#8454,.T.);
#11681=ORIENTED_EDGE('',*,*,#8456,.F.);
#11682=ORIENTED_EDGE('',*,*,#8457,.F.);
#11683=ORIENTED_EDGE('',*,*,#8458,.T.);
#11684=ORIENTED_EDGE('',*,*,#8457,.T.);
#11685=ORIENTED_EDGE('',*,*,#8459,.F.);
#11686=ORIENTED_EDGE('',*,*,#8460,.F.);
#11687=ORIENTED_EDGE('',*,*,#8461,.T.);
#11688=ORIENTED_EDGE('',*,*,#8460,.T.);
#11689=ORIENTED_EDGE('',*,*,#8462,.F.);
#11690=ORIENTED_EDGE('',*,*,#8404,.F.);
#11691=ORIENTED_EDGE('',*,*,#8463,.T.);
#11692=ORIENTED_EDGE('',*,*,#8464,.T.);
#11693=ORIENTED_EDGE('',*,*,#8465,.F.);
#11694=ORIENTED_EDGE('',*,*,#8466,.F.);
#11695=ORIENTED_EDGE('',*,*,#8467,.T.);
#11696=ORIENTED_EDGE('',*,*,#8466,.T.);
#11697=ORIENTED_EDGE('',*,*,#8468,.F.);
#11698=ORIENTED_EDGE('',*,*,#8469,.F.);
#11699=ORIENTED_EDGE('',*,*,#8470,.T.);
#11700=ORIENTED_EDGE('',*,*,#8469,.T.);
#11701=ORIENTED_EDGE('',*,*,#8471,.F.);
#11702=ORIENTED_EDGE('',*,*,#8472,.F.);
#11703=ORIENTED_EDGE('',*,*,#8473,.T.);
#11704=ORIENTED_EDGE('',*,*,#8472,.T.);
#11705=ORIENTED_EDGE('',*,*,#8474,.F.);
#11706=ORIENTED_EDGE('',*,*,#8475,.F.);
#11707=ORIENTED_EDGE('',*,*,#8476,.T.);
#11708=ORIENTED_EDGE('',*,*,#8475,.T.);
#11709=ORIENTED_EDGE('',*,*,#8477,.F.);
#11710=ORIENTED_EDGE('',*,*,#8478,.F.);
#11711=ORIENTED_EDGE('',*,*,#8479,.T.);
#11712=ORIENTED_EDGE('',*,*,#8478,.T.);
#11713=ORIENTED_EDGE('',*,*,#8480,.F.);
#11714=ORIENTED_EDGE('',*,*,#8481,.F.);
#11715=ORIENTED_EDGE('',*,*,#8482,.T.);
#11716=ORIENTED_EDGE('',*,*,#8481,.T.);
#11717=ORIENTED_EDGE('',*,*,#8483,.F.);
#11718=ORIENTED_EDGE('',*,*,#8484,.F.);
#11719=ORIENTED_EDGE('',*,*,#8485,.T.);
#11720=ORIENTED_EDGE('',*,*,#8484,.T.);
#11721=ORIENTED_EDGE('',*,*,#8486,.F.);
#11722=ORIENTED_EDGE('',*,*,#8487,.F.);
#11723=ORIENTED_EDGE('',*,*,#8488,.T.);
#11724=ORIENTED_EDGE('',*,*,#8487,.T.);
#11725=ORIENTED_EDGE('',*,*,#8489,.F.);
#11726=ORIENTED_EDGE('',*,*,#8490,.F.);
#11727=ORIENTED_EDGE('',*,*,#8491,.T.);
#11728=ORIENTED_EDGE('',*,*,#8490,.T.);
#11729=ORIENTED_EDGE('',*,*,#8492,.F.);
#11730=ORIENTED_EDGE('',*,*,#8493,.F.);
#11731=ORIENTED_EDGE('',*,*,#8494,.T.);
#11732=ORIENTED_EDGE('',*,*,#8493,.T.);
#11733=ORIENTED_EDGE('',*,*,#8495,.F.);
#11734=ORIENTED_EDGE('',*,*,#8496,.F.);
#11735=ORIENTED_EDGE('',*,*,#8497,.T.);
#11736=ORIENTED_EDGE('',*,*,#8496,.T.);
#11737=ORIENTED_EDGE('',*,*,#8498,.F.);
#11738=ORIENTED_EDGE('',*,*,#8499,.F.);
#11739=ORIENTED_EDGE('',*,*,#8500,.T.);
#11740=ORIENTED_EDGE('',*,*,#8499,.T.);
#11741=ORIENTED_EDGE('',*,*,#8501,.F.);
#11742=ORIENTED_EDGE('',*,*,#8502,.F.);
#11743=ORIENTED_EDGE('',*,*,#8503,.T.);
#11744=ORIENTED_EDGE('',*,*,#8502,.T.);
#11745=ORIENTED_EDGE('',*,*,#8504,.F.);
#11746=ORIENTED_EDGE('',*,*,#8505,.F.);
#11747=ORIENTED_EDGE('',*,*,#8506,.T.);
#11748=ORIENTED_EDGE('',*,*,#8505,.T.);
#11749=ORIENTED_EDGE('',*,*,#8507,.F.);
#11750=ORIENTED_EDGE('',*,*,#8508,.F.);
#11751=ORIENTED_EDGE('',*,*,#8509,.T.);
#11752=ORIENTED_EDGE('',*,*,#8508,.T.);
#11753=ORIENTED_EDGE('',*,*,#8510,.F.);
#11754=ORIENTED_EDGE('',*,*,#8511,.F.);
#11755=ORIENTED_EDGE('',*,*,#8512,.T.);
#11756=ORIENTED_EDGE('',*,*,#8511,.T.);
#11757=ORIENTED_EDGE('',*,*,#8513,.F.);
#11758=ORIENTED_EDGE('',*,*,#8514,.F.);
#11759=ORIENTED_EDGE('',*,*,#8515,.T.);
#11760=ORIENTED_EDGE('',*,*,#8514,.T.);
#11761=ORIENTED_EDGE('',*,*,#8516,.F.);
#11762=ORIENTED_EDGE('',*,*,#8517,.F.);
#11763=ORIENTED_EDGE('',*,*,#8518,.T.);
#11764=ORIENTED_EDGE('',*,*,#8517,.T.);
#11765=ORIENTED_EDGE('',*,*,#8519,.F.);
#11766=ORIENTED_EDGE('',*,*,#8520,.F.);
#11767=ORIENTED_EDGE('',*,*,#8521,.T.);
#11768=ORIENTED_EDGE('',*,*,#8520,.T.);
#11769=ORIENTED_EDGE('',*,*,#8522,.F.);
#11770=ORIENTED_EDGE('',*,*,#8464,.F.);
#11771=ORIENTED_EDGE('',*,*,#8523,.T.);
#11772=ORIENTED_EDGE('',*,*,#8524,.T.);
#11773=ORIENTED_EDGE('',*,*,#8525,.F.);
#11774=ORIENTED_EDGE('',*,*,#8526,.F.);
#11775=ORIENTED_EDGE('',*,*,#8527,.T.);
#11776=ORIENTED_EDGE('',*,*,#8526,.T.);
#11777=ORIENTED_EDGE('',*,*,#8528,.F.);
#11778=ORIENTED_EDGE('',*,*,#8529,.F.);
#11779=ORIENTED_EDGE('',*,*,#8530,.T.);
#11780=ORIENTED_EDGE('',*,*,#8529,.T.);
#11781=ORIENTED_EDGE('',*,*,#8531,.F.);
#11782=ORIENTED_EDGE('',*,*,#8532,.F.);
#11783=ORIENTED_EDGE('',*,*,#8533,.T.);
#11784=ORIENTED_EDGE('',*,*,#8532,.T.);
#11785=ORIENTED_EDGE('',*,*,#8534,.F.);
#11786=ORIENTED_EDGE('',*,*,#8535,.F.);
#11787=ORIENTED_EDGE('',*,*,#8536,.T.);
#11788=ORIENTED_EDGE('',*,*,#8535,.T.);
#11789=ORIENTED_EDGE('',*,*,#8537,.F.);
#11790=ORIENTED_EDGE('',*,*,#8538,.F.);
#11791=ORIENTED_EDGE('',*,*,#8539,.T.);
#11792=ORIENTED_EDGE('',*,*,#8538,.T.);
#11793=ORIENTED_EDGE('',*,*,#8540,.F.);
#11794=ORIENTED_EDGE('',*,*,#8541,.F.);
#11795=ORIENTED_EDGE('',*,*,#8542,.T.);
#11796=ORIENTED_EDGE('',*,*,#8541,.T.);
#11797=ORIENTED_EDGE('',*,*,#8543,.F.);
#11798=ORIENTED_EDGE('',*,*,#8544,.F.);
#11799=ORIENTED_EDGE('',*,*,#8545,.T.);
#11800=ORIENTED_EDGE('',*,*,#8544,.T.);
#11801=ORIENTED_EDGE('',*,*,#8546,.F.);
#11802=ORIENTED_EDGE('',*,*,#8547,.F.);
#11803=ORIENTED_EDGE('',*,*,#8548,.T.);
#11804=ORIENTED_EDGE('',*,*,#8547,.T.);
#11805=ORIENTED_EDGE('',*,*,#8549,.F.);
#11806=ORIENTED_EDGE('',*,*,#8550,.F.);
#11807=ORIENTED_EDGE('',*,*,#8551,.T.);
#11808=ORIENTED_EDGE('',*,*,#8550,.T.);
#11809=ORIENTED_EDGE('',*,*,#8552,.F.);
#11810=ORIENTED_EDGE('',*,*,#8553,.F.);
#11811=ORIENTED_EDGE('',*,*,#8554,.T.);
#11812=ORIENTED_EDGE('',*,*,#8553,.T.);
#11813=ORIENTED_EDGE('',*,*,#8555,.F.);
#11814=ORIENTED_EDGE('',*,*,#8556,.F.);
#11815=ORIENTED_EDGE('',*,*,#8557,.T.);
#11816=ORIENTED_EDGE('',*,*,#8556,.T.);
#11817=ORIENTED_EDGE('',*,*,#8558,.F.);
#11818=ORIENTED_EDGE('',*,*,#8559,.F.);
#11819=ORIENTED_EDGE('',*,*,#8560,.T.);
#11820=ORIENTED_EDGE('',*,*,#8559,.T.);
#11821=ORIENTED_EDGE('',*,*,#8561,.F.);
#11822=ORIENTED_EDGE('',*,*,#8562,.F.);
#11823=ORIENTED_EDGE('',*,*,#8563,.T.);
#11824=ORIENTED_EDGE('',*,*,#8562,.T.);
#11825=ORIENTED_EDGE('',*,*,#8564,.F.);
#11826=ORIENTED_EDGE('',*,*,#8565,.F.);
#11827=ORIENTED_EDGE('',*,*,#8566,.T.);
#11828=ORIENTED_EDGE('',*,*,#8565,.T.);
#11829=ORIENTED_EDGE('',*,*,#8567,.F.);
#11830=ORIENTED_EDGE('',*,*,#8568,.F.);
#11831=ORIENTED_EDGE('',*,*,#8569,.T.);
#11832=ORIENTED_EDGE('',*,*,#8568,.T.);
#11833=ORIENTED_EDGE('',*,*,#8570,.F.);
#11834=ORIENTED_EDGE('',*,*,#8571,.F.);
#11835=ORIENTED_EDGE('',*,*,#8572,.T.);
#11836=ORIENTED_EDGE('',*,*,#8571,.T.);
#11837=ORIENTED_EDGE('',*,*,#8573,.F.);
#11838=ORIENTED_EDGE('',*,*,#8574,.F.);
#11839=ORIENTED_EDGE('',*,*,#8575,.T.);
#11840=ORIENTED_EDGE('',*,*,#8574,.T.);
#11841=ORIENTED_EDGE('',*,*,#8576,.F.);
#11842=ORIENTED_EDGE('',*,*,#8577,.F.);
#11843=ORIENTED_EDGE('',*,*,#8578,.T.);
#11844=ORIENTED_EDGE('',*,*,#8577,.T.);
#11845=ORIENTED_EDGE('',*,*,#8579,.F.);
#11846=ORIENTED_EDGE('',*,*,#8580,.F.);
#11847=ORIENTED_EDGE('',*,*,#8581,.T.);
#11848=ORIENTED_EDGE('',*,*,#8580,.T.);
#11849=ORIENTED_EDGE('',*,*,#8582,.F.);
#11850=ORIENTED_EDGE('',*,*,#8524,.F.);
#11851=ORIENTED_EDGE('',*,*,#8583,.T.);
#11852=ORIENTED_EDGE('',*,*,#8584,.T.);
#11853=ORIENTED_EDGE('',*,*,#8585,.F.);
#11854=ORIENTED_EDGE('',*,*,#8586,.F.);
#11855=ORIENTED_EDGE('',*,*,#8587,.T.);
#11856=ORIENTED_EDGE('',*,*,#8586,.T.);
#11857=ORIENTED_EDGE('',*,*,#8588,.F.);
#11858=ORIENTED_EDGE('',*,*,#8589,.F.);
#11859=ORIENTED_EDGE('',*,*,#8590,.T.);
#11860=ORIENTED_EDGE('',*,*,#8589,.T.);
#11861=ORIENTED_EDGE('',*,*,#8591,.F.);
#11862=ORIENTED_EDGE('',*,*,#8592,.F.);
#11863=ORIENTED_EDGE('',*,*,#8593,.T.);
#11864=ORIENTED_EDGE('',*,*,#8592,.T.);
#11865=ORIENTED_EDGE('',*,*,#8594,.F.);
#11866=ORIENTED_EDGE('',*,*,#8595,.F.);
#11867=ORIENTED_EDGE('',*,*,#8596,.T.);
#11868=ORIENTED_EDGE('',*,*,#8595,.T.);
#11869=ORIENTED_EDGE('',*,*,#8597,.F.);
#11870=ORIENTED_EDGE('',*,*,#8598,.F.);
#11871=ORIENTED_EDGE('',*,*,#8599,.T.);
#11872=ORIENTED_EDGE('',*,*,#8598,.T.);
#11873=ORIENTED_EDGE('',*,*,#8600,.F.);
#11874=ORIENTED_EDGE('',*,*,#8601,.F.);
#11875=ORIENTED_EDGE('',*,*,#8602,.T.);
#11876=ORIENTED_EDGE('',*,*,#8601,.T.);
#11877=ORIENTED_EDGE('',*,*,#8603,.F.);
#11878=ORIENTED_EDGE('',*,*,#8604,.F.);
#11879=ORIENTED_EDGE('',*,*,#8605,.T.);
#11880=ORIENTED_EDGE('',*,*,#8604,.T.);
#11881=ORIENTED_EDGE('',*,*,#8606,.F.);
#11882=ORIENTED_EDGE('',*,*,#8607,.F.);
#11883=ORIENTED_EDGE('',*,*,#8608,.T.);
#11884=ORIENTED_EDGE('',*,*,#8607,.T.);
#11885=ORIENTED_EDGE('',*,*,#8609,.F.);
#11886=ORIENTED_EDGE('',*,*,#8610,.F.);
#11887=ORIENTED_EDGE('',*,*,#8611,.T.);
#11888=ORIENTED_EDGE('',*,*,#8610,.T.);
#11889=ORIENTED_EDGE('',*,*,#8612,.F.);
#11890=ORIENTED_EDGE('',*,*,#8613,.F.);
#11891=ORIENTED_EDGE('',*,*,#8614,.T.);
#11892=ORIENTED_EDGE('',*,*,#8613,.T.);
#11893=ORIENTED_EDGE('',*,*,#8615,.F.);
#11894=ORIENTED_EDGE('',*,*,#8616,.F.);
#11895=ORIENTED_EDGE('',*,*,#8617,.T.);
#11896=ORIENTED_EDGE('',*,*,#8616,.T.);
#11897=ORIENTED_EDGE('',*,*,#8618,.F.);
#11898=ORIENTED_EDGE('',*,*,#8619,.F.);
#11899=ORIENTED_EDGE('',*,*,#8620,.T.);
#11900=ORIENTED_EDGE('',*,*,#8619,.T.);
#11901=ORIENTED_EDGE('',*,*,#8621,.F.);
#11902=ORIENTED_EDGE('',*,*,#8622,.F.);
#11903=ORIENTED_EDGE('',*,*,#8623,.T.);
#11904=ORIENTED_EDGE('',*,*,#8622,.T.);
#11905=ORIENTED_EDGE('',*,*,#8624,.F.);
#11906=ORIENTED_EDGE('',*,*,#8625,.F.);
#11907=ORIENTED_EDGE('',*,*,#8626,.T.);
#11908=ORIENTED_EDGE('',*,*,#8625,.T.);
#11909=ORIENTED_EDGE('',*,*,#8627,.F.);
#11910=ORIENTED_EDGE('',*,*,#8628,.F.);
#11911=ORIENTED_EDGE('',*,*,#8629,.T.);
#11912=ORIENTED_EDGE('',*,*,#8628,.T.);
#11913=ORIENTED_EDGE('',*,*,#8630,.F.);
#11914=ORIENTED_EDGE('',*,*,#8631,.F.);
#11915=ORIENTED_EDGE('',*,*,#8632,.T.);
#11916=ORIENTED_EDGE('',*,*,#8631,.T.);
#11917=ORIENTED_EDGE('',*,*,#8633,.F.);
#11918=ORIENTED_EDGE('',*,*,#8634,.F.);
#11919=ORIENTED_EDGE('',*,*,#8635,.T.);
#11920=ORIENTED_EDGE('',*,*,#8634,.T.);
#11921=ORIENTED_EDGE('',*,*,#8636,.F.);
#11922=ORIENTED_EDGE('',*,*,#8637,.F.);
#11923=ORIENTED_EDGE('',*,*,#8638,.T.);
#11924=ORIENTED_EDGE('',*,*,#8637,.T.);
#11925=ORIENTED_EDGE('',*,*,#8639,.F.);
#11926=ORIENTED_EDGE('',*,*,#8640,.F.);
#11927=ORIENTED_EDGE('',*,*,#8641,.T.);
#11928=ORIENTED_EDGE('',*,*,#8640,.T.);
#11929=ORIENTED_EDGE('',*,*,#8642,.F.);
#11930=ORIENTED_EDGE('',*,*,#8584,.F.);
#11931=ORIENTED_EDGE('',*,*,#8643,.T.);
#11932=ORIENTED_EDGE('',*,*,#8644,.T.);
#11933=ORIENTED_EDGE('',*,*,#8645,.F.);
#11934=ORIENTED_EDGE('',*,*,#8646,.F.);
#11935=ORIENTED_EDGE('',*,*,#8647,.T.);
#11936=ORIENTED_EDGE('',*,*,#8646,.T.);
#11937=ORIENTED_EDGE('',*,*,#8648,.F.);
#11938=ORIENTED_EDGE('',*,*,#8649,.F.);
#11939=ORIENTED_EDGE('',*,*,#8650,.T.);
#11940=ORIENTED_EDGE('',*,*,#8649,.T.);
#11941=ORIENTED_EDGE('',*,*,#8651,.F.);
#11942=ORIENTED_EDGE('',*,*,#8652,.F.);
#11943=ORIENTED_EDGE('',*,*,#8653,.T.);
#11944=ORIENTED_EDGE('',*,*,#8652,.T.);
#11945=ORIENTED_EDGE('',*,*,#8654,.F.);
#11946=ORIENTED_EDGE('',*,*,#8655,.F.);
#11947=ORIENTED_EDGE('',*,*,#8656,.T.);
#11948=ORIENTED_EDGE('',*,*,#8655,.T.);
#11949=ORIENTED_EDGE('',*,*,#8657,.F.);
#11950=ORIENTED_EDGE('',*,*,#8658,.F.);
#11951=ORIENTED_EDGE('',*,*,#8659,.T.);
#11952=ORIENTED_EDGE('',*,*,#8658,.T.);
#11953=ORIENTED_EDGE('',*,*,#8660,.F.);
#11954=ORIENTED_EDGE('',*,*,#8661,.F.);
#11955=ORIENTED_EDGE('',*,*,#8662,.T.);
#11956=ORIENTED_EDGE('',*,*,#8661,.T.);
#11957=ORIENTED_EDGE('',*,*,#8663,.F.);
#11958=ORIENTED_EDGE('',*,*,#8664,.F.);
#11959=ORIENTED_EDGE('',*,*,#8665,.T.);
#11960=ORIENTED_EDGE('',*,*,#8664,.T.);
#11961=ORIENTED_EDGE('',*,*,#8666,.F.);
#11962=ORIENTED_EDGE('',*,*,#8667,.F.);
#11963=ORIENTED_EDGE('',*,*,#8668,.T.);
#11964=ORIENTED_EDGE('',*,*,#8667,.T.);
#11965=ORIENTED_EDGE('',*,*,#8669,.F.);
#11966=ORIENTED_EDGE('',*,*,#8670,.F.);
#11967=ORIENTED_EDGE('',*,*,#8671,.T.);
#11968=ORIENTED_EDGE('',*,*,#8670,.T.);
#11969=ORIENTED_EDGE('',*,*,#8672,.F.);
#11970=ORIENTED_EDGE('',*,*,#8673,.F.);
#11971=ORIENTED_EDGE('',*,*,#8674,.T.);
#11972=ORIENTED_EDGE('',*,*,#8673,.T.);
#11973=ORIENTED_EDGE('',*,*,#8675,.F.);
#11974=ORIENTED_EDGE('',*,*,#8676,.F.);
#11975=ORIENTED_EDGE('',*,*,#8677,.T.);
#11976=ORIENTED_EDGE('',*,*,#8676,.T.);
#11977=ORIENTED_EDGE('',*,*,#8678,.F.);
#11978=ORIENTED_EDGE('',*,*,#8679,.F.);
#11979=ORIENTED_EDGE('',*,*,#8680,.T.);
#11980=ORIENTED_EDGE('',*,*,#8679,.T.);
#11981=ORIENTED_EDGE('',*,*,#8681,.F.);
#11982=ORIENTED_EDGE('',*,*,#8682,.F.);
#11983=ORIENTED_EDGE('',*,*,#8683,.T.);
#11984=ORIENTED_EDGE('',*,*,#8682,.T.);
#11985=ORIENTED_EDGE('',*,*,#8684,.F.);
#11986=ORIENTED_EDGE('',*,*,#8685,.F.);
#11987=ORIENTED_EDGE('',*,*,#8686,.T.);
#11988=ORIENTED_EDGE('',*,*,#8685,.T.);
#11989=ORIENTED_EDGE('',*,*,#8687,.F.);
#11990=ORIENTED_EDGE('',*,*,#8688,.F.);
#11991=ORIENTED_EDGE('',*,*,#8689,.T.);
#11992=ORIENTED_EDGE('',*,*,#8688,.T.);
#11993=ORIENTED_EDGE('',*,*,#8690,.F.);
#11994=ORIENTED_EDGE('',*,*,#8691,.F.);
#11995=ORIENTED_EDGE('',*,*,#8692,.T.);
#11996=ORIENTED_EDGE('',*,*,#8691,.T.);
#11997=ORIENTED_EDGE('',*,*,#8693,.F.);
#11998=ORIENTED_EDGE('',*,*,#8694,.F.);
#11999=ORIENTED_EDGE('',*,*,#8695,.T.);
#12000=ORIENTED_EDGE('',*,*,#8694,.T.);
#12001=ORIENTED_EDGE('',*,*,#8696,.F.);
#12002=ORIENTED_EDGE('',*,*,#8697,.F.);
#12003=ORIENTED_EDGE('',*,*,#8698,.T.);
#12004=ORIENTED_EDGE('',*,*,#8697,.T.);
#12005=ORIENTED_EDGE('',*,*,#8699,.F.);
#12006=ORIENTED_EDGE('',*,*,#8700,.F.);
#12007=ORIENTED_EDGE('',*,*,#8701,.T.);
#12008=ORIENTED_EDGE('',*,*,#8700,.T.);
#12009=ORIENTED_EDGE('',*,*,#8702,.F.);
#12010=ORIENTED_EDGE('',*,*,#8644,.F.);
#12011=ORIENTED_EDGE('',*,*,#8703,.T.);
#12012=ORIENTED_EDGE('',*,*,#8704,.T.);
#12013=ORIENTED_EDGE('',*,*,#8705,.F.);
#12014=ORIENTED_EDGE('',*,*,#8706,.F.);
#12015=ORIENTED_EDGE('',*,*,#8707,.T.);
#12016=ORIENTED_EDGE('',*,*,#8706,.T.);
#12017=ORIENTED_EDGE('',*,*,#8708,.F.);
#12018=ORIENTED_EDGE('',*,*,#8709,.F.);
#12019=ORIENTED_EDGE('',*,*,#8710,.T.);
#12020=ORIENTED_EDGE('',*,*,#8709,.T.);
#12021=ORIENTED_EDGE('',*,*,#8711,.F.);
#12022=ORIENTED_EDGE('',*,*,#8712,.F.);
#12023=ORIENTED_EDGE('',*,*,#8713,.T.);
#12024=ORIENTED_EDGE('',*,*,#8712,.T.);
#12025=ORIENTED_EDGE('',*,*,#8714,.F.);
#12026=ORIENTED_EDGE('',*,*,#8715,.F.);
#12027=ORIENTED_EDGE('',*,*,#8716,.T.);
#12028=ORIENTED_EDGE('',*,*,#8715,.T.);
#12029=ORIENTED_EDGE('',*,*,#8717,.F.);
#12030=ORIENTED_EDGE('',*,*,#8718,.F.);
#12031=ORIENTED_EDGE('',*,*,#8719,.T.);
#12032=ORIENTED_EDGE('',*,*,#8718,.T.);
#12033=ORIENTED_EDGE('',*,*,#8720,.F.);
#12034=ORIENTED_EDGE('',*,*,#8721,.F.);
#12035=ORIENTED_EDGE('',*,*,#8722,.T.);
#12036=ORIENTED_EDGE('',*,*,#8721,.T.);
#12037=ORIENTED_EDGE('',*,*,#8723,.F.);
#12038=ORIENTED_EDGE('',*,*,#8724,.F.);
#12039=ORIENTED_EDGE('',*,*,#8725,.T.);
#12040=ORIENTED_EDGE('',*,*,#8724,.T.);
#12041=ORIENTED_EDGE('',*,*,#8726,.F.);
#12042=ORIENTED_EDGE('',*,*,#8727,.F.);
#12043=ORIENTED_EDGE('',*,*,#8728,.T.);
#12044=ORIENTED_EDGE('',*,*,#8727,.T.);
#12045=ORIENTED_EDGE('',*,*,#8729,.F.);
#12046=ORIENTED_EDGE('',*,*,#8730,.F.);
#12047=ORIENTED_EDGE('',*,*,#8731,.T.);
#12048=ORIENTED_EDGE('',*,*,#8730,.T.);
#12049=ORIENTED_EDGE('',*,*,#8732,.F.);
#12050=ORIENTED_EDGE('',*,*,#8733,.F.);
#12051=ORIENTED_EDGE('',*,*,#8734,.T.);
#12052=ORIENTED_EDGE('',*,*,#8733,.T.);
#12053=ORIENTED_EDGE('',*,*,#8735,.F.);
#12054=ORIENTED_EDGE('',*,*,#8736,.F.);
#12055=ORIENTED_EDGE('',*,*,#8737,.T.);
#12056=ORIENTED_EDGE('',*,*,#8736,.T.);
#12057=ORIENTED_EDGE('',*,*,#8738,.F.);
#12058=ORIENTED_EDGE('',*,*,#8739,.F.);
#12059=ORIENTED_EDGE('',*,*,#8740,.T.);
#12060=ORIENTED_EDGE('',*,*,#8739,.T.);
#12061=ORIENTED_EDGE('',*,*,#8741,.F.);
#12062=ORIENTED_EDGE('',*,*,#8742,.F.);
#12063=ORIENTED_EDGE('',*,*,#8743,.T.);
#12064=ORIENTED_EDGE('',*,*,#8742,.T.);
#12065=ORIENTED_EDGE('',*,*,#8744,.F.);
#12066=ORIENTED_EDGE('',*,*,#8745,.F.);
#12067=ORIENTED_EDGE('',*,*,#8746,.T.);
#12068=ORIENTED_EDGE('',*,*,#8745,.T.);
#12069=ORIENTED_EDGE('',*,*,#8747,.F.);
#12070=ORIENTED_EDGE('',*,*,#8748,.F.);
#12071=ORIENTED_EDGE('',*,*,#8749,.T.);
#12072=ORIENTED_EDGE('',*,*,#8748,.T.);
#12073=ORIENTED_EDGE('',*,*,#8750,.F.);
#12074=ORIENTED_EDGE('',*,*,#8751,.F.);
#12075=ORIENTED_EDGE('',*,*,#8752,.T.);
#12076=ORIENTED_EDGE('',*,*,#8751,.T.);
#12077=ORIENTED_EDGE('',*,*,#8753,.F.);
#12078=ORIENTED_EDGE('',*,*,#8754,.F.);
#12079=ORIENTED_EDGE('',*,*,#8755,.T.);
#12080=ORIENTED_EDGE('',*,*,#8754,.T.);
#12081=ORIENTED_EDGE('',*,*,#8756,.F.);
#12082=ORIENTED_EDGE('',*,*,#8757,.F.);
#12083=ORIENTED_EDGE('',*,*,#8758,.T.);
#12084=ORIENTED_EDGE('',*,*,#8757,.T.);
#12085=ORIENTED_EDGE('',*,*,#8759,.F.);
#12086=ORIENTED_EDGE('',*,*,#8760,.F.);
#12087=ORIENTED_EDGE('',*,*,#8761,.T.);
#12088=ORIENTED_EDGE('',*,*,#8760,.T.);
#12089=ORIENTED_EDGE('',*,*,#8762,.F.);
#12090=ORIENTED_EDGE('',*,*,#8704,.F.);
#12091=ORIENTED_EDGE('',*,*,#8763,.T.);
#12092=ORIENTED_EDGE('',*,*,#8764,.T.);
#12093=ORIENTED_EDGE('',*,*,#8765,.F.);
#12094=ORIENTED_EDGE('',*,*,#8766,.F.);
#12095=ORIENTED_EDGE('',*,*,#8767,.T.);
#12096=ORIENTED_EDGE('',*,*,#8766,.T.);
#12097=ORIENTED_EDGE('',*,*,#8768,.F.);
#12098=ORIENTED_EDGE('',*,*,#8769,.F.);
#12099=ORIENTED_EDGE('',*,*,#8770,.T.);
#12100=ORIENTED_EDGE('',*,*,#8769,.T.);
#12101=ORIENTED_EDGE('',*,*,#8771,.F.);
#12102=ORIENTED_EDGE('',*,*,#8772,.F.);
#12103=ORIENTED_EDGE('',*,*,#8773,.T.);
#12104=ORIENTED_EDGE('',*,*,#8772,.T.);
#12105=ORIENTED_EDGE('',*,*,#8774,.F.);
#12106=ORIENTED_EDGE('',*,*,#8775,.F.);
#12107=ORIENTED_EDGE('',*,*,#8776,.T.);
#12108=ORIENTED_EDGE('',*,*,#8775,.T.);
#12109=ORIENTED_EDGE('',*,*,#8777,.F.);
#12110=ORIENTED_EDGE('',*,*,#8778,.F.);
#12111=ORIENTED_EDGE('',*,*,#8779,.T.);
#12112=ORIENTED_EDGE('',*,*,#8778,.T.);
#12113=ORIENTED_EDGE('',*,*,#8780,.F.);
#12114=ORIENTED_EDGE('',*,*,#8781,.F.);
#12115=ORIENTED_EDGE('',*,*,#8782,.T.);
#12116=ORIENTED_EDGE('',*,*,#8781,.T.);
#12117=ORIENTED_EDGE('',*,*,#8783,.F.);
#12118=ORIENTED_EDGE('',*,*,#8784,.F.);
#12119=ORIENTED_EDGE('',*,*,#8785,.T.);
#12120=ORIENTED_EDGE('',*,*,#8784,.T.);
#12121=ORIENTED_EDGE('',*,*,#8786,.F.);
#12122=ORIENTED_EDGE('',*,*,#8787,.F.);
#12123=ORIENTED_EDGE('',*,*,#8788,.T.);
#12124=ORIENTED_EDGE('',*,*,#8787,.T.);
#12125=ORIENTED_EDGE('',*,*,#8789,.F.);
#12126=ORIENTED_EDGE('',*,*,#8790,.F.);
#12127=ORIENTED_EDGE('',*,*,#8791,.T.);
#12128=ORIENTED_EDGE('',*,*,#8790,.T.);
#12129=ORIENTED_EDGE('',*,*,#8792,.F.);
#12130=ORIENTED_EDGE('',*,*,#8793,.F.);
#12131=ORIENTED_EDGE('',*,*,#8794,.T.);
#12132=ORIENTED_EDGE('',*,*,#8793,.T.);
#12133=ORIENTED_EDGE('',*,*,#8795,.F.);
#12134=ORIENTED_EDGE('',*,*,#8796,.F.);
#12135=ORIENTED_EDGE('',*,*,#8797,.T.);
#12136=ORIENTED_EDGE('',*,*,#8796,.T.);
#12137=ORIENTED_EDGE('',*,*,#8798,.F.);
#12138=ORIENTED_EDGE('',*,*,#8799,.F.);
#12139=ORIENTED_EDGE('',*,*,#8800,.T.);
#12140=ORIENTED_EDGE('',*,*,#8799,.T.);
#12141=ORIENTED_EDGE('',*,*,#8801,.F.);
#12142=ORIENTED_EDGE('',*,*,#8802,.F.);
#12143=ORIENTED_EDGE('',*,*,#8803,.T.);
#12144=ORIENTED_EDGE('',*,*,#8802,.T.);
#12145=ORIENTED_EDGE('',*,*,#8804,.F.);
#12146=ORIENTED_EDGE('',*,*,#8805,.F.);
#12147=ORIENTED_EDGE('',*,*,#8806,.T.);
#12148=ORIENTED_EDGE('',*,*,#8805,.T.);
#12149=ORIENTED_EDGE('',*,*,#8807,.F.);
#12150=ORIENTED_EDGE('',*,*,#8808,.F.);
#12151=ORIENTED_EDGE('',*,*,#8809,.T.);
#12152=ORIENTED_EDGE('',*,*,#8808,.T.);
#12153=ORIENTED_EDGE('',*,*,#8810,.F.);
#12154=ORIENTED_EDGE('',*,*,#8811,.F.);
#12155=ORIENTED_EDGE('',*,*,#8812,.T.);
#12156=ORIENTED_EDGE('',*,*,#8811,.T.);
#12157=ORIENTED_EDGE('',*,*,#8813,.F.);
#12158=ORIENTED_EDGE('',*,*,#8814,.F.);
#12159=ORIENTED_EDGE('',*,*,#8815,.T.);
#12160=ORIENTED_EDGE('',*,*,#8814,.T.);
#12161=ORIENTED_EDGE('',*,*,#8816,.F.);
#12162=ORIENTED_EDGE('',*,*,#8817,.F.);
#12163=ORIENTED_EDGE('',*,*,#8818,.T.);
#12164=ORIENTED_EDGE('',*,*,#8817,.T.);
#12165=ORIENTED_EDGE('',*,*,#8819,.F.);
#12166=ORIENTED_EDGE('',*,*,#8820,.F.);
#12167=ORIENTED_EDGE('',*,*,#8821,.T.);
#12168=ORIENTED_EDGE('',*,*,#8820,.T.);
#12169=ORIENTED_EDGE('',*,*,#8822,.F.);
#12170=ORIENTED_EDGE('',*,*,#8764,.F.);
#12171=ORIENTED_EDGE('',*,*,#8823,.T.);
#12172=ORIENTED_EDGE('',*,*,#8824,.T.);
#12173=ORIENTED_EDGE('',*,*,#8825,.F.);
#12174=ORIENTED_EDGE('',*,*,#8826,.F.);
#12175=ORIENTED_EDGE('',*,*,#8827,.T.);
#12176=ORIENTED_EDGE('',*,*,#8826,.T.);
#12177=ORIENTED_EDGE('',*,*,#8828,.F.);
#12178=ORIENTED_EDGE('',*,*,#8829,.F.);
#12179=ORIENTED_EDGE('',*,*,#8830,.T.);
#12180=ORIENTED_EDGE('',*,*,#8829,.T.);
#12181=ORIENTED_EDGE('',*,*,#8831,.F.);
#12182=ORIENTED_EDGE('',*,*,#8832,.F.);
#12183=ORIENTED_EDGE('',*,*,#8833,.T.);
#12184=ORIENTED_EDGE('',*,*,#8832,.T.);
#12185=ORIENTED_EDGE('',*,*,#8834,.F.);
#12186=ORIENTED_EDGE('',*,*,#8835,.F.);
#12187=ORIENTED_EDGE('',*,*,#8836,.T.);
#12188=ORIENTED_EDGE('',*,*,#8835,.T.);
#12189=ORIENTED_EDGE('',*,*,#8837,.F.);
#12190=ORIENTED_EDGE('',*,*,#8838,.F.);
#12191=ORIENTED_EDGE('',*,*,#8839,.T.);
#12192=ORIENTED_EDGE('',*,*,#8838,.T.);
#12193=ORIENTED_EDGE('',*,*,#8840,.F.);
#12194=ORIENTED_EDGE('',*,*,#8841,.F.);
#12195=ORIENTED_EDGE('',*,*,#8842,.T.);
#12196=ORIENTED_EDGE('',*,*,#8841,.T.);
#12197=ORIENTED_EDGE('',*,*,#8843,.F.);
#12198=ORIENTED_EDGE('',*,*,#8844,.F.);
#12199=ORIENTED_EDGE('',*,*,#8845,.T.);
#12200=ORIENTED_EDGE('',*,*,#8844,.T.);
#12201=ORIENTED_EDGE('',*,*,#8846,.F.);
#12202=ORIENTED_EDGE('',*,*,#8847,.F.);
#12203=ORIENTED_EDGE('',*,*,#8848,.T.);
#12204=ORIENTED_EDGE('',*,*,#8847,.T.);
#12205=ORIENTED_EDGE('',*,*,#8849,.F.);
#12206=ORIENTED_EDGE('',*,*,#8850,.F.);
#12207=ORIENTED_EDGE('',*,*,#8851,.T.);
#12208=ORIENTED_EDGE('',*,*,#8850,.T.);
#12209=ORIENTED_EDGE('',*,*,#8852,.F.);
#12210=ORIENTED_EDGE('',*,*,#8853,.F.);
#12211=ORIENTED_EDGE('',*,*,#8854,.T.);
#12212=ORIENTED_EDGE('',*,*,#8853,.T.);
#12213=ORIENTED_EDGE('',*,*,#8855,.F.);
#12214=ORIENTED_EDGE('',*,*,#8856,.F.);
#12215=ORIENTED_EDGE('',*,*,#8857,.T.);
#12216=ORIENTED_EDGE('',*,*,#8856,.T.);
#12217=ORIENTED_EDGE('',*,*,#8858,.F.);
#12218=ORIENTED_EDGE('',*,*,#8859,.F.);
#12219=ORIENTED_EDGE('',*,*,#8860,.T.);
#12220=ORIENTED_EDGE('',*,*,#8859,.T.);
#12221=ORIENTED_EDGE('',*,*,#8861,.F.);
#12222=ORIENTED_EDGE('',*,*,#8862,.F.);
#12223=ORIENTED_EDGE('',*,*,#8863,.T.);
#12224=ORIENTED_EDGE('',*,*,#8862,.T.);
#12225=ORIENTED_EDGE('',*,*,#8864,.F.);
#12226=ORIENTED_EDGE('',*,*,#8865,.F.);
#12227=ORIENTED_EDGE('',*,*,#8866,.T.);
#12228=ORIENTED_EDGE('',*,*,#8865,.T.);
#12229=ORIENTED_EDGE('',*,*,#8867,.F.);
#12230=ORIENTED_EDGE('',*,*,#8868,.F.);
#12231=ORIENTED_EDGE('',*,*,#8869,.T.);
#12232=ORIENTED_EDGE('',*,*,#8868,.T.);
#12233=ORIENTED_EDGE('',*,*,#8870,.F.);
#12234=ORIENTED_EDGE('',*,*,#8871,.F.);
#12235=ORIENTED_EDGE('',*,*,#8872,.T.);
#12236=ORIENTED_EDGE('',*,*,#8871,.T.);
#12237=ORIENTED_EDGE('',*,*,#8873,.F.);
#12238=ORIENTED_EDGE('',*,*,#8874,.F.);
#12239=ORIENTED_EDGE('',*,*,#8875,.T.);
#12240=ORIENTED_EDGE('',*,*,#8874,.T.);
#12241=ORIENTED_EDGE('',*,*,#8876,.F.);
#12242=ORIENTED_EDGE('',*,*,#8877,.F.);
#12243=ORIENTED_EDGE('',*,*,#8878,.T.);
#12244=ORIENTED_EDGE('',*,*,#8877,.T.);
#12245=ORIENTED_EDGE('',*,*,#8879,.F.);
#12246=ORIENTED_EDGE('',*,*,#8880,.F.);
#12247=ORIENTED_EDGE('',*,*,#8881,.T.);
#12248=ORIENTED_EDGE('',*,*,#8880,.T.);
#12249=ORIENTED_EDGE('',*,*,#8882,.F.);
#12250=ORIENTED_EDGE('',*,*,#8824,.F.);
#12251=ORIENTED_EDGE('',*,*,#8883,.T.);
#12252=ORIENTED_EDGE('',*,*,#8884,.T.);
#12253=ORIENTED_EDGE('',*,*,#8885,.F.);
#12254=ORIENTED_EDGE('',*,*,#8886,.F.);
#12255=ORIENTED_EDGE('',*,*,#8887,.T.);
#12256=ORIENTED_EDGE('',*,*,#8886,.T.);
#12257=ORIENTED_EDGE('',*,*,#8888,.F.);
#12258=ORIENTED_EDGE('',*,*,#8889,.F.);
#12259=ORIENTED_EDGE('',*,*,#8890,.T.);
#12260=ORIENTED_EDGE('',*,*,#8889,.T.);
#12261=ORIENTED_EDGE('',*,*,#8891,.F.);
#12262=ORIENTED_EDGE('',*,*,#8892,.F.);
#12263=ORIENTED_EDGE('',*,*,#8893,.T.);
#12264=ORIENTED_EDGE('',*,*,#8892,.T.);
#12265=ORIENTED_EDGE('',*,*,#8894,.F.);
#12266=ORIENTED_EDGE('',*,*,#8895,.F.);
#12267=ORIENTED_EDGE('',*,*,#8896,.T.);
#12268=ORIENTED_EDGE('',*,*,#8895,.T.);
#12269=ORIENTED_EDGE('',*,*,#8897,.F.);
#12270=ORIENTED_EDGE('',*,*,#8898,.F.);
#12271=ORIENTED_EDGE('',*,*,#8899,.T.);
#12272=ORIENTED_EDGE('',*,*,#8898,.T.);
#12273=ORIENTED_EDGE('',*,*,#8900,.F.);
#12274=ORIENTED_EDGE('',*,*,#8901,.F.);
#12275=ORIENTED_EDGE('',*,*,#8902,.T.);
#12276=ORIENTED_EDGE('',*,*,#8901,.T.);
#12277=ORIENTED_EDGE('',*,*,#8903,.F.);
#12278=ORIENTED_EDGE('',*,*,#8904,.F.);
#12279=ORIENTED_EDGE('',*,*,#8905,.T.);
#12280=ORIENTED_EDGE('',*,*,#8904,.T.);
#12281=ORIENTED_EDGE('',*,*,#8906,.F.);
#12282=ORIENTED_EDGE('',*,*,#8907,.F.);
#12283=ORIENTED_EDGE('',*,*,#8908,.T.);
#12284=ORIENTED_EDGE('',*,*,#8907,.T.);
#12285=ORIENTED_EDGE('',*,*,#8909,.F.);
#12286=ORIENTED_EDGE('',*,*,#8910,.F.);
#12287=ORIENTED_EDGE('',*,*,#8911,.T.);
#12288=ORIENTED_EDGE('',*,*,#8910,.T.);
#12289=ORIENTED_EDGE('',*,*,#8912,.F.);
#12290=ORIENTED_EDGE('',*,*,#8913,.F.);
#12291=ORIENTED_EDGE('',*,*,#8914,.T.);
#12292=ORIENTED_EDGE('',*,*,#8913,.T.);
#12293=ORIENTED_EDGE('',*,*,#8915,.F.);
#12294=ORIENTED_EDGE('',*,*,#8916,.F.);
#12295=ORIENTED_EDGE('',*,*,#8917,.T.);
#12296=ORIENTED_EDGE('',*,*,#8916,.T.);
#12297=ORIENTED_EDGE('',*,*,#8918,.F.);
#12298=ORIENTED_EDGE('',*,*,#8919,.F.);
#12299=ORIENTED_EDGE('',*,*,#8920,.T.);
#12300=ORIENTED_EDGE('',*,*,#8919,.T.);
#12301=ORIENTED_EDGE('',*,*,#8921,.F.);
#12302=ORIENTED_EDGE('',*,*,#8922,.F.);
#12303=ORIENTED_EDGE('',*,*,#8923,.T.);
#12304=ORIENTED_EDGE('',*,*,#8922,.T.);
#12305=ORIENTED_EDGE('',*,*,#8924,.F.);
#12306=ORIENTED_EDGE('',*,*,#8925,.F.);
#12307=ORIENTED_EDGE('',*,*,#8926,.T.);
#12308=ORIENTED_EDGE('',*,*,#8925,.T.);
#12309=ORIENTED_EDGE('',*,*,#8927,.F.);
#12310=ORIENTED_EDGE('',*,*,#8928,.F.);
#12311=ORIENTED_EDGE('',*,*,#8929,.T.);
#12312=ORIENTED_EDGE('',*,*,#8928,.T.);
#12313=ORIENTED_EDGE('',*,*,#8930,.F.);
#12314=ORIENTED_EDGE('',*,*,#8931,.F.);
#12315=ORIENTED_EDGE('',*,*,#8932,.T.);
#12316=ORIENTED_EDGE('',*,*,#8931,.T.);
#12317=ORIENTED_EDGE('',*,*,#8933,.F.);
#12318=ORIENTED_EDGE('',*,*,#8934,.F.);
#12319=ORIENTED_EDGE('',*,*,#8935,.T.);
#12320=ORIENTED_EDGE('',*,*,#8934,.T.);
#12321=ORIENTED_EDGE('',*,*,#8936,.F.);
#12322=ORIENTED_EDGE('',*,*,#8937,.F.);
#12323=ORIENTED_EDGE('',*,*,#8938,.T.);
#12324=ORIENTED_EDGE('',*,*,#8937,.T.);
#12325=ORIENTED_EDGE('',*,*,#8939,.F.);
#12326=ORIENTED_EDGE('',*,*,#8940,.F.);
#12327=ORIENTED_EDGE('',*,*,#8941,.T.);
#12328=ORIENTED_EDGE('',*,*,#8940,.T.);
#12329=ORIENTED_EDGE('',*,*,#8942,.F.);
#12330=ORIENTED_EDGE('',*,*,#8884,.F.);
#12331=ORIENTED_EDGE('',*,*,#8943,.F.);
#12332=ORIENTED_EDGE('',*,*,#8944,.T.);
#12333=ORIENTED_EDGE('',*,*,#8945,.F.);
#12334=ORIENTED_EDGE('',*,*,#8946,.F.);
#12335=ORIENTED_EDGE('',*,*,#8947,.F.);
#12336=ORIENTED_EDGE('',*,*,#8946,.T.);
#12337=ORIENTED_EDGE('',*,*,#8948,.F.);
#12338=ORIENTED_EDGE('',*,*,#8949,.F.);
#12339=ORIENTED_EDGE('',*,*,#8950,.F.);
#12340=ORIENTED_EDGE('',*,*,#8949,.T.);
#12341=ORIENTED_EDGE('',*,*,#8951,.F.);
#12342=ORIENTED_EDGE('',*,*,#8952,.F.);
#12343=ORIENTED_EDGE('',*,*,#8953,.F.);
#12344=ORIENTED_EDGE('',*,*,#8952,.T.);
#12345=ORIENTED_EDGE('',*,*,#8954,.F.);
#12346=ORIENTED_EDGE('',*,*,#8955,.F.);
#12347=ORIENTED_EDGE('',*,*,#8956,.F.);
#12348=ORIENTED_EDGE('',*,*,#8955,.T.);
#12349=ORIENTED_EDGE('',*,*,#8957,.F.);
#12350=ORIENTED_EDGE('',*,*,#8958,.F.);
#12351=ORIENTED_EDGE('',*,*,#8959,.F.);
#12352=ORIENTED_EDGE('',*,*,#8958,.T.);
#12353=ORIENTED_EDGE('',*,*,#8960,.F.);
#12354=ORIENTED_EDGE('',*,*,#8961,.F.);
#12355=ORIENTED_EDGE('',*,*,#8962,.F.);
#12356=ORIENTED_EDGE('',*,*,#8961,.T.);
#12357=ORIENTED_EDGE('',*,*,#8963,.F.);
#12358=ORIENTED_EDGE('',*,*,#8964,.F.);
#12359=ORIENTED_EDGE('',*,*,#8965,.F.);
#12360=ORIENTED_EDGE('',*,*,#8964,.T.);
#12361=ORIENTED_EDGE('',*,*,#8966,.F.);
#12362=ORIENTED_EDGE('',*,*,#8967,.F.);
#12363=ORIENTED_EDGE('',*,*,#8968,.F.);
#12364=ORIENTED_EDGE('',*,*,#8967,.T.);
#12365=ORIENTED_EDGE('',*,*,#8969,.F.);
#12366=ORIENTED_EDGE('',*,*,#8970,.F.);
#12367=ORIENTED_EDGE('',*,*,#8971,.F.);
#12368=ORIENTED_EDGE('',*,*,#8970,.T.);
#12369=ORIENTED_EDGE('',*,*,#8972,.F.);
#12370=ORIENTED_EDGE('',*,*,#8973,.F.);
#12371=ORIENTED_EDGE('',*,*,#8974,.F.);
#12372=ORIENTED_EDGE('',*,*,#8973,.T.);
#12373=ORIENTED_EDGE('',*,*,#8975,.F.);
#12374=ORIENTED_EDGE('',*,*,#8976,.F.);
#12375=ORIENTED_EDGE('',*,*,#8977,.F.);
#12376=ORIENTED_EDGE('',*,*,#8976,.T.);
#12377=ORIENTED_EDGE('',*,*,#8978,.F.);
#12378=ORIENTED_EDGE('',*,*,#8979,.F.);
#12379=ORIENTED_EDGE('',*,*,#8980,.F.);
#12380=ORIENTED_EDGE('',*,*,#8979,.T.);
#12381=ORIENTED_EDGE('',*,*,#8981,.F.);
#12382=ORIENTED_EDGE('',*,*,#8982,.F.);
#12383=ORIENTED_EDGE('',*,*,#8983,.F.);
#12384=ORIENTED_EDGE('',*,*,#8982,.T.);
#12385=ORIENTED_EDGE('',*,*,#8984,.F.);
#12386=ORIENTED_EDGE('',*,*,#8985,.F.);
#12387=ORIENTED_EDGE('',*,*,#8986,.F.);
#12388=ORIENTED_EDGE('',*,*,#8985,.T.);
#12389=ORIENTED_EDGE('',*,*,#8987,.F.);
#12390=ORIENTED_EDGE('',*,*,#8988,.F.);
#12391=ORIENTED_EDGE('',*,*,#8989,.F.);
#12392=ORIENTED_EDGE('',*,*,#8988,.T.);
#12393=ORIENTED_EDGE('',*,*,#8990,.F.);
#12394=ORIENTED_EDGE('',*,*,#8991,.F.);
#12395=ORIENTED_EDGE('',*,*,#8992,.F.);
#12396=ORIENTED_EDGE('',*,*,#8991,.T.);
#12397=ORIENTED_EDGE('',*,*,#8993,.F.);
#12398=ORIENTED_EDGE('',*,*,#8994,.F.);
#12399=ORIENTED_EDGE('',*,*,#8995,.F.);
#12400=ORIENTED_EDGE('',*,*,#8994,.T.);
#12401=ORIENTED_EDGE('',*,*,#8996,.F.);
#12402=ORIENTED_EDGE('',*,*,#8997,.F.);
#12403=ORIENTED_EDGE('',*,*,#8998,.F.);
#12404=ORIENTED_EDGE('',*,*,#8997,.T.);
#12405=ORIENTED_EDGE('',*,*,#8999,.F.);
#12406=ORIENTED_EDGE('',*,*,#9000,.F.);
#12407=ORIENTED_EDGE('',*,*,#9001,.F.);
#12408=ORIENTED_EDGE('',*,*,#9000,.T.);
#12409=ORIENTED_EDGE('',*,*,#9002,.F.);
#12410=ORIENTED_EDGE('',*,*,#9003,.F.);
#12411=ORIENTED_EDGE('',*,*,#9004,.F.);
#12412=ORIENTED_EDGE('',*,*,#9003,.T.);
#12413=ORIENTED_EDGE('',*,*,#9005,.F.);
#12414=ORIENTED_EDGE('',*,*,#9006,.F.);
#12415=ORIENTED_EDGE('',*,*,#9007,.F.);
#12416=ORIENTED_EDGE('',*,*,#9006,.T.);
#12417=ORIENTED_EDGE('',*,*,#9008,.F.);
#12418=ORIENTED_EDGE('',*,*,#9009,.F.);
#12419=ORIENTED_EDGE('',*,*,#9010,.F.);
#12420=ORIENTED_EDGE('',*,*,#9009,.T.);
#12421=ORIENTED_EDGE('',*,*,#9011,.F.);
#12422=ORIENTED_EDGE('',*,*,#9012,.F.);
#12423=ORIENTED_EDGE('',*,*,#9013,.F.);
#12424=ORIENTED_EDGE('',*,*,#9012,.T.);
#12425=ORIENTED_EDGE('',*,*,#9014,.F.);
#12426=ORIENTED_EDGE('',*,*,#9015,.F.);
#12427=ORIENTED_EDGE('',*,*,#9016,.F.);
#12428=ORIENTED_EDGE('',*,*,#9015,.T.);
#12429=ORIENTED_EDGE('',*,*,#9017,.F.);
#12430=ORIENTED_EDGE('',*,*,#9018,.F.);
#12431=ORIENTED_EDGE('',*,*,#9019,.F.);
#12432=ORIENTED_EDGE('',*,*,#9018,.T.);
#12433=ORIENTED_EDGE('',*,*,#9020,.F.);
#12434=ORIENTED_EDGE('',*,*,#9021,.F.);
#12435=ORIENTED_EDGE('',*,*,#9022,.F.);
#12436=ORIENTED_EDGE('',*,*,#9021,.T.);
#12437=ORIENTED_EDGE('',*,*,#9023,.F.);
#12438=ORIENTED_EDGE('',*,*,#9024,.F.);
#12439=ORIENTED_EDGE('',*,*,#9025,.F.);
#12440=ORIENTED_EDGE('',*,*,#9024,.T.);
#12441=ORIENTED_EDGE('',*,*,#9026,.F.);
#12442=ORIENTED_EDGE('',*,*,#9027,.F.);
#12443=ORIENTED_EDGE('',*,*,#9028,.F.);
#12444=ORIENTED_EDGE('',*,*,#9027,.T.);
#12445=ORIENTED_EDGE('',*,*,#9029,.F.);
#12446=ORIENTED_EDGE('',*,*,#9030,.F.);
#12447=ORIENTED_EDGE('',*,*,#9031,.F.);
#12448=ORIENTED_EDGE('',*,*,#9030,.T.);
#12449=ORIENTED_EDGE('',*,*,#9032,.F.);
#12450=ORIENTED_EDGE('',*,*,#9033,.F.);
#12451=ORIENTED_EDGE('',*,*,#9034,.F.);
#12452=ORIENTED_EDGE('',*,*,#9033,.T.);
#12453=ORIENTED_EDGE('',*,*,#9035,.F.);
#12454=ORIENTED_EDGE('',*,*,#9036,.F.);
#12455=ORIENTED_EDGE('',*,*,#9037,.F.);
#12456=ORIENTED_EDGE('',*,*,#9036,.T.);
#12457=ORIENTED_EDGE('',*,*,#9038,.F.);
#12458=ORIENTED_EDGE('',*,*,#9039,.F.);
#12459=ORIENTED_EDGE('',*,*,#9040,.F.);
#12460=ORIENTED_EDGE('',*,*,#9039,.T.);
#12461=ORIENTED_EDGE('',*,*,#9041,.F.);
#12462=ORIENTED_EDGE('',*,*,#9042,.F.);
#12463=ORIENTED_EDGE('',*,*,#9043,.F.);
#12464=ORIENTED_EDGE('',*,*,#9042,.T.);
#12465=ORIENTED_EDGE('',*,*,#9044,.F.);
#12466=ORIENTED_EDGE('',*,*,#9045,.F.);
#12467=ORIENTED_EDGE('',*,*,#9046,.F.);
#12468=ORIENTED_EDGE('',*,*,#9045,.T.);
#12469=ORIENTED_EDGE('',*,*,#9047,.F.);
#12470=ORIENTED_EDGE('',*,*,#9048,.F.);
#12471=ORIENTED_EDGE('',*,*,#9049,.F.);
#12472=ORIENTED_EDGE('',*,*,#9048,.T.);
#12473=ORIENTED_EDGE('',*,*,#9050,.F.);
#12474=ORIENTED_EDGE('',*,*,#9051,.F.);
#12475=ORIENTED_EDGE('',*,*,#9052,.F.);
#12476=ORIENTED_EDGE('',*,*,#9051,.T.);
#12477=ORIENTED_EDGE('',*,*,#9053,.F.);
#12478=ORIENTED_EDGE('',*,*,#9054,.F.);
#12479=ORIENTED_EDGE('',*,*,#9055,.F.);
#12480=ORIENTED_EDGE('',*,*,#9054,.T.);
#12481=ORIENTED_EDGE('',*,*,#9056,.F.);
#12482=ORIENTED_EDGE('',*,*,#9057,.F.);
#12483=ORIENTED_EDGE('',*,*,#9058,.F.);
#12484=ORIENTED_EDGE('',*,*,#9057,.T.);
#12485=ORIENTED_EDGE('',*,*,#9059,.F.);
#12486=ORIENTED_EDGE('',*,*,#9060,.F.);
#12487=ORIENTED_EDGE('',*,*,#9061,.F.);
#12488=ORIENTED_EDGE('',*,*,#9060,.T.);
#12489=ORIENTED_EDGE('',*,*,#9062,.F.);
#12490=ORIENTED_EDGE('',*,*,#9063,.F.);
#12491=ORIENTED_EDGE('',*,*,#9064,.F.);
#12492=ORIENTED_EDGE('',*,*,#9063,.T.);
#12493=ORIENTED_EDGE('',*,*,#9065,.F.);
#12494=ORIENTED_EDGE('',*,*,#9066,.F.);
#12495=ORIENTED_EDGE('',*,*,#9067,.F.);
#12496=ORIENTED_EDGE('',*,*,#9066,.T.);
#12497=ORIENTED_EDGE('',*,*,#9068,.F.);
#12498=ORIENTED_EDGE('',*,*,#9069,.F.);
#12499=ORIENTED_EDGE('',*,*,#9070,.F.);
#12500=ORIENTED_EDGE('',*,*,#9069,.T.);
#12501=ORIENTED_EDGE('',*,*,#9071,.F.);
#12502=ORIENTED_EDGE('',*,*,#9072,.F.);
#12503=ORIENTED_EDGE('',*,*,#9073,.F.);
#12504=ORIENTED_EDGE('',*,*,#9072,.T.);
#12505=ORIENTED_EDGE('',*,*,#9074,.F.);
#12506=ORIENTED_EDGE('',*,*,#9075,.F.);
#12507=ORIENTED_EDGE('',*,*,#9076,.F.);
#12508=ORIENTED_EDGE('',*,*,#9075,.T.);
#12509=ORIENTED_EDGE('',*,*,#9077,.F.);
#12510=ORIENTED_EDGE('',*,*,#9078,.F.);
#12511=ORIENTED_EDGE('',*,*,#9079,.F.);
#12512=ORIENTED_EDGE('',*,*,#9078,.T.);
#12513=ORIENTED_EDGE('',*,*,#9080,.F.);
#12514=ORIENTED_EDGE('',*,*,#9081,.F.);
#12515=ORIENTED_EDGE('',*,*,#9082,.F.);
#12516=ORIENTED_EDGE('',*,*,#9081,.T.);
#12517=ORIENTED_EDGE('',*,*,#9083,.F.);
#12518=ORIENTED_EDGE('',*,*,#9084,.F.);
#12519=ORIENTED_EDGE('',*,*,#9085,.F.);
#12520=ORIENTED_EDGE('',*,*,#9084,.T.);
#12521=ORIENTED_EDGE('',*,*,#9086,.F.);
#12522=ORIENTED_EDGE('',*,*,#9087,.F.);
#12523=ORIENTED_EDGE('',*,*,#9088,.F.);
#12524=ORIENTED_EDGE('',*,*,#9087,.T.);
#12525=ORIENTED_EDGE('',*,*,#9089,.F.);
#12526=ORIENTED_EDGE('',*,*,#9090,.F.);
#12527=ORIENTED_EDGE('',*,*,#9091,.F.);
#12528=ORIENTED_EDGE('',*,*,#9090,.T.);
#12529=ORIENTED_EDGE('',*,*,#9092,.F.);
#12530=ORIENTED_EDGE('',*,*,#9093,.F.);
#12531=ORIENTED_EDGE('',*,*,#9094,.F.);
#12532=ORIENTED_EDGE('',*,*,#9093,.T.);
#12533=ORIENTED_EDGE('',*,*,#9095,.F.);
#12534=ORIENTED_EDGE('',*,*,#9096,.F.);
#12535=ORIENTED_EDGE('',*,*,#9097,.F.);
#12536=ORIENTED_EDGE('',*,*,#9096,.T.);
#12537=ORIENTED_EDGE('',*,*,#9098,.F.);
#12538=ORIENTED_EDGE('',*,*,#9099,.F.);
#12539=ORIENTED_EDGE('',*,*,#9100,.F.);
#12540=ORIENTED_EDGE('',*,*,#9099,.T.);
#12541=ORIENTED_EDGE('',*,*,#9101,.F.);
#12542=ORIENTED_EDGE('',*,*,#9102,.F.);
#12543=ORIENTED_EDGE('',*,*,#9103,.F.);
#12544=ORIENTED_EDGE('',*,*,#9102,.T.);
#12545=ORIENTED_EDGE('',*,*,#9104,.F.);
#12546=ORIENTED_EDGE('',*,*,#9105,.F.);
#12547=ORIENTED_EDGE('',*,*,#9106,.F.);
#12548=ORIENTED_EDGE('',*,*,#9105,.T.);
#12549=ORIENTED_EDGE('',*,*,#9107,.F.);
#12550=ORIENTED_EDGE('',*,*,#9108,.F.);
#12551=ORIENTED_EDGE('',*,*,#9109,.F.);
#12552=ORIENTED_EDGE('',*,*,#9108,.T.);
#12553=ORIENTED_EDGE('',*,*,#9110,.F.);
#12554=ORIENTED_EDGE('',*,*,#9111,.F.);
#12555=ORIENTED_EDGE('',*,*,#9112,.F.);
#12556=ORIENTED_EDGE('',*,*,#9111,.T.);
#12557=ORIENTED_EDGE('',*,*,#9113,.F.);
#12558=ORIENTED_EDGE('',*,*,#9114,.F.);
#12559=ORIENTED_EDGE('',*,*,#9115,.F.);
#12560=ORIENTED_EDGE('',*,*,#9114,.T.);
#12561=ORIENTED_EDGE('',*,*,#9116,.F.);
#12562=ORIENTED_EDGE('',*,*,#9117,.F.);
#12563=ORIENTED_EDGE('',*,*,#9118,.F.);
#12564=ORIENTED_EDGE('',*,*,#9117,.T.);
#12565=ORIENTED_EDGE('',*,*,#9119,.F.);
#12566=ORIENTED_EDGE('',*,*,#9120,.F.);
#12567=ORIENTED_EDGE('',*,*,#9121,.F.);
#12568=ORIENTED_EDGE('',*,*,#9120,.T.);
#12569=ORIENTED_EDGE('',*,*,#9122,.F.);
#12570=ORIENTED_EDGE('',*,*,#9123,.F.);
#12571=ORIENTED_EDGE('',*,*,#9124,.F.);
#12572=ORIENTED_EDGE('',*,*,#9123,.T.);
#12573=ORIENTED_EDGE('',*,*,#9125,.F.);
#12574=ORIENTED_EDGE('',*,*,#9126,.F.);
#12575=ORIENTED_EDGE('',*,*,#9127,.F.);
#12576=ORIENTED_EDGE('',*,*,#9126,.T.);
#12577=ORIENTED_EDGE('',*,*,#9128,.F.);
#12578=ORIENTED_EDGE('',*,*,#9129,.F.);
#12579=ORIENTED_EDGE('',*,*,#9130,.F.);
#12580=ORIENTED_EDGE('',*,*,#9129,.T.);
#12581=ORIENTED_EDGE('',*,*,#9131,.F.);
#12582=ORIENTED_EDGE('',*,*,#9132,.F.);
#12583=ORIENTED_EDGE('',*,*,#9133,.F.);
#12584=ORIENTED_EDGE('',*,*,#9132,.T.);
#12585=ORIENTED_EDGE('',*,*,#9134,.F.);
#12586=ORIENTED_EDGE('',*,*,#9135,.F.);
#12587=ORIENTED_EDGE('',*,*,#9136,.F.);
#12588=ORIENTED_EDGE('',*,*,#9135,.T.);
#12589=ORIENTED_EDGE('',*,*,#9137,.F.);
#12590=ORIENTED_EDGE('',*,*,#9138,.F.);
#12591=ORIENTED_EDGE('',*,*,#9139,.F.);
#12592=ORIENTED_EDGE('',*,*,#9138,.T.);
#12593=ORIENTED_EDGE('',*,*,#9140,.F.);
#12594=ORIENTED_EDGE('',*,*,#9141,.F.);
#12595=ORIENTED_EDGE('',*,*,#9142,.F.);
#12596=ORIENTED_EDGE('',*,*,#9141,.T.);
#12597=ORIENTED_EDGE('',*,*,#9143,.F.);
#12598=ORIENTED_EDGE('',*,*,#9144,.F.);
#12599=ORIENTED_EDGE('',*,*,#9145,.F.);
#12600=ORIENTED_EDGE('',*,*,#9144,.T.);
#12601=ORIENTED_EDGE('',*,*,#9146,.F.);
#12602=ORIENTED_EDGE('',*,*,#9147,.F.);
#12603=ORIENTED_EDGE('',*,*,#9148,.F.);
#12604=ORIENTED_EDGE('',*,*,#9147,.T.);
#12605=ORIENTED_EDGE('',*,*,#9149,.F.);
#12606=ORIENTED_EDGE('',*,*,#9150,.F.);
#12607=ORIENTED_EDGE('',*,*,#9151,.F.);
#12608=ORIENTED_EDGE('',*,*,#9150,.T.);
#12609=ORIENTED_EDGE('',*,*,#9152,.F.);
#12610=ORIENTED_EDGE('',*,*,#9153,.F.);
#12611=ORIENTED_EDGE('',*,*,#9154,.F.);
#12612=ORIENTED_EDGE('',*,*,#9153,.T.);
#12613=ORIENTED_EDGE('',*,*,#9155,.F.);
#12614=ORIENTED_EDGE('',*,*,#9156,.F.);
#12615=ORIENTED_EDGE('',*,*,#9157,.F.);
#12616=ORIENTED_EDGE('',*,*,#9156,.T.);
#12617=ORIENTED_EDGE('',*,*,#9158,.F.);
#12618=ORIENTED_EDGE('',*,*,#9159,.F.);
#12619=ORIENTED_EDGE('',*,*,#9160,.F.);
#12620=ORIENTED_EDGE('',*,*,#9159,.T.);
#12621=ORIENTED_EDGE('',*,*,#9161,.F.);
#12622=ORIENTED_EDGE('',*,*,#9162,.F.);
#12623=ORIENTED_EDGE('',*,*,#9163,.F.);
#12624=ORIENTED_EDGE('',*,*,#9162,.T.);
#12625=ORIENTED_EDGE('',*,*,#9164,.F.);
#12626=ORIENTED_EDGE('',*,*,#9165,.F.);
#12627=ORIENTED_EDGE('',*,*,#9166,.F.);
#12628=ORIENTED_EDGE('',*,*,#9165,.T.);
#12629=ORIENTED_EDGE('',*,*,#9167,.F.);
#12630=ORIENTED_EDGE('',*,*,#9168,.F.);
#12631=ORIENTED_EDGE('',*,*,#9169,.F.);
#12632=ORIENTED_EDGE('',*,*,#9168,.T.);
#12633=ORIENTED_EDGE('',*,*,#9170,.F.);
#12634=ORIENTED_EDGE('',*,*,#9171,.F.);
#12635=ORIENTED_EDGE('',*,*,#9172,.F.);
#12636=ORIENTED_EDGE('',*,*,#9171,.T.);
#12637=ORIENTED_EDGE('',*,*,#9173,.F.);
#12638=ORIENTED_EDGE('',*,*,#9174,.F.);
#12639=ORIENTED_EDGE('',*,*,#9175,.F.);
#12640=ORIENTED_EDGE('',*,*,#9174,.T.);
#12641=ORIENTED_EDGE('',*,*,#9176,.F.);
#12642=ORIENTED_EDGE('',*,*,#9177,.F.);
#12643=ORIENTED_EDGE('',*,*,#9178,.F.);
#12644=ORIENTED_EDGE('',*,*,#9177,.T.);
#12645=ORIENTED_EDGE('',*,*,#9179,.F.);
#12646=ORIENTED_EDGE('',*,*,#9180,.F.);
#12647=ORIENTED_EDGE('',*,*,#9181,.F.);
#12648=ORIENTED_EDGE('',*,*,#9180,.T.);
#12649=ORIENTED_EDGE('',*,*,#9182,.F.);
#12650=ORIENTED_EDGE('',*,*,#9183,.F.);
#12651=ORIENTED_EDGE('',*,*,#9184,.F.);
#12652=ORIENTED_EDGE('',*,*,#9183,.T.);
#12653=ORIENTED_EDGE('',*,*,#9185,.F.);
#12654=ORIENTED_EDGE('',*,*,#9186,.F.);
#12655=ORIENTED_EDGE('',*,*,#9187,.F.);
#12656=ORIENTED_EDGE('',*,*,#9186,.T.);
#12657=ORIENTED_EDGE('',*,*,#9188,.F.);
#12658=ORIENTED_EDGE('',*,*,#9189,.F.);
#12659=ORIENTED_EDGE('',*,*,#9190,.F.);
#12660=ORIENTED_EDGE('',*,*,#9189,.T.);
#12661=ORIENTED_EDGE('',*,*,#9191,.F.);
#12662=ORIENTED_EDGE('',*,*,#9192,.F.);
#12663=ORIENTED_EDGE('',*,*,#9193,.F.);
#12664=ORIENTED_EDGE('',*,*,#9192,.T.);
#12665=ORIENTED_EDGE('',*,*,#9194,.F.);
#12666=ORIENTED_EDGE('',*,*,#8944,.F.);
#12667=ORIENTED_EDGE('',*,*,#9194,.T.);
#12668=ORIENTED_EDGE('',*,*,#9191,.T.);
#12669=ORIENTED_EDGE('',*,*,#9188,.T.);
#12670=ORIENTED_EDGE('',*,*,#9185,.T.);
#12671=ORIENTED_EDGE('',*,*,#9182,.T.);
#12672=ORIENTED_EDGE('',*,*,#9179,.T.);
#12673=ORIENTED_EDGE('',*,*,#9176,.T.);
#12674=ORIENTED_EDGE('',*,*,#9173,.T.);
#12675=ORIENTED_EDGE('',*,*,#9170,.T.);
#12676=ORIENTED_EDGE('',*,*,#9167,.T.);
#12677=ORIENTED_EDGE('',*,*,#9164,.T.);
#12678=ORIENTED_EDGE('',*,*,#9161,.T.);
#12679=ORIENTED_EDGE('',*,*,#9158,.T.);
#12680=ORIENTED_EDGE('',*,*,#9155,.T.);
#12681=ORIENTED_EDGE('',*,*,#9152,.T.);
#12682=ORIENTED_EDGE('',*,*,#9149,.T.);
#12683=ORIENTED_EDGE('',*,*,#9146,.T.);
#12684=ORIENTED_EDGE('',*,*,#9143,.T.);
#12685=ORIENTED_EDGE('',*,*,#9140,.T.);
#12686=ORIENTED_EDGE('',*,*,#9137,.T.);
#12687=ORIENTED_EDGE('',*,*,#9134,.T.);
#12688=ORIENTED_EDGE('',*,*,#9131,.T.);
#12689=ORIENTED_EDGE('',*,*,#9128,.T.);
#12690=ORIENTED_EDGE('',*,*,#9125,.T.);
#12691=ORIENTED_EDGE('',*,*,#9122,.T.);
#12692=ORIENTED_EDGE('',*,*,#9119,.T.);
#12693=ORIENTED_EDGE('',*,*,#9116,.T.);
#12694=ORIENTED_EDGE('',*,*,#9113,.T.);
#12695=ORIENTED_EDGE('',*,*,#9110,.T.);
#12696=ORIENTED_EDGE('',*,*,#9107,.T.);
#12697=ORIENTED_EDGE('',*,*,#9104,.T.);
#12698=ORIENTED_EDGE('',*,*,#9101,.T.);
#12699=ORIENTED_EDGE('',*,*,#9098,.T.);
#12700=ORIENTED_EDGE('',*,*,#9095,.T.);
#12701=ORIENTED_EDGE('',*,*,#9092,.T.);
#12702=ORIENTED_EDGE('',*,*,#9089,.T.);
#12703=ORIENTED_EDGE('',*,*,#9086,.T.);
#12704=ORIENTED_EDGE('',*,*,#9083,.T.);
#12705=ORIENTED_EDGE('',*,*,#9080,.T.);
#12706=ORIENTED_EDGE('',*,*,#9077,.T.);
#12707=ORIENTED_EDGE('',*,*,#9074,.T.);
#12708=ORIENTED_EDGE('',*,*,#9071,.T.);
#12709=ORIENTED_EDGE('',*,*,#9068,.T.);
#12710=ORIENTED_EDGE('',*,*,#9065,.T.);
#12711=ORIENTED_EDGE('',*,*,#9062,.T.);
#12712=ORIENTED_EDGE('',*,*,#9059,.T.);
#12713=ORIENTED_EDGE('',*,*,#9056,.T.);
#12714=ORIENTED_EDGE('',*,*,#9053,.T.);
#12715=ORIENTED_EDGE('',*,*,#9050,.T.);
#12716=ORIENTED_EDGE('',*,*,#9047,.T.);
#12717=ORIENTED_EDGE('',*,*,#9044,.T.);
#12718=ORIENTED_EDGE('',*,*,#9041,.T.);
#12719=ORIENTED_EDGE('',*,*,#9038,.T.);
#12720=ORIENTED_EDGE('',*,*,#9035,.T.);
#12721=ORIENTED_EDGE('',*,*,#9032,.T.);
#12722=ORIENTED_EDGE('',*,*,#9029,.T.);
#12723=ORIENTED_EDGE('',*,*,#9026,.T.);
#12724=ORIENTED_EDGE('',*,*,#9023,.T.);
#12725=ORIENTED_EDGE('',*,*,#9020,.T.);
#12726=ORIENTED_EDGE('',*,*,#9017,.T.);
#12727=ORIENTED_EDGE('',*,*,#9014,.T.);
#12728=ORIENTED_EDGE('',*,*,#9011,.T.);
#12729=ORIENTED_EDGE('',*,*,#9008,.T.);
#12730=ORIENTED_EDGE('',*,*,#9005,.T.);
#12731=ORIENTED_EDGE('',*,*,#9002,.T.);
#12732=ORIENTED_EDGE('',*,*,#8999,.T.);
#12733=ORIENTED_EDGE('',*,*,#8996,.T.);
#12734=ORIENTED_EDGE('',*,*,#8993,.T.);
#12735=ORIENTED_EDGE('',*,*,#8990,.T.);
#12736=ORIENTED_EDGE('',*,*,#8987,.T.);
#12737=ORIENTED_EDGE('',*,*,#8984,.T.);
#12738=ORIENTED_EDGE('',*,*,#8981,.T.);
#12739=ORIENTED_EDGE('',*,*,#8978,.T.);
#12740=ORIENTED_EDGE('',*,*,#8975,.T.);
#12741=ORIENTED_EDGE('',*,*,#8972,.T.);
#12742=ORIENTED_EDGE('',*,*,#8969,.T.);
#12743=ORIENTED_EDGE('',*,*,#8966,.T.);
#12744=ORIENTED_EDGE('',*,*,#8963,.T.);
#12745=ORIENTED_EDGE('',*,*,#8960,.T.);
#12746=ORIENTED_EDGE('',*,*,#8957,.T.);
#12747=ORIENTED_EDGE('',*,*,#8954,.T.);
#12748=ORIENTED_EDGE('',*,*,#8951,.T.);
#12749=ORIENTED_EDGE('',*,*,#8948,.T.);
#12750=ORIENTED_EDGE('',*,*,#8945,.T.);
#12751=ORIENTED_EDGE('',*,*,#8151,.T.);
#12752=ORIENTED_EDGE('',*,*,#8161,.T.);
#12753=ORIENTED_EDGE('',*,*,#8158,.T.);
#12754=ORIENTED_EDGE('',*,*,#8155,.T.);
#12755=ORIENTED_EDGE('',*,*,#8942,.T.);
#12756=ORIENTED_EDGE('',*,*,#8939,.T.);
#12757=ORIENTED_EDGE('',*,*,#8936,.T.);
#12758=ORIENTED_EDGE('',*,*,#8933,.T.);
#12759=ORIENTED_EDGE('',*,*,#8930,.T.);
#12760=ORIENTED_EDGE('',*,*,#8927,.T.);
#12761=ORIENTED_EDGE('',*,*,#8924,.T.);
#12762=ORIENTED_EDGE('',*,*,#8921,.T.);
#12763=ORIENTED_EDGE('',*,*,#8918,.T.);
#12764=ORIENTED_EDGE('',*,*,#8915,.T.);
#12765=ORIENTED_EDGE('',*,*,#8912,.T.);
#12766=ORIENTED_EDGE('',*,*,#8909,.T.);
#12767=ORIENTED_EDGE('',*,*,#8906,.T.);
#12768=ORIENTED_EDGE('',*,*,#8903,.T.);
#12769=ORIENTED_EDGE('',*,*,#8900,.T.);
#12770=ORIENTED_EDGE('',*,*,#8897,.T.);
#12771=ORIENTED_EDGE('',*,*,#8894,.T.);
#12772=ORIENTED_EDGE('',*,*,#8891,.T.);
#12773=ORIENTED_EDGE('',*,*,#8888,.T.);
#12774=ORIENTED_EDGE('',*,*,#8885,.T.);
#12775=ORIENTED_EDGE('',*,*,#8882,.T.);
#12776=ORIENTED_EDGE('',*,*,#8879,.T.);
#12777=ORIENTED_EDGE('',*,*,#8876,.T.);
#12778=ORIENTED_EDGE('',*,*,#8873,.T.);
#12779=ORIENTED_EDGE('',*,*,#8870,.T.);
#12780=ORIENTED_EDGE('',*,*,#8867,.T.);
#12781=ORIENTED_EDGE('',*,*,#8864,.T.);
#12782=ORIENTED_EDGE('',*,*,#8861,.T.);
#12783=ORIENTED_EDGE('',*,*,#8858,.T.);
#12784=ORIENTED_EDGE('',*,*,#8855,.T.);
#12785=ORIENTED_EDGE('',*,*,#8852,.T.);
#12786=ORIENTED_EDGE('',*,*,#8849,.T.);
#12787=ORIENTED_EDGE('',*,*,#8846,.T.);
#12788=ORIENTED_EDGE('',*,*,#8843,.T.);
#12789=ORIENTED_EDGE('',*,*,#8840,.T.);
#12790=ORIENTED_EDGE('',*,*,#8837,.T.);
#12791=ORIENTED_EDGE('',*,*,#8834,.T.);
#12792=ORIENTED_EDGE('',*,*,#8831,.T.);
#12793=ORIENTED_EDGE('',*,*,#8828,.T.);
#12794=ORIENTED_EDGE('',*,*,#8825,.T.);
#12795=ORIENTED_EDGE('',*,*,#8822,.T.);
#12796=ORIENTED_EDGE('',*,*,#8819,.T.);
#12797=ORIENTED_EDGE('',*,*,#8816,.T.);
#12798=ORIENTED_EDGE('',*,*,#8813,.T.);
#12799=ORIENTED_EDGE('',*,*,#8810,.T.);
#12800=ORIENTED_EDGE('',*,*,#8807,.T.);
#12801=ORIENTED_EDGE('',*,*,#8804,.T.);
#12802=ORIENTED_EDGE('',*,*,#8801,.T.);
#12803=ORIENTED_EDGE('',*,*,#8798,.T.);
#12804=ORIENTED_EDGE('',*,*,#8795,.T.);
#12805=ORIENTED_EDGE('',*,*,#8792,.T.);
#12806=ORIENTED_EDGE('',*,*,#8789,.T.);
#12807=ORIENTED_EDGE('',*,*,#8786,.T.);
#12808=ORIENTED_EDGE('',*,*,#8783,.T.);
#12809=ORIENTED_EDGE('',*,*,#8780,.T.);
#12810=ORIENTED_EDGE('',*,*,#8777,.T.);
#12811=ORIENTED_EDGE('',*,*,#8774,.T.);
#12812=ORIENTED_EDGE('',*,*,#8771,.T.);
#12813=ORIENTED_EDGE('',*,*,#8768,.T.);
#12814=ORIENTED_EDGE('',*,*,#8765,.T.);
#12815=ORIENTED_EDGE('',*,*,#8762,.T.);
#12816=ORIENTED_EDGE('',*,*,#8759,.T.);
#12817=ORIENTED_EDGE('',*,*,#8756,.T.);
#12818=ORIENTED_EDGE('',*,*,#8753,.T.);
#12819=ORIENTED_EDGE('',*,*,#8750,.T.);
#12820=ORIENTED_EDGE('',*,*,#8747,.T.);
#12821=ORIENTED_EDGE('',*,*,#8744,.T.);
#12822=ORIENTED_EDGE('',*,*,#8741,.T.);
#12823=ORIENTED_EDGE('',*,*,#8738,.T.);
#12824=ORIENTED_EDGE('',*,*,#8735,.T.);
#12825=ORIENTED_EDGE('',*,*,#8732,.T.);
#12826=ORIENTED_EDGE('',*,*,#8729,.T.);
#12827=ORIENTED_EDGE('',*,*,#8726,.T.);
#12828=ORIENTED_EDGE('',*,*,#8723,.T.);
#12829=ORIENTED_EDGE('',*,*,#8720,.T.);
#12830=ORIENTED_EDGE('',*,*,#8717,.T.);
#12831=ORIENTED_EDGE('',*,*,#8714,.T.);
#12832=ORIENTED_EDGE('',*,*,#8711,.T.);
#12833=ORIENTED_EDGE('',*,*,#8708,.T.);
#12834=ORIENTED_EDGE('',*,*,#8705,.T.);
#12835=ORIENTED_EDGE('',*,*,#8702,.T.);
#12836=ORIENTED_EDGE('',*,*,#8699,.T.);
#12837=ORIENTED_EDGE('',*,*,#8696,.T.);
#12838=ORIENTED_EDGE('',*,*,#8693,.T.);
#12839=ORIENTED_EDGE('',*,*,#8690,.T.);
#12840=ORIENTED_EDGE('',*,*,#8687,.T.);
#12841=ORIENTED_EDGE('',*,*,#8684,.T.);
#12842=ORIENTED_EDGE('',*,*,#8681,.T.);
#12843=ORIENTED_EDGE('',*,*,#8678,.T.);
#12844=ORIENTED_EDGE('',*,*,#8675,.T.);
#12845=ORIENTED_EDGE('',*,*,#8672,.T.);
#12846=ORIENTED_EDGE('',*,*,#8669,.T.);
#12847=ORIENTED_EDGE('',*,*,#8666,.T.);
#12848=ORIENTED_EDGE('',*,*,#8663,.T.);
#12849=ORIENTED_EDGE('',*,*,#8660,.T.);
#12850=ORIENTED_EDGE('',*,*,#8657,.T.);
#12851=ORIENTED_EDGE('',*,*,#8654,.T.);
#12852=ORIENTED_EDGE('',*,*,#8651,.T.);
#12853=ORIENTED_EDGE('',*,*,#8648,.T.);
#12854=ORIENTED_EDGE('',*,*,#8645,.T.);
#12855=ORIENTED_EDGE('',*,*,#8642,.T.);
#12856=ORIENTED_EDGE('',*,*,#8639,.T.);
#12857=ORIENTED_EDGE('',*,*,#8636,.T.);
#12858=ORIENTED_EDGE('',*,*,#8633,.T.);
#12859=ORIENTED_EDGE('',*,*,#8630,.T.);
#12860=ORIENTED_EDGE('',*,*,#8627,.T.);
#12861=ORIENTED_EDGE('',*,*,#8624,.T.);
#12862=ORIENTED_EDGE('',*,*,#8621,.T.);
#12863=ORIENTED_EDGE('',*,*,#8618,.T.);
#12864=ORIENTED_EDGE('',*,*,#8615,.T.);
#12865=ORIENTED_EDGE('',*,*,#8612,.T.);
#12866=ORIENTED_EDGE('',*,*,#8609,.T.);
#12867=ORIENTED_EDGE('',*,*,#8606,.T.);
#12868=ORIENTED_EDGE('',*,*,#8603,.T.);
#12869=ORIENTED_EDGE('',*,*,#8600,.T.);
#12870=ORIENTED_EDGE('',*,*,#8597,.T.);
#12871=ORIENTED_EDGE('',*,*,#8594,.T.);
#12872=ORIENTED_EDGE('',*,*,#8591,.T.);
#12873=ORIENTED_EDGE('',*,*,#8588,.T.);
#12874=ORIENTED_EDGE('',*,*,#8585,.T.);
#12875=ORIENTED_EDGE('',*,*,#8582,.T.);
#12876=ORIENTED_EDGE('',*,*,#8579,.T.);
#12877=ORIENTED_EDGE('',*,*,#8576,.T.);
#12878=ORIENTED_EDGE('',*,*,#8573,.T.);
#12879=ORIENTED_EDGE('',*,*,#8570,.T.);
#12880=ORIENTED_EDGE('',*,*,#8567,.T.);
#12881=ORIENTED_EDGE('',*,*,#8564,.T.);
#12882=ORIENTED_EDGE('',*,*,#8561,.T.);
#12883=ORIENTED_EDGE('',*,*,#8558,.T.);
#12884=ORIENTED_EDGE('',*,*,#8555,.T.);
#12885=ORIENTED_EDGE('',*,*,#8552,.T.);
#12886=ORIENTED_EDGE('',*,*,#8549,.T.);
#12887=ORIENTED_EDGE('',*,*,#8546,.T.);
#12888=ORIENTED_EDGE('',*,*,#8543,.T.);
#12889=ORIENTED_EDGE('',*,*,#8540,.T.);
#12890=ORIENTED_EDGE('',*,*,#8537,.T.);
#12891=ORIENTED_EDGE('',*,*,#8534,.T.);
#12892=ORIENTED_EDGE('',*,*,#8531,.T.);
#12893=ORIENTED_EDGE('',*,*,#8528,.T.);
#12894=ORIENTED_EDGE('',*,*,#8525,.T.);
#12895=ORIENTED_EDGE('',*,*,#8522,.T.);
#12896=ORIENTED_EDGE('',*,*,#8519,.T.);
#12897=ORIENTED_EDGE('',*,*,#8516,.T.);
#12898=ORIENTED_EDGE('',*,*,#8513,.T.);
#12899=ORIENTED_EDGE('',*,*,#8510,.T.);
#12900=ORIENTED_EDGE('',*,*,#8507,.T.);
#12901=ORIENTED_EDGE('',*,*,#8504,.T.);
#12902=ORIENTED_EDGE('',*,*,#8501,.T.);
#12903=ORIENTED_EDGE('',*,*,#8498,.T.);
#12904=ORIENTED_EDGE('',*,*,#8495,.T.);
#12905=ORIENTED_EDGE('',*,*,#8492,.T.);
#12906=ORIENTED_EDGE('',*,*,#8489,.T.);
#12907=ORIENTED_EDGE('',*,*,#8486,.T.);
#12908=ORIENTED_EDGE('',*,*,#8483,.T.);
#12909=ORIENTED_EDGE('',*,*,#8480,.T.);
#12910=ORIENTED_EDGE('',*,*,#8477,.T.);
#12911=ORIENTED_EDGE('',*,*,#8474,.T.);
#12912=ORIENTED_EDGE('',*,*,#8471,.T.);
#12913=ORIENTED_EDGE('',*,*,#8468,.T.);
#12914=ORIENTED_EDGE('',*,*,#8465,.T.);
#12915=ORIENTED_EDGE('',*,*,#8462,.T.);
#12916=ORIENTED_EDGE('',*,*,#8459,.T.);
#12917=ORIENTED_EDGE('',*,*,#8456,.T.);
#12918=ORIENTED_EDGE('',*,*,#8453,.T.);
#12919=ORIENTED_EDGE('',*,*,#8450,.T.);
#12920=ORIENTED_EDGE('',*,*,#8447,.T.);
#12921=ORIENTED_EDGE('',*,*,#8444,.T.);
#12922=ORIENTED_EDGE('',*,*,#8441,.T.);
#12923=ORIENTED_EDGE('',*,*,#8438,.T.);
#12924=ORIENTED_EDGE('',*,*,#8435,.T.);
#12925=ORIENTED_EDGE('',*,*,#8432,.T.);
#12926=ORIENTED_EDGE('',*,*,#8429,.T.);
#12927=ORIENTED_EDGE('',*,*,#8426,.T.);
#12928=ORIENTED_EDGE('',*,*,#8423,.T.);
#12929=ORIENTED_EDGE('',*,*,#8420,.T.);
#12930=ORIENTED_EDGE('',*,*,#8417,.T.);
#12931=ORIENTED_EDGE('',*,*,#8414,.T.);
#12932=ORIENTED_EDGE('',*,*,#8411,.T.);
#12933=ORIENTED_EDGE('',*,*,#8408,.T.);
#12934=ORIENTED_EDGE('',*,*,#8405,.T.);
#12935=ORIENTED_EDGE('',*,*,#8402,.T.);
#12936=ORIENTED_EDGE('',*,*,#8399,.T.);
#12937=ORIENTED_EDGE('',*,*,#8396,.T.);
#12938=ORIENTED_EDGE('',*,*,#8393,.T.);
#12939=ORIENTED_EDGE('',*,*,#8390,.T.);
#12940=ORIENTED_EDGE('',*,*,#8387,.T.);
#12941=ORIENTED_EDGE('',*,*,#8384,.T.);
#12942=ORIENTED_EDGE('',*,*,#8381,.T.);
#12943=ORIENTED_EDGE('',*,*,#8378,.T.);
#12944=ORIENTED_EDGE('',*,*,#8375,.T.);
#12945=ORIENTED_EDGE('',*,*,#8372,.T.);
#12946=ORIENTED_EDGE('',*,*,#8369,.T.);
#12947=ORIENTED_EDGE('',*,*,#8366,.T.);
#12948=ORIENTED_EDGE('',*,*,#8363,.T.);
#12949=ORIENTED_EDGE('',*,*,#8360,.T.);
#12950=ORIENTED_EDGE('',*,*,#8357,.T.);
#12951=ORIENTED_EDGE('',*,*,#8354,.T.);
#12952=ORIENTED_EDGE('',*,*,#8351,.T.);
#12953=ORIENTED_EDGE('',*,*,#8348,.T.);
#12954=ORIENTED_EDGE('',*,*,#8345,.T.);
#12955=ORIENTED_EDGE('',*,*,#8342,.T.);
#12956=ORIENTED_EDGE('',*,*,#8339,.T.);
#12957=ORIENTED_EDGE('',*,*,#8336,.T.);
#12958=ORIENTED_EDGE('',*,*,#8333,.T.);
#12959=ORIENTED_EDGE('',*,*,#8330,.T.);
#12960=ORIENTED_EDGE('',*,*,#8327,.T.);
#12961=ORIENTED_EDGE('',*,*,#8324,.T.);
#12962=ORIENTED_EDGE('',*,*,#8321,.T.);
#12963=ORIENTED_EDGE('',*,*,#8318,.T.);
#12964=ORIENTED_EDGE('',*,*,#8315,.T.);
#12965=ORIENTED_EDGE('',*,*,#8312,.T.);
#12966=ORIENTED_EDGE('',*,*,#8309,.T.);
#12967=ORIENTED_EDGE('',*,*,#8306,.T.);
#12968=ORIENTED_EDGE('',*,*,#8303,.T.);
#12969=ORIENTED_EDGE('',*,*,#8300,.T.);
#12970=ORIENTED_EDGE('',*,*,#8297,.T.);
#12971=ORIENTED_EDGE('',*,*,#8294,.T.);
#12972=ORIENTED_EDGE('',*,*,#8291,.T.);
#12973=ORIENTED_EDGE('',*,*,#8288,.T.);
#12974=ORIENTED_EDGE('',*,*,#8285,.T.);
#12975=ORIENTED_EDGE('',*,*,#8282,.T.);
#12976=ORIENTED_EDGE('',*,*,#8279,.T.);
#12977=ORIENTED_EDGE('',*,*,#8276,.T.);
#12978=ORIENTED_EDGE('',*,*,#8273,.T.);
#12979=ORIENTED_EDGE('',*,*,#8270,.T.);
#12980=ORIENTED_EDGE('',*,*,#8267,.T.);
#12981=ORIENTED_EDGE('',*,*,#8264,.T.);
#12982=ORIENTED_EDGE('',*,*,#8261,.T.);
#12983=ORIENTED_EDGE('',*,*,#8258,.T.);
#12984=ORIENTED_EDGE('',*,*,#8255,.T.);
#12985=ORIENTED_EDGE('',*,*,#8252,.T.);
#12986=ORIENTED_EDGE('',*,*,#8249,.T.);
#12987=ORIENTED_EDGE('',*,*,#8246,.T.);
#12988=ORIENTED_EDGE('',*,*,#8243,.T.);
#12989=ORIENTED_EDGE('',*,*,#8240,.T.);
#12990=ORIENTED_EDGE('',*,*,#8237,.T.);
#12991=ORIENTED_EDGE('',*,*,#8234,.T.);
#12992=ORIENTED_EDGE('',*,*,#8231,.T.);
#12993=ORIENTED_EDGE('',*,*,#8228,.T.);
#12994=ORIENTED_EDGE('',*,*,#8225,.T.);
#12995=ORIENTED_EDGE('',*,*,#8222,.T.);
#12996=ORIENTED_EDGE('',*,*,#8219,.T.);
#12997=ORIENTED_EDGE('',*,*,#8216,.T.);
#12998=ORIENTED_EDGE('',*,*,#8213,.T.);
#12999=ORIENTED_EDGE('',*,*,#8210,.T.);
#13000=ORIENTED_EDGE('',*,*,#8207,.T.);
#13001=ORIENTED_EDGE('',*,*,#8204,.T.);
#13002=ORIENTED_EDGE('',*,*,#8201,.T.);
#13003=ORIENTED_EDGE('',*,*,#8198,.T.);
#13004=ORIENTED_EDGE('',*,*,#8195,.T.);
#13005=ORIENTED_EDGE('',*,*,#8192,.T.);
#13006=ORIENTED_EDGE('',*,*,#8189,.T.);
#13007=ORIENTED_EDGE('',*,*,#8186,.T.);
#13008=ORIENTED_EDGE('',*,*,#8183,.T.);
#13009=ORIENTED_EDGE('',*,*,#8180,.T.);
#13010=ORIENTED_EDGE('',*,*,#8177,.T.);
#13011=ORIENTED_EDGE('',*,*,#8174,.T.);
#13012=ORIENTED_EDGE('',*,*,#8171,.T.);
#13013=ORIENTED_EDGE('',*,*,#8168,.T.);
#13014=ORIENTED_EDGE('',*,*,#8165,.T.);
#13015=ORIENTED_EDGE('',*,*,#8139,.T.);
#13016=ORIENTED_EDGE('',*,*,#8149,.T.);
#13017=ORIENTED_EDGE('',*,*,#8146,.T.);
#13018=ORIENTED_EDGE('',*,*,#8143,.T.);
#13019=ORIENTED_EDGE('',*,*,#9193,.T.);
#13020=ORIENTED_EDGE('',*,*,#8943,.T.);
#13021=ORIENTED_EDGE('',*,*,#8947,.T.);
#13022=ORIENTED_EDGE('',*,*,#8950,.T.);
#13023=ORIENTED_EDGE('',*,*,#8953,.T.);
#13024=ORIENTED_EDGE('',*,*,#8956,.T.);
#13025=ORIENTED_EDGE('',*,*,#8959,.T.);
#13026=ORIENTED_EDGE('',*,*,#8962,.T.);
#13027=ORIENTED_EDGE('',*,*,#8965,.T.);
#13028=ORIENTED_EDGE('',*,*,#8968,.T.);
#13029=ORIENTED_EDGE('',*,*,#8971,.T.);
#13030=ORIENTED_EDGE('',*,*,#8974,.T.);
#13031=ORIENTED_EDGE('',*,*,#8977,.T.);
#13032=ORIENTED_EDGE('',*,*,#8980,.T.);
#13033=ORIENTED_EDGE('',*,*,#8983,.T.);
#13034=ORIENTED_EDGE('',*,*,#8986,.T.);
#13035=ORIENTED_EDGE('',*,*,#8989,.T.);
#13036=ORIENTED_EDGE('',*,*,#8992,.T.);
#13037=ORIENTED_EDGE('',*,*,#8995,.T.);
#13038=ORIENTED_EDGE('',*,*,#8998,.T.);
#13039=ORIENTED_EDGE('',*,*,#9001,.T.);
#13040=ORIENTED_EDGE('',*,*,#9004,.T.);
#13041=ORIENTED_EDGE('',*,*,#9007,.T.);
#13042=ORIENTED_EDGE('',*,*,#9010,.T.);
#13043=ORIENTED_EDGE('',*,*,#9013,.T.);
#13044=ORIENTED_EDGE('',*,*,#9016,.T.);
#13045=ORIENTED_EDGE('',*,*,#9019,.T.);
#13046=ORIENTED_EDGE('',*,*,#9022,.T.);
#13047=ORIENTED_EDGE('',*,*,#9025,.T.);
#13048=ORIENTED_EDGE('',*,*,#9028,.T.);
#13049=ORIENTED_EDGE('',*,*,#9031,.T.);
#13050=ORIENTED_EDGE('',*,*,#9034,.T.);
#13051=ORIENTED_EDGE('',*,*,#9037,.T.);
#13052=ORIENTED_EDGE('',*,*,#9040,.T.);
#13053=ORIENTED_EDGE('',*,*,#9043,.T.);
#13054=ORIENTED_EDGE('',*,*,#9046,.T.);
#13055=ORIENTED_EDGE('',*,*,#9049,.T.);
#13056=ORIENTED_EDGE('',*,*,#9052,.T.);
#13057=ORIENTED_EDGE('',*,*,#9055,.T.);
#13058=ORIENTED_EDGE('',*,*,#9058,.T.);
#13059=ORIENTED_EDGE('',*,*,#9061,.T.);
#13060=ORIENTED_EDGE('',*,*,#9064,.T.);
#13061=ORIENTED_EDGE('',*,*,#9067,.T.);
#13062=ORIENTED_EDGE('',*,*,#9070,.T.);
#13063=ORIENTED_EDGE('',*,*,#9073,.T.);
#13064=ORIENTED_EDGE('',*,*,#9076,.T.);
#13065=ORIENTED_EDGE('',*,*,#9079,.T.);
#13066=ORIENTED_EDGE('',*,*,#9082,.T.);
#13067=ORIENTED_EDGE('',*,*,#9085,.T.);
#13068=ORIENTED_EDGE('',*,*,#9088,.T.);
#13069=ORIENTED_EDGE('',*,*,#9091,.T.);
#13070=ORIENTED_EDGE('',*,*,#9094,.T.);
#13071=ORIENTED_EDGE('',*,*,#9097,.T.);
#13072=ORIENTED_EDGE('',*,*,#9100,.T.);
#13073=ORIENTED_EDGE('',*,*,#9103,.T.);
#13074=ORIENTED_EDGE('',*,*,#9106,.T.);
#13075=ORIENTED_EDGE('',*,*,#9109,.T.);
#13076=ORIENTED_EDGE('',*,*,#9112,.T.);
#13077=ORIENTED_EDGE('',*,*,#9115,.T.);
#13078=ORIENTED_EDGE('',*,*,#9118,.T.);
#13079=ORIENTED_EDGE('',*,*,#9121,.T.);
#13080=ORIENTED_EDGE('',*,*,#9124,.T.);
#13081=ORIENTED_EDGE('',*,*,#9127,.T.);
#13082=ORIENTED_EDGE('',*,*,#9130,.T.);
#13083=ORIENTED_EDGE('',*,*,#9133,.T.);
#13084=ORIENTED_EDGE('',*,*,#9136,.T.);
#13085=ORIENTED_EDGE('',*,*,#9139,.T.);
#13086=ORIENTED_EDGE('',*,*,#9142,.T.);
#13087=ORIENTED_EDGE('',*,*,#9145,.T.);
#13088=ORIENTED_EDGE('',*,*,#9148,.T.);
#13089=ORIENTED_EDGE('',*,*,#9151,.T.);
#13090=ORIENTED_EDGE('',*,*,#9154,.T.);
#13091=ORIENTED_EDGE('',*,*,#9157,.T.);
#13092=ORIENTED_EDGE('',*,*,#9160,.T.);
#13093=ORIENTED_EDGE('',*,*,#9163,.T.);
#13094=ORIENTED_EDGE('',*,*,#9166,.T.);
#13095=ORIENTED_EDGE('',*,*,#9169,.T.);
#13096=ORIENTED_EDGE('',*,*,#9172,.T.);
#13097=ORIENTED_EDGE('',*,*,#9175,.T.);
#13098=ORIENTED_EDGE('',*,*,#9178,.T.);
#13099=ORIENTED_EDGE('',*,*,#9181,.T.);
#13100=ORIENTED_EDGE('',*,*,#9184,.T.);
#13101=ORIENTED_EDGE('',*,*,#9187,.T.);
#13102=ORIENTED_EDGE('',*,*,#9190,.T.);
#13103=ORIENTED_EDGE('',*,*,#8153,.T.);
#13104=ORIENTED_EDGE('',*,*,#8157,.T.);
#13105=ORIENTED_EDGE('',*,*,#8160,.T.);
#13106=ORIENTED_EDGE('',*,*,#8162,.T.);
#13107=ORIENTED_EDGE('',*,*,#8941,.F.);
#13108=ORIENTED_EDGE('',*,*,#8883,.F.);
#13109=ORIENTED_EDGE('',*,*,#8887,.F.);
#13110=ORIENTED_EDGE('',*,*,#8890,.F.);
#13111=ORIENTED_EDGE('',*,*,#8893,.F.);
#13112=ORIENTED_EDGE('',*,*,#8896,.F.);
#13113=ORIENTED_EDGE('',*,*,#8899,.F.);
#13114=ORIENTED_EDGE('',*,*,#8902,.F.);
#13115=ORIENTED_EDGE('',*,*,#8905,.F.);
#13116=ORIENTED_EDGE('',*,*,#8908,.F.);
#13117=ORIENTED_EDGE('',*,*,#8911,.F.);
#13118=ORIENTED_EDGE('',*,*,#8914,.F.);
#13119=ORIENTED_EDGE('',*,*,#8917,.F.);
#13120=ORIENTED_EDGE('',*,*,#8920,.F.);
#13121=ORIENTED_EDGE('',*,*,#8923,.F.);
#13122=ORIENTED_EDGE('',*,*,#8926,.F.);
#13123=ORIENTED_EDGE('',*,*,#8929,.F.);
#13124=ORIENTED_EDGE('',*,*,#8932,.F.);
#13125=ORIENTED_EDGE('',*,*,#8935,.F.);
#13126=ORIENTED_EDGE('',*,*,#8938,.F.);
#13127=ORIENTED_EDGE('',*,*,#8881,.F.);
#13128=ORIENTED_EDGE('',*,*,#8823,.F.);
#13129=ORIENTED_EDGE('',*,*,#8827,.F.);
#13130=ORIENTED_EDGE('',*,*,#8830,.F.);
#13131=ORIENTED_EDGE('',*,*,#8833,.F.);
#13132=ORIENTED_EDGE('',*,*,#8836,.F.);
#13133=ORIENTED_EDGE('',*,*,#8839,.F.);
#13134=ORIENTED_EDGE('',*,*,#8842,.F.);
#13135=ORIENTED_EDGE('',*,*,#8845,.F.);
#13136=ORIENTED_EDGE('',*,*,#8848,.F.);
#13137=ORIENTED_EDGE('',*,*,#8851,.F.);
#13138=ORIENTED_EDGE('',*,*,#8854,.F.);
#13139=ORIENTED_EDGE('',*,*,#8857,.F.);
#13140=ORIENTED_EDGE('',*,*,#8860,.F.);
#13141=ORIENTED_EDGE('',*,*,#8863,.F.);
#13142=ORIENTED_EDGE('',*,*,#8866,.F.);
#13143=ORIENTED_EDGE('',*,*,#8869,.F.);
#13144=ORIENTED_EDGE('',*,*,#8872,.F.);
#13145=ORIENTED_EDGE('',*,*,#8875,.F.);
#13146=ORIENTED_EDGE('',*,*,#8878,.F.);
#13147=ORIENTED_EDGE('',*,*,#8821,.F.);
#13148=ORIENTED_EDGE('',*,*,#8763,.F.);
#13149=ORIENTED_EDGE('',*,*,#8767,.F.);
#13150=ORIENTED_EDGE('',*,*,#8770,.F.);
#13151=ORIENTED_EDGE('',*,*,#8773,.F.);
#13152=ORIENTED_EDGE('',*,*,#8776,.F.);
#13153=ORIENTED_EDGE('',*,*,#8779,.F.);
#13154=ORIENTED_EDGE('',*,*,#8782,.F.);
#13155=ORIENTED_EDGE('',*,*,#8785,.F.);
#13156=ORIENTED_EDGE('',*,*,#8788,.F.);
#13157=ORIENTED_EDGE('',*,*,#8791,.F.);
#13158=ORIENTED_EDGE('',*,*,#8794,.F.);
#13159=ORIENTED_EDGE('',*,*,#8797,.F.);
#13160=ORIENTED_EDGE('',*,*,#8800,.F.);
#13161=ORIENTED_EDGE('',*,*,#8803,.F.);
#13162=ORIENTED_EDGE('',*,*,#8806,.F.);
#13163=ORIENTED_EDGE('',*,*,#8809,.F.);
#13164=ORIENTED_EDGE('',*,*,#8812,.F.);
#13165=ORIENTED_EDGE('',*,*,#8815,.F.);
#13166=ORIENTED_EDGE('',*,*,#8818,.F.);
#13167=ORIENTED_EDGE('',*,*,#8761,.F.);
#13168=ORIENTED_EDGE('',*,*,#8703,.F.);
#13169=ORIENTED_EDGE('',*,*,#8707,.F.);
#13170=ORIENTED_EDGE('',*,*,#8710,.F.);
#13171=ORIENTED_EDGE('',*,*,#8713,.F.);
#13172=ORIENTED_EDGE('',*,*,#8716,.F.);
#13173=ORIENTED_EDGE('',*,*,#8719,.F.);
#13174=ORIENTED_EDGE('',*,*,#8722,.F.);
#13175=ORIENTED_EDGE('',*,*,#8725,.F.);
#13176=ORIENTED_EDGE('',*,*,#8728,.F.);
#13177=ORIENTED_EDGE('',*,*,#8731,.F.);
#13178=ORIENTED_EDGE('',*,*,#8734,.F.);
#13179=ORIENTED_EDGE('',*,*,#8737,.F.);
#13180=ORIENTED_EDGE('',*,*,#8740,.F.);
#13181=ORIENTED_EDGE('',*,*,#8743,.F.);
#13182=ORIENTED_EDGE('',*,*,#8746,.F.);
#13183=ORIENTED_EDGE('',*,*,#8749,.F.);
#13184=ORIENTED_EDGE('',*,*,#8752,.F.);
#13185=ORIENTED_EDGE('',*,*,#8755,.F.);
#13186=ORIENTED_EDGE('',*,*,#8758,.F.);
#13187=ORIENTED_EDGE('',*,*,#8701,.F.);
#13188=ORIENTED_EDGE('',*,*,#8643,.F.);
#13189=ORIENTED_EDGE('',*,*,#8647,.F.);
#13190=ORIENTED_EDGE('',*,*,#8650,.F.);
#13191=ORIENTED_EDGE('',*,*,#8653,.F.);
#13192=ORIENTED_EDGE('',*,*,#8656,.F.);
#13193=ORIENTED_EDGE('',*,*,#8659,.F.);
#13194=ORIENTED_EDGE('',*,*,#8662,.F.);
#13195=ORIENTED_EDGE('',*,*,#8665,.F.);
#13196=ORIENTED_EDGE('',*,*,#8668,.F.);
#13197=ORIENTED_EDGE('',*,*,#8671,.F.);
#13198=ORIENTED_EDGE('',*,*,#8674,.F.);
#13199=ORIENTED_EDGE('',*,*,#8677,.F.);
#13200=ORIENTED_EDGE('',*,*,#8680,.F.);
#13201=ORIENTED_EDGE('',*,*,#8683,.F.);
#13202=ORIENTED_EDGE('',*,*,#8686,.F.);
#13203=ORIENTED_EDGE('',*,*,#8689,.F.);
#13204=ORIENTED_EDGE('',*,*,#8692,.F.);
#13205=ORIENTED_EDGE('',*,*,#8695,.F.);
#13206=ORIENTED_EDGE('',*,*,#8698,.F.);
#13207=ORIENTED_EDGE('',*,*,#8641,.F.);
#13208=ORIENTED_EDGE('',*,*,#8583,.F.);
#13209=ORIENTED_EDGE('',*,*,#8587,.F.);
#13210=ORIENTED_EDGE('',*,*,#8590,.F.);
#13211=ORIENTED_EDGE('',*,*,#8593,.F.);
#13212=ORIENTED_EDGE('',*,*,#8596,.F.);
#13213=ORIENTED_EDGE('',*,*,#8599,.F.);
#13214=ORIENTED_EDGE('',*,*,#8602,.F.);
#13215=ORIENTED_EDGE('',*,*,#8605,.F.);
#13216=ORIENTED_EDGE('',*,*,#8608,.F.);
#13217=ORIENTED_EDGE('',*,*,#8611,.F.);
#13218=ORIENTED_EDGE('',*,*,#8614,.F.);
#13219=ORIENTED_EDGE('',*,*,#8617,.F.);
#13220=ORIENTED_EDGE('',*,*,#8620,.F.);
#13221=ORIENTED_EDGE('',*,*,#8623,.F.);
#13222=ORIENTED_EDGE('',*,*,#8626,.F.);
#13223=ORIENTED_EDGE('',*,*,#8629,.F.);
#13224=ORIENTED_EDGE('',*,*,#8632,.F.);
#13225=ORIENTED_EDGE('',*,*,#8635,.F.);
#13226=ORIENTED_EDGE('',*,*,#8638,.F.);
#13227=ORIENTED_EDGE('',*,*,#8581,.F.);
#13228=ORIENTED_EDGE('',*,*,#8523,.F.);
#13229=ORIENTED_EDGE('',*,*,#8527,.F.);
#13230=ORIENTED_EDGE('',*,*,#8530,.F.);
#13231=ORIENTED_EDGE('',*,*,#8533,.F.);
#13232=ORIENTED_EDGE('',*,*,#8536,.F.);
#13233=ORIENTED_EDGE('',*,*,#8539,.F.);
#13234=ORIENTED_EDGE('',*,*,#8542,.F.);
#13235=ORIENTED_EDGE('',*,*,#8545,.F.);
#13236=ORIENTED_EDGE('',*,*,#8548,.F.);
#13237=ORIENTED_EDGE('',*,*,#8551,.F.);
#13238=ORIENTED_EDGE('',*,*,#8554,.F.);
#13239=ORIENTED_EDGE('',*,*,#8557,.F.);
#13240=ORIENTED_EDGE('',*,*,#8560,.F.);
#13241=ORIENTED_EDGE('',*,*,#8563,.F.);
#13242=ORIENTED_EDGE('',*,*,#8566,.F.);
#13243=ORIENTED_EDGE('',*,*,#8569,.F.);
#13244=ORIENTED_EDGE('',*,*,#8572,.F.);
#13245=ORIENTED_EDGE('',*,*,#8575,.F.);
#13246=ORIENTED_EDGE('',*,*,#8578,.F.);
#13247=ORIENTED_EDGE('',*,*,#8521,.F.);
#13248=ORIENTED_EDGE('',*,*,#8463,.F.);
#13249=ORIENTED_EDGE('',*,*,#8467,.F.);
#13250=ORIENTED_EDGE('',*,*,#8470,.F.);
#13251=ORIENTED_EDGE('',*,*,#8473,.F.);
#13252=ORIENTED_EDGE('',*,*,#8476,.F.);
#13253=ORIENTED_EDGE('',*,*,#8479,.F.);
#13254=ORIENTED_EDGE('',*,*,#8482,.F.);
#13255=ORIENTED_EDGE('',*,*,#8485,.F.);
#13256=ORIENTED_EDGE('',*,*,#8488,.F.);
#13257=ORIENTED_EDGE('',*,*,#8491,.F.);
#13258=ORIENTED_EDGE('',*,*,#8494,.F.);
#13259=ORIENTED_EDGE('',*,*,#8497,.F.);
#13260=ORIENTED_EDGE('',*,*,#8500,.F.);
#13261=ORIENTED_EDGE('',*,*,#8503,.F.);
#13262=ORIENTED_EDGE('',*,*,#8506,.F.);
#13263=ORIENTED_EDGE('',*,*,#8509,.F.);
#13264=ORIENTED_EDGE('',*,*,#8512,.F.);
#13265=ORIENTED_EDGE('',*,*,#8515,.F.);
#13266=ORIENTED_EDGE('',*,*,#8518,.F.);
#13267=ORIENTED_EDGE('',*,*,#8461,.F.);
#13268=ORIENTED_EDGE('',*,*,#8403,.F.);
#13269=ORIENTED_EDGE('',*,*,#8407,.F.);
#13270=ORIENTED_EDGE('',*,*,#8410,.F.);
#13271=ORIENTED_EDGE('',*,*,#8413,.F.);
#13272=ORIENTED_EDGE('',*,*,#8416,.F.);
#13273=ORIENTED_EDGE('',*,*,#8419,.F.);
#13274=ORIENTED_EDGE('',*,*,#8422,.F.);
#13275=ORIENTED_EDGE('',*,*,#8425,.F.);
#13276=ORIENTED_EDGE('',*,*,#8428,.F.);
#13277=ORIENTED_EDGE('',*,*,#8431,.F.);
#13278=ORIENTED_EDGE('',*,*,#8434,.F.);
#13279=ORIENTED_EDGE('',*,*,#8437,.F.);
#13280=ORIENTED_EDGE('',*,*,#8440,.F.);
#13281=ORIENTED_EDGE('',*,*,#8443,.F.);
#13282=ORIENTED_EDGE('',*,*,#8446,.F.);
#13283=ORIENTED_EDGE('',*,*,#8449,.F.);
#13284=ORIENTED_EDGE('',*,*,#8452,.F.);
#13285=ORIENTED_EDGE('',*,*,#8455,.F.);
#13286=ORIENTED_EDGE('',*,*,#8458,.F.);
#13287=ORIENTED_EDGE('',*,*,#8401,.F.);
#13288=ORIENTED_EDGE('',*,*,#8343,.F.);
#13289=ORIENTED_EDGE('',*,*,#8347,.F.);
#13290=ORIENTED_EDGE('',*,*,#8350,.F.);
#13291=ORIENTED_EDGE('',*,*,#8353,.F.);
#13292=ORIENTED_EDGE('',*,*,#8356,.F.);
#13293=ORIENTED_EDGE('',*,*,#8359,.F.);
#13294=ORIENTED_EDGE('',*,*,#8362,.F.);
#13295=ORIENTED_EDGE('',*,*,#8365,.F.);
#13296=ORIENTED_EDGE('',*,*,#8368,.F.);
#13297=ORIENTED_EDGE('',*,*,#8371,.F.);
#13298=ORIENTED_EDGE('',*,*,#8374,.F.);
#13299=ORIENTED_EDGE('',*,*,#8377,.F.);
#13300=ORIENTED_EDGE('',*,*,#8380,.F.);
#13301=ORIENTED_EDGE('',*,*,#8383,.F.);
#13302=ORIENTED_EDGE('',*,*,#8386,.F.);
#13303=ORIENTED_EDGE('',*,*,#8389,.F.);
#13304=ORIENTED_EDGE('',*,*,#8392,.F.);
#13305=ORIENTED_EDGE('',*,*,#8395,.F.);
#13306=ORIENTED_EDGE('',*,*,#8398,.F.);
#13307=ORIENTED_EDGE('',*,*,#8341,.F.);
#13308=ORIENTED_EDGE('',*,*,#8283,.F.);
#13309=ORIENTED_EDGE('',*,*,#8287,.F.);
#13310=ORIENTED_EDGE('',*,*,#8290,.F.);
#13311=ORIENTED_EDGE('',*,*,#8293,.F.);
#13312=ORIENTED_EDGE('',*,*,#8296,.F.);
#13313=ORIENTED_EDGE('',*,*,#8299,.F.);
#13314=ORIENTED_EDGE('',*,*,#8302,.F.);
#13315=ORIENTED_EDGE('',*,*,#8305,.F.);
#13316=ORIENTED_EDGE('',*,*,#8308,.F.);
#13317=ORIENTED_EDGE('',*,*,#8311,.F.);
#13318=ORIENTED_EDGE('',*,*,#8314,.F.);
#13319=ORIENTED_EDGE('',*,*,#8317,.F.);
#13320=ORIENTED_EDGE('',*,*,#8320,.F.);
#13321=ORIENTED_EDGE('',*,*,#8323,.F.);
#13322=ORIENTED_EDGE('',*,*,#8326,.F.);
#13323=ORIENTED_EDGE('',*,*,#8329,.F.);
#13324=ORIENTED_EDGE('',*,*,#8332,.F.);
#13325=ORIENTED_EDGE('',*,*,#8335,.F.);
#13326=ORIENTED_EDGE('',*,*,#8338,.F.);
#13327=ORIENTED_EDGE('',*,*,#8281,.F.);
#13328=ORIENTED_EDGE('',*,*,#8223,.F.);
#13329=ORIENTED_EDGE('',*,*,#8227,.F.);
#13330=ORIENTED_EDGE('',*,*,#8230,.F.);
#13331=ORIENTED_EDGE('',*,*,#8233,.F.);
#13332=ORIENTED_EDGE('',*,*,#8236,.F.);
#13333=ORIENTED_EDGE('',*,*,#8239,.F.);
#13334=ORIENTED_EDGE('',*,*,#8242,.F.);
#13335=ORIENTED_EDGE('',*,*,#8245,.F.);
#13336=ORIENTED_EDGE('',*,*,#8248,.F.);
#13337=ORIENTED_EDGE('',*,*,#8251,.F.);
#13338=ORIENTED_EDGE('',*,*,#8254,.F.);
#13339=ORIENTED_EDGE('',*,*,#8257,.F.);
#13340=ORIENTED_EDGE('',*,*,#8260,.F.);
#13341=ORIENTED_EDGE('',*,*,#8263,.F.);
#13342=ORIENTED_EDGE('',*,*,#8266,.F.);
#13343=ORIENTED_EDGE('',*,*,#8269,.F.);
#13344=ORIENTED_EDGE('',*,*,#8272,.F.);
#13345=ORIENTED_EDGE('',*,*,#8275,.F.);
#13346=ORIENTED_EDGE('',*,*,#8278,.F.);
#13347=ORIENTED_EDGE('',*,*,#8221,.F.);
#13348=ORIENTED_EDGE('',*,*,#8163,.F.);
#13349=ORIENTED_EDGE('',*,*,#8167,.F.);
#13350=ORIENTED_EDGE('',*,*,#8170,.F.);
#13351=ORIENTED_EDGE('',*,*,#8173,.F.);
#13352=ORIENTED_EDGE('',*,*,#8176,.F.);
#13353=ORIENTED_EDGE('',*,*,#8179,.F.);
#13354=ORIENTED_EDGE('',*,*,#8182,.F.);
#13355=ORIENTED_EDGE('',*,*,#8185,.F.);
#13356=ORIENTED_EDGE('',*,*,#8188,.F.);
#13357=ORIENTED_EDGE('',*,*,#8191,.F.);
#13358=ORIENTED_EDGE('',*,*,#8194,.F.);
#13359=ORIENTED_EDGE('',*,*,#8197,.F.);
#13360=ORIENTED_EDGE('',*,*,#8200,.F.);
#13361=ORIENTED_EDGE('',*,*,#8203,.F.);
#13362=ORIENTED_EDGE('',*,*,#8206,.F.);
#13363=ORIENTED_EDGE('',*,*,#8209,.F.);
#13364=ORIENTED_EDGE('',*,*,#8212,.F.);
#13365=ORIENTED_EDGE('',*,*,#8215,.F.);
#13366=ORIENTED_EDGE('',*,*,#8218,.F.);
#13367=ORIENTED_EDGE('',*,*,#8141,.T.);
#13368=ORIENTED_EDGE('',*,*,#8145,.T.);
#13369=ORIENTED_EDGE('',*,*,#8148,.T.);
#13370=ORIENTED_EDGE('',*,*,#8150,.T.);
#13371=PLANE('',#14826);
#13372=PLANE('',#14827);
#13373=PLANE('',#14828);
#13374=PLANE('',#14829);
#13375=PLANE('',#14830);
#13376=PLANE('',#14831);
#13377=PLANE('',#14832);
#13378=PLANE('',#14833);
#13379=PLANE('',#14834);
#13380=PLANE('',#14835);
#13381=PLANE('',#14836);
#13382=PLANE('',#14837);
#13383=PLANE('',#14838);
#13384=PLANE('',#14839);
#13385=PLANE('',#14840);
#13386=PLANE('',#14841);
#13387=PLANE('',#14842);
#13388=PLANE('',#14843);
#13389=PLANE('',#14844);
#13390=PLANE('',#14845);
#13391=PLANE('',#14846);
#13392=PLANE('',#14847);
#13393=PLANE('',#14848);
#13394=PLANE('',#14849);
#13395=PLANE('',#14850);
#13396=PLANE('',#14851);
#13397=PLANE('',#14852);
#13398=PLANE('',#14853);
#13399=PLANE('',#14854);
#13400=PLANE('',#14855);
#13401=PLANE('',#14856);
#13402=PLANE('',#14857);
#13403=PLANE('',#14858);
#13404=PLANE('',#14859);
#13405=PLANE('',#14860);
#13406=PLANE('',#14861);
#13407=PLANE('',#14862);
#13408=PLANE('',#14863);
#13409=PLANE('',#14864);
#13410=PLANE('',#14865);
#13411=PLANE('',#14866);
#13412=PLANE('',#14867);
#13413=PLANE('',#14868);
#13414=PLANE('',#14869);
#13415=PLANE('',#14870);
#13416=PLANE('',#14871);
#13417=PLANE('',#14872);
#13418=PLANE('',#14873);
#13419=PLANE('',#14874);
#13420=PLANE('',#14875);
#13421=PLANE('',#14876);
#13422=PLANE('',#14877);
#13423=PLANE('',#14878);
#13424=PLANE('',#14879);
#13425=PLANE('',#14880);
#13426=PLANE('',#14881);
#13427=PLANE('',#14882);
#13428=PLANE('',#14883);
#13429=PLANE('',#14884);
#13430=PLANE('',#14885);
#13431=PLANE('',#14886);
#13432=PLANE('',#14887);
#13433=PLANE('',#14888);
#13434=PLANE('',#14889);
#13435=PLANE('',#14890);
#13436=PLANE('',#14891);
#13437=PLANE('',#14892);
#13438=PLANE('',#14893);
#13439=PLANE('',#14894);
#13440=PLANE('',#14895);
#13441=PLANE('',#14896);
#13442=PLANE('',#14897);
#13443=PLANE('',#14898);
#13444=PLANE('',#14899);
#13445=PLANE('',#14900);
#13446=PLANE('',#14901);
#13447=PLANE('',#14902);
#13448=PLANE('',#14903);
#13449=PLANE('',#14904);
#13450=PLANE('',#14905);
#13451=PLANE('',#14906);
#13452=PLANE('',#14907);
#13453=PLANE('',#14908);
#13454=PLANE('',#14909);
#13455=PLANE('',#14910);
#13456=PLANE('',#14911);
#13457=PLANE('',#14912);
#13458=PLANE('',#14913);
#13459=PLANE('',#14914);
#13460=PLANE('',#14915);
#13461=PLANE('',#14916);
#13462=PLANE('',#14917);
#13463=PLANE('',#14918);
#13464=PLANE('',#14919);
#13465=PLANE('',#14920);
#13466=PLANE('',#14921);
#13467=PLANE('',#14922);
#13468=PLANE('',#14923);
#13469=PLANE('',#14924);
#13470=PLANE('',#14925);
#13471=PLANE('',#14926);
#13472=PLANE('',#14927);
#13473=PLANE('',#14928);
#13474=PLANE('',#14929);
#13475=PLANE('',#14930);
#13476=PLANE('',#14931);
#13477=PLANE('',#14932);
#13478=PLANE('',#14933);
#13479=PLANE('',#14934);
#13480=PLANE('',#14935);
#13481=PLANE('',#14936);
#13482=PLANE('',#14937);
#13483=PLANE('',#14938);
#13484=PLANE('',#14939);
#13485=PLANE('',#14940);
#13486=PLANE('',#14941);
#13487=PLANE('',#14942);
#13488=PLANE('',#14943);
#13489=PLANE('',#14944);
#13490=PLANE('',#14945);
#13491=PLANE('',#14946);
#13492=PLANE('',#14947);
#13493=PLANE('',#14948);
#13494=PLANE('',#14949);
#13495=PLANE('',#14950);
#13496=PLANE('',#14951);
#13497=PLANE('',#14952);
#13498=PLANE('',#14953);
#13499=PLANE('',#14954);
#13500=PLANE('',#14955);
#13501=PLANE('',#14956);
#13502=PLANE('',#14957);
#13503=PLANE('',#14958);
#13504=PLANE('',#14959);
#13505=PLANE('',#14960);
#13506=PLANE('',#14961);
#13507=PLANE('',#14962);
#13508=PLANE('',#14963);
#13509=PLANE('',#14964);
#13510=PLANE('',#14965);
#13511=PLANE('',#14966);
#13512=PLANE('',#14967);
#13513=PLANE('',#14968);
#13514=PLANE('',#14969);
#13515=PLANE('',#14970);
#13516=PLANE('',#14971);
#13517=PLANE('',#14972);
#13518=PLANE('',#14973);
#13519=PLANE('',#14974);
#13520=PLANE('',#14975);
#13521=PLANE('',#14976);
#13522=PLANE('',#14977);
#13523=PLANE('',#14978);
#13524=PLANE('',#14979);
#13525=PLANE('',#14980);
#13526=PLANE('',#14981);
#13527=PLANE('',#14982);
#13528=PLANE('',#14983);
#13529=PLANE('',#14984);
#13530=PLANE('',#14985);
#13531=PLANE('',#14986);
#13532=PLANE('',#14987);
#13533=PLANE('',#14988);
#13534=PLANE('',#14989);
#13535=PLANE('',#14990);
#13536=PLANE('',#14991);
#13537=PLANE('',#14996);
#13538=PLANE('',#15000);
#13539=PLANE('',#15005);
#13540=PLANE('',#15008);
#13541=PLANE('',#15009);
#13542=PLANE('',#15010);
#13543=PLANE('',#15012);
#13544=PLANE('',#15013);
#13545=PLANE('',#15014);
#13546=PLANE('',#15015);
#13547=PLANE('',#15016);
#13548=PLANE('',#15017);
#13549=PLANE('',#15018);
#13550=PLANE('',#15019);
#13551=PLANE('',#15020);
#13552=PLANE('',#15021);
#13553=PLANE('',#15022);
#13554=PLANE('',#15023);
#13555=PLANE('',#15024);
#13556=PLANE('',#15025);
#13557=PLANE('',#15026);
#13558=PLANE('',#15027);
#13559=PLANE('',#15028);
#13560=PLANE('',#15029);
#13561=PLANE('',#15030);
#13562=PLANE('',#15031);
#13563=PLANE('',#15032);
#13564=PLANE('',#15033);
#13565=PLANE('',#15034);
#13566=PLANE('',#15035);
#13567=PLANE('',#15036);
#13568=PLANE('',#15037);
#13569=PLANE('',#15038);
#13570=PLANE('',#15039);
#13571=PLANE('',#15040);
#13572=PLANE('',#15041);
#13573=PLANE('',#15042);
#13574=PLANE('',#15043);
#13575=PLANE('',#15044);
#13576=PLANE('',#15045);
#13577=PLANE('',#15046);
#13578=PLANE('',#15047);
#13579=PLANE('',#15048);
#13580=PLANE('',#15049);
#13581=PLANE('',#15050);
#13582=PLANE('',#15051);
#13583=PLANE('',#15052);
#13584=PLANE('',#15053);
#13585=PLANE('',#15054);
#13586=PLANE('',#15055);
#13587=PLANE('',#15056);
#13588=PLANE('',#15057);
#13589=PLANE('',#15058);
#13590=PLANE('',#15059);
#13591=PLANE('',#15060);
#13592=PLANE('',#15061);
#13593=PLANE('',#15062);
#13594=PLANE('',#15063);
#13595=PLANE('',#15064);
#13596=PLANE('',#15065);
#13597=PLANE('',#15066);
#13598=PLANE('',#15067);
#13599=PLANE('',#15068);
#13600=PLANE('',#15069);
#13601=PLANE('',#15070);
#13602=PLANE('',#15071);
#13603=PLANE('',#15072);
#13604=PLANE('',#15073);
#13605=PLANE('',#15074);
#13606=PLANE('',#15075);
#13607=PLANE('',#15076);
#13608=PLANE('',#15077);
#13609=PLANE('',#15078);
#13610=PLANE('',#15079);
#13611=PLANE('',#15080);
#13612=PLANE('',#15081);
#13613=PLANE('',#15082);
#13614=PLANE('',#15083);
#13615=PLANE('',#15084);
#13616=PLANE('',#15085);
#13617=PLANE('',#15086);
#13618=PLANE('',#15087);
#13619=PLANE('',#15088);
#13620=PLANE('',#15089);
#13621=PLANE('',#15090);
#13622=PLANE('',#15091);
#13623=PLANE('',#15092);
#13624=PLANE('',#15093);
#13625=PLANE('',#15094);
#13626=PLANE('',#15095);
#13627=PLANE('',#15096);
#13628=PLANE('',#15097);
#13629=PLANE('',#15098);
#13630=PLANE('',#15099);
#13631=PLANE('',#15100);
#13632=PLANE('',#15101);
#13633=PLANE('',#15102);
#13634=PLANE('',#15103);
#13635=PLANE('',#15104);
#13636=PLANE('',#15105);
#13637=PLANE('',#15106);
#13638=PLANE('',#15107);
#13639=PLANE('',#15108);
#13640=PLANE('',#15109);
#13641=PLANE('',#15110);
#13642=PLANE('',#15111);
#13643=PLANE('',#15112);
#13644=PLANE('',#15113);
#13645=PLANE('',#15114);
#13646=PLANE('',#15115);
#13647=PLANE('',#15116);
#13648=PLANE('',#15117);
#13649=PLANE('',#15118);
#13650=PLANE('',#15119);
#13651=PLANE('',#15120);
#13652=PLANE('',#15121);
#13653=PLANE('',#15122);
#13654=PLANE('',#15123);
#13655=PLANE('',#15124);
#13656=PLANE('',#15125);
#13657=PLANE('',#15126);
#13658=PLANE('',#15127);
#13659=PLANE('',#15128);
#13660=PLANE('',#15129);
#13661=PLANE('',#15130);
#13662=PLANE('',#15131);
#13663=PLANE('',#15132);
#13664=PLANE('',#15133);
#13665=PLANE('',#15134);
#13666=PLANE('',#15135);
#13667=PLANE('',#15136);
#13668=PLANE('',#15137);
#13669=PLANE('',#15138);
#13670=PLANE('',#15139);
#13671=PLANE('',#15140);
#13672=PLANE('',#15141);
#13673=PLANE('',#15142);
#13674=PLANE('',#15143);
#13675=PLANE('',#15144);
#13676=PLANE('',#15145);
#13677=PLANE('',#15146);
#13678=PLANE('',#15147);
#13679=PLANE('',#15148);
#13680=PLANE('',#15149);
#13681=PLANE('',#15150);
#13682=PLANE('',#15151);
#13683=PLANE('',#15152);
#13684=PLANE('',#15153);
#13685=PLANE('',#15154);
#13686=PLANE('',#15155);
#13687=PLANE('',#15156);
#13688=PLANE('',#15157);
#13689=PLANE('',#15158);
#13690=PLANE('',#15159);
#13691=PLANE('',#15160);
#13692=PLANE('',#15161);
#13693=PLANE('',#15162);
#13694=PLANE('',#15163);
#13695=PLANE('',#15164);
#13696=PLANE('',#15165);
#13697=PLANE('',#15166);
#13698=PLANE('',#15167);
#13699=PLANE('',#15168);
#13700=PLANE('',#15169);
#13701=PLANE('',#15170);
#13702=PLANE('',#15171);
#13703=PLANE('',#15172);
#13704=PLANE('',#15173);
#13705=PLANE('',#15174);
#13706=PLANE('',#15175);
#13707=PLANE('',#15176);
#13708=PLANE('',#15177);
#13709=PLANE('',#15178);
#13710=PLANE('',#15179);
#13711=PLANE('',#15180);
#13712=PLANE('',#15181);
#13713=PLANE('',#15182);
#13714=PLANE('',#15183);
#13715=PLANE('',#15184);
#13716=PLANE('',#15185);
#13717=PLANE('',#15187);
#13718=PLANE('',#15188);
#13719=PLANE('',#15189);
#13720=PLANE('',#15190);
#13721=PLANE('',#15191);
#13722=PLANE('',#15192);
#13723=PLANE('',#15193);
#13724=PLANE('',#15194);
#13725=PLANE('',#15195);
#13726=PLANE('',#15196);
#13727=PLANE('',#15197);
#13728=PLANE('',#15198);
#13729=PLANE('',#15199);
#13730=PLANE('',#15200);
#13731=PLANE('',#15201);
#13732=PLANE('',#15202);
#13733=PLANE('',#15203);
#13734=PLANE('',#15204);
#13735=PLANE('',#15205);
#13736=PLANE('',#15206);
#13737=PLANE('',#15207);
#13738=PLANE('',#15208);
#13739=PLANE('',#15209);
#13740=PLANE('',#15210);
#13741=PLANE('',#15211);
#13742=PLANE('',#15212);
#13743=PLANE('',#15213);
#13744=PLANE('',#15214);
#13745=PLANE('',#15215);
#13746=PLANE('',#15216);
#13747=PLANE('',#15217);
#13748=PLANE('',#15218);
#13749=PLANE('',#15219);
#13750=PLANE('',#15220);
#13751=PLANE('',#15221);
#13752=PLANE('',#15222);
#13753=PLANE('',#15223);
#13754=PLANE('',#15224);
#13755=PLANE('',#15225);
#13756=PLANE('',#15226);
#13757=PLANE('',#15227);
#13758=PLANE('',#15228);
#13759=PLANE('',#15229);
#13760=PLANE('',#15230);
#13761=PLANE('',#15231);
#13762=PLANE('',#15232);
#13763=PLANE('',#15233);
#13764=PLANE('',#15234);
#13765=PLANE('',#15235);
#13766=PLANE('',#15236);
#13767=PLANE('',#15237);
#13768=PLANE('',#15238);
#13769=PLANE('',#15239);
#13770=PLANE('',#15240);
#13771=PLANE('',#15241);
#13772=PLANE('',#15242);
#13773=PLANE('',#15243);
#13774=PLANE('',#15244);
#13775=PLANE('',#15245);
#13776=PLANE('',#15246);
#13777=PLANE('',#15247);
#13778=PLANE('',#15248);
#13779=PLANE('',#15249);
#13780=PLANE('',#15250);
#13781=PLANE('',#15251);
#13782=PLANE('',#15252);
#13783=PLANE('',#15253);
#13784=PLANE('',#15254);
#13785=PLANE('',#15255);
#13786=PLANE('',#15256);
#13787=PLANE('',#15257);
#13788=PLANE('',#15258);
#13789=PLANE('',#15259);
#13790=PLANE('',#15260);
#13791=PLANE('',#15261);
#13792=PLANE('',#15262);
#13793=PLANE('',#15263);
#13794=PLANE('',#15264);
#13795=PLANE('',#15265);
#13796=PLANE('',#15266);
#13797=PLANE('',#15267);
#13798=PLANE('',#15268);
#13799=PLANE('',#15269);
#13800=PLANE('',#15270);
#13801=PLANE('',#15271);
#13802=PLANE('',#15272);
#13803=PLANE('',#15273);
#13804=PLANE('',#15274);
#13805=PLANE('',#15275);
#13806=PLANE('',#15276);
#13807=PLANE('',#15277);
#13808=PLANE('',#15278);
#13809=PLANE('',#15279);
#13810=PLANE('',#15280);
#13811=PLANE('',#15281);
#13812=PLANE('',#15282);
#13813=PLANE('',#15283);
#13814=PLANE('',#15284);
#13815=PLANE('',#15285);
#13816=PLANE('',#15286);
#13817=PLANE('',#15287);
#13818=PLANE('',#15288);
#13819=PLANE('',#15289);
#13820=PLANE('',#15290);
#13821=PLANE('',#15291);
#13822=PLANE('',#15292);
#13823=PLANE('',#15293);
#13824=PLANE('',#15294);
#13825=PLANE('',#15295);
#13826=PLANE('',#15296);
#13827=PLANE('',#15297);
#13828=PLANE('',#15298);
#13829=PLANE('',#15299);
#13830=PLANE('',#15300);
#13831=PLANE('',#15301);
#13832=PLANE('',#15302);
#13833=PLANE('',#15303);
#13834=PLANE('',#15304);
#13835=PLANE('',#15305);
#13836=PLANE('',#15306);
#13837=PLANE('',#15307);
#13838=PLANE('',#15308);
#13839=PLANE('',#15309);
#13840=PLANE('',#15310);
#13841=PLANE('',#15311);
#13842=PLANE('',#15312);
#13843=PLANE('',#15313);
#13844=PLANE('',#15314);
#13845=PLANE('',#15315);
#13846=PLANE('',#15316);
#13847=PLANE('',#15317);
#13848=PLANE('',#15318);
#13849=PLANE('',#15319);
#13850=PLANE('',#15320);
#13851=PLANE('',#15321);
#13852=PLANE('',#15322);
#13853=PLANE('',#15323);
#13854=PLANE('',#15324);
#13855=PLANE('',#15325);
#13856=PLANE('',#15326);
#13857=PLANE('',#15327);
#13858=PLANE('',#15328);
#13859=PLANE('',#15329);
#13860=PLANE('',#15330);
#13861=PLANE('',#15331);
#13862=PLANE('',#15332);
#13863=PLANE('',#15333);
#13864=PLANE('',#15334);
#13865=PLANE('',#15335);
#13866=PLANE('',#15336);
#13867=PLANE('',#15337);
#13868=PLANE('',#15338);
#13869=PLANE('',#15339);
#13870=PLANE('',#15340);
#13871=PLANE('',#15341);
#13872=PLANE('',#15342);
#13873=PLANE('',#15343);
#13874=PLANE('',#15344);
#13875=PLANE('',#15345);
#13876=PLANE('',#15346);
#13877=PLANE('',#15347);
#13878=PLANE('',#15348);
#13879=PLANE('',#15349);
#13880=PLANE('',#15350);
#13881=PLANE('',#15351);
#13882=PLANE('',#15352);
#13883=PLANE('',#15353);
#13884=PLANE('',#15354);
#13885=PLANE('',#15355);
#13886=PLANE('',#15356);
#13887=PLANE('',#15357);
#13888=PLANE('',#15358);
#13889=PLANE('',#15359);
#13890=PLANE('',#15360);
#13891=PLANE('',#15361);
#13892=PLANE('',#15362);
#13893=PLANE('',#15363);
#13894=PLANE('',#15364);
#13895=PLANE('',#15365);
#13896=PLANE('',#15366);
#13897=PLANE('',#15367);
#13898=PLANE('',#15368);
#13899=PLANE('',#15369);
#13900=PLANE('',#15370);
#13901=PLANE('',#15371);
#13902=PLANE('',#15372);
#13903=PLANE('',#15373);
#13904=PLANE('',#15374);
#13905=PLANE('',#15375);
#13906=PLANE('',#15376);
#13907=PLANE('',#15377);
#13908=PLANE('',#15378);
#13909=PLANE('',#15379);
#13910=PLANE('',#15380);
#13911=PLANE('',#15381);
#13912=PLANE('',#15382);
#13913=PLANE('',#15383);
#13914=PLANE('',#15384);
#13915=PLANE('',#15385);
#13916=PLANE('',#15386);
#13917=PLANE('',#15387);
#13918=PLANE('',#15388);
#13919=PLANE('',#15389);
#13920=PLANE('',#15390);
#13921=PLANE('',#15391);
#13922=PLANE('',#15392);
#13923=PLANE('',#15393);
#13924=PLANE('',#15394);
#13925=PLANE('',#15395);
#13926=PLANE('',#15396);
#13927=PLANE('',#15397);
#13928=PLANE('',#15398);
#13929=PLANE('',#15399);
#13930=PLANE('',#15400);
#13931=PLANE('',#15401);
#13932=PLANE('',#15402);
#13933=PLANE('',#15403);
#13934=PLANE('',#15404);
#13935=PLANE('',#15405);
#13936=PLANE('',#15406);
#13937=PLANE('',#15407);
#13938=PLANE('',#15408);
#13939=PLANE('',#15409);
#13940=PLANE('',#15410);
#13941=PLANE('',#15411);
#13942=PLANE('',#15412);
#13943=PLANE('',#15413);
#13944=PLANE('',#15414);
#13945=PLANE('',#15415);
#13946=PLANE('',#15416);
#13947=PLANE('',#15417);
#13948=PLANE('',#15418);
#13949=PLANE('',#15419);
#13950=PLANE('',#15420);
#13951=PLANE('',#15421);
#13952=PLANE('',#15422);
#13953=PLANE('',#15423);
#13954=PLANE('',#15424);
#13955=PLANE('',#15425);
#13956=PLANE('',#15426);
#13957=PLANE('',#15427);
#13958=PLANE('',#15428);
#13959=PLANE('',#15429);
#13960=PLANE('',#15430);
#13961=PLANE('',#15431);
#13962=PLANE('',#15432);
#13963=PLANE('',#15433);
#13964=PLANE('',#15434);
#13965=PLANE('',#15435);
#13966=PLANE('',#15436);
#13967=PLANE('',#15437);
#13968=PLANE('',#15438);
#13969=PLANE('',#15439);
#13970=PLANE('',#15440);
#13971=PLANE('',#15441);
#13972=PLANE('',#15442);
#13973=PLANE('',#15443);
#13974=PLANE('',#15444);
#13975=PLANE('',#15445);
#13976=PLANE('',#15446);
#13977=PLANE('',#15447);
#13978=PLANE('',#15448);
#13979=PLANE('',#15449);
#13980=PLANE('',#15450);
#13981=PLANE('',#15451);
#13982=PLANE('',#15452);
#13983=PLANE('',#15453);
#13984=PLANE('',#15454);
#13985=PLANE('',#15455);
#13986=PLANE('',#15456);
#13987=PLANE('',#15457);
#13988=PLANE('',#15458);
#13989=PLANE('',#15459);
#13990=PLANE('',#15460);
#13991=PLANE('',#15461);
#13992=PLANE('',#15462);
#13993=PLANE('',#15463);
#13994=PLANE('',#15464);
#13995=PLANE('',#15465);
#13996=PLANE('',#15466);
#13997=PLANE('',#15467);
#13998=PLANE('',#15468);
#13999=PLANE('',#15469);
#14000=PLANE('',#15470);
#14001=PLANE('',#15471);
#14002=PLANE('',#15472);
#14003=PLANE('',#15473);
#14004=PLANE('',#15474);
#14005=PLANE('',#15475);
#14006=PLANE('',#15476);
#14007=PLANE('',#15477);
#14008=PLANE('',#15478);
#14009=PLANE('',#15479);
#14010=PLANE('',#15480);
#14011=PLANE('',#15481);
#14012=PLANE('',#15482);
#14013=PLANE('',#15483);
#14014=PLANE('',#15484);
#14015=PLANE('',#15485);
#14016=PLANE('',#15486);
#14017=PLANE('',#15487);
#14018=PLANE('',#15488);
#14019=PLANE('',#15489);
#14020=PLANE('',#15490);
#14021=PLANE('',#15491);
#14022=PLANE('',#15492);
#14023=PLANE('',#15493);
#14024=PLANE('',#15494);
#14025=PLANE('',#15495);
#14026=PLANE('',#15496);
#14027=PLANE('',#15497);
#14028=PLANE('',#15498);
#14029=PLANE('',#15499);
#14030=PLANE('',#15500);
#14031=PLANE('',#15501);
#14032=PLANE('',#15502);
#14033=PLANE('',#15503);
#14034=PLANE('',#15504);
#14035=PLANE('',#15505);
#14036=PLANE('',#15506);
#14037=PLANE('',#15507);
#14038=PLANE('',#15508);
#14039=PLANE('',#15509);
#14040=PLANE('',#15510);
#14041=PLANE('',#15511);
#14042=PLANE('',#15512);
#14043=PLANE('',#15513);
#14044=PLANE('',#15514);
#14045=PLANE('',#15515);
#14046=PLANE('',#15516);
#14047=PLANE('',#15517);
#14048=PLANE('',#15518);
#14049=PLANE('',#15519);
#14050=PLANE('',#15520);
#14051=PLANE('',#15521);
#14052=PLANE('',#15522);
#14053=PLANE('',#15523);
#14054=PLANE('',#15524);
#14055=PLANE('',#15525);
#14056=PLANE('',#15526);
#14057=PLANE('',#15527);
#14058=PLANE('',#15528);
#14059=PLANE('',#15529);
#14060=PLANE('',#15530);
#14061=PLANE('',#15531);
#14062=PLANE('',#15532);
#14063=PLANE('',#15533);
#14064=PLANE('',#15534);
#14065=PLANE('',#15535);
#14066=PLANE('',#15536);
#14067=PLANE('',#15537);
#14068=PLANE('',#15538);
#14069=PLANE('',#15539);
#14070=PLANE('',#15540);
#14071=ADVANCED_FACE('',(#101),#13371,.T.);
#14072=ADVANCED_FACE('',(#102),#13372,.T.);
#14073=ADVANCED_FACE('',(#103),#13373,.T.);
#14074=ADVANCED_FACE('',(#104),#13374,.T.);
#14075=ADVANCED_FACE('',(#105),#13375,.T.);
#14076=ADVANCED_FACE('',(#106),#13376,.T.);
#14077=ADVANCED_FACE('',(#107),#13377,.T.);
#14078=ADVANCED_FACE('',(#108),#13378,.T.);
#14079=ADVANCED_FACE('',(#109),#13379,.T.);
#14080=ADVANCED_FACE('',(#110),#13380,.T.);
#14081=ADVANCED_FACE('',(#111),#13381,.T.);
#14082=ADVANCED_FACE('',(#112),#13382,.T.);
#14083=ADVANCED_FACE('',(#113),#13383,.T.);
#14084=ADVANCED_FACE('',(#114),#13384,.T.);
#14085=ADVANCED_FACE('',(#115),#13385,.T.);
#14086=ADVANCED_FACE('',(#116),#13386,.T.);
#14087=ADVANCED_FACE('',(#117),#13387,.T.);
#14088=ADVANCED_FACE('',(#118),#13388,.T.);
#14089=ADVANCED_FACE('',(#119),#13389,.T.);
#14090=ADVANCED_FACE('',(#120),#13390,.T.);
#14091=ADVANCED_FACE('',(#121),#13391,.T.);
#14092=ADVANCED_FACE('',(#122),#13392,.T.);
#14093=ADVANCED_FACE('',(#123),#13393,.T.);
#14094=ADVANCED_FACE('',(#124),#13394,.T.);
#14095=ADVANCED_FACE('',(#125),#13395,.T.);
#14096=ADVANCED_FACE('',(#126),#13396,.T.);
#14097=ADVANCED_FACE('',(#127),#13397,.T.);
#14098=ADVANCED_FACE('',(#128),#13398,.T.);
#14099=ADVANCED_FACE('',(#129),#13399,.T.);
#14100=ADVANCED_FACE('',(#130),#13400,.T.);
#14101=ADVANCED_FACE('',(#131),#13401,.T.);
#14102=ADVANCED_FACE('',(#132),#13402,.T.);
#14103=ADVANCED_FACE('',(#133),#13403,.T.);
#14104=ADVANCED_FACE('',(#134),#13404,.T.);
#14105=ADVANCED_FACE('',(#135),#13405,.T.);
#14106=ADVANCED_FACE('',(#136),#13406,.T.);
#14107=ADVANCED_FACE('',(#137),#13407,.T.);
#14108=ADVANCED_FACE('',(#138),#13408,.T.);
#14109=ADVANCED_FACE('',(#139),#13409,.T.);
#14110=ADVANCED_FACE('',(#140),#13410,.T.);
#14111=ADVANCED_FACE('',(#141),#13411,.T.);
#14112=ADVANCED_FACE('',(#142),#13412,.T.);
#14113=ADVANCED_FACE('',(#143),#13413,.T.);
#14114=ADVANCED_FACE('',(#144),#13414,.T.);
#14115=ADVANCED_FACE('',(#145),#13415,.T.);
#14116=ADVANCED_FACE('',(#146),#13416,.T.);
#14117=ADVANCED_FACE('',(#147),#13417,.T.);
#14118=ADVANCED_FACE('',(#148),#13418,.T.);
#14119=ADVANCED_FACE('',(#149),#13419,.T.);
#14120=ADVANCED_FACE('',(#150),#13420,.T.);
#14121=ADVANCED_FACE('',(#151),#13421,.T.);
#14122=ADVANCED_FACE('',(#152),#13422,.T.);
#14123=ADVANCED_FACE('',(#153),#13423,.T.);
#14124=ADVANCED_FACE('',(#154),#13424,.T.);
#14125=ADVANCED_FACE('',(#155),#13425,.T.);
#14126=ADVANCED_FACE('',(#156),#13426,.T.);
#14127=ADVANCED_FACE('',(#157),#13427,.T.);
#14128=ADVANCED_FACE('',(#158),#13428,.T.);
#14129=ADVANCED_FACE('',(#159),#13429,.T.);
#14130=ADVANCED_FACE('',(#160),#13430,.T.);
#14131=ADVANCED_FACE('',(#161),#13431,.T.);
#14132=ADVANCED_FACE('',(#162),#13432,.T.);
#14133=ADVANCED_FACE('',(#163),#13433,.T.);
#14134=ADVANCED_FACE('',(#164),#13434,.T.);
#14135=ADVANCED_FACE('',(#165),#13435,.T.);
#14136=ADVANCED_FACE('',(#166),#13436,.T.);
#14137=ADVANCED_FACE('',(#167),#13437,.T.);
#14138=ADVANCED_FACE('',(#168),#13438,.T.);
#14139=ADVANCED_FACE('',(#169),#13439,.T.);
#14140=ADVANCED_FACE('',(#170),#13440,.T.);
#14141=ADVANCED_FACE('',(#171),#13441,.T.);
#14142=ADVANCED_FACE('',(#172),#13442,.T.);
#14143=ADVANCED_FACE('',(#173),#13443,.T.);
#14144=ADVANCED_FACE('',(#174),#13444,.T.);
#14145=ADVANCED_FACE('',(#175),#13445,.T.);
#14146=ADVANCED_FACE('',(#176),#13446,.T.);
#14147=ADVANCED_FACE('',(#177),#13447,.T.);
#14148=ADVANCED_FACE('',(#178),#13448,.T.);
#14149=ADVANCED_FACE('',(#179),#13449,.T.);
#14150=ADVANCED_FACE('',(#180),#13450,.T.);
#14151=ADVANCED_FACE('',(#181),#13451,.T.);
#14152=ADVANCED_FACE('',(#182),#13452,.T.);
#14153=ADVANCED_FACE('',(#183),#13453,.T.);
#14154=ADVANCED_FACE('',(#184),#13454,.T.);
#14155=ADVANCED_FACE('',(#185),#13455,.T.);
#14156=ADVANCED_FACE('',(#186),#13456,.T.);
#14157=ADVANCED_FACE('',(#187),#13457,.T.);
#14158=ADVANCED_FACE('',(#188),#13458,.T.);
#14159=ADVANCED_FACE('',(#189),#13459,.T.);
#14160=ADVANCED_FACE('',(#190),#13460,.T.);
#14161=ADVANCED_FACE('',(#191),#13461,.T.);
#14162=ADVANCED_FACE('',(#192),#13462,.T.);
#14163=ADVANCED_FACE('',(#193),#13463,.T.);
#14164=ADVANCED_FACE('',(#194),#13464,.T.);
#14165=ADVANCED_FACE('',(#195),#13465,.T.);
#14166=ADVANCED_FACE('',(#196),#13466,.T.);
#14167=ADVANCED_FACE('',(#197),#13467,.T.);
#14168=ADVANCED_FACE('',(#198),#13468,.T.);
#14169=ADVANCED_FACE('',(#199),#13469,.T.);
#14170=ADVANCED_FACE('',(#200),#13470,.T.);
#14171=ADVANCED_FACE('',(#201),#13471,.T.);
#14172=ADVANCED_FACE('',(#202),#13472,.T.);
#14173=ADVANCED_FACE('',(#203),#13473,.T.);
#14174=ADVANCED_FACE('',(#204),#13474,.T.);
#14175=ADVANCED_FACE('',(#205),#13475,.T.);
#14176=ADVANCED_FACE('',(#206),#13476,.T.);
#14177=ADVANCED_FACE('',(#207),#13477,.T.);
#14178=ADVANCED_FACE('',(#208),#13478,.T.);
#14179=ADVANCED_FACE('',(#209),#13479,.T.);
#14180=ADVANCED_FACE('',(#210),#13480,.T.);
#14181=ADVANCED_FACE('',(#211),#13481,.T.);
#14182=ADVANCED_FACE('',(#212),#13482,.T.);
#14183=ADVANCED_FACE('',(#213),#13483,.T.);
#14184=ADVANCED_FACE('',(#214),#13484,.T.);
#14185=ADVANCED_FACE('',(#215),#13485,.T.);
#14186=ADVANCED_FACE('',(#216),#13486,.T.);
#14187=ADVANCED_FACE('',(#217),#13487,.T.);
#14188=ADVANCED_FACE('',(#218),#13488,.T.);
#14189=ADVANCED_FACE('',(#219),#13489,.T.);
#14190=ADVANCED_FACE('',(#220),#13490,.T.);
#14191=ADVANCED_FACE('',(#221),#13491,.T.);
#14192=ADVANCED_FACE('',(#222),#13492,.T.);
#14193=ADVANCED_FACE('',(#223),#13493,.T.);
#14194=ADVANCED_FACE('',(#224),#13494,.T.);
#14195=ADVANCED_FACE('',(#225),#13495,.T.);
#14196=ADVANCED_FACE('',(#226),#13496,.T.);
#14197=ADVANCED_FACE('',(#227),#13497,.T.);
#14198=ADVANCED_FACE('',(#228),#13498,.T.);
#14199=ADVANCED_FACE('',(#229),#13499,.T.);
#14200=ADVANCED_FACE('',(#230),#13500,.T.);
#14201=ADVANCED_FACE('',(#231),#13501,.T.);
#14202=ADVANCED_FACE('',(#232),#13502,.T.);
#14203=ADVANCED_FACE('',(#233),#13503,.T.);
#14204=ADVANCED_FACE('',(#234),#13504,.T.);
#14205=ADVANCED_FACE('',(#235),#13505,.T.);
#14206=ADVANCED_FACE('',(#236),#13506,.T.);
#14207=ADVANCED_FACE('',(#237),#13507,.T.);
#14208=ADVANCED_FACE('',(#238),#13508,.T.);
#14209=ADVANCED_FACE('',(#239),#13509,.T.);
#14210=ADVANCED_FACE('',(#240),#13510,.T.);
#14211=ADVANCED_FACE('',(#241),#13511,.T.);
#14212=ADVANCED_FACE('',(#242),#13512,.T.);
#14213=ADVANCED_FACE('',(#243),#13513,.T.);
#14214=ADVANCED_FACE('',(#244),#13514,.T.);
#14215=ADVANCED_FACE('',(#245),#13515,.T.);
#14216=ADVANCED_FACE('',(#246),#13516,.T.);
#14217=ADVANCED_FACE('',(#247),#13517,.T.);
#14218=ADVANCED_FACE('',(#248),#13518,.T.);
#14219=ADVANCED_FACE('',(#249),#13519,.T.);
#14220=ADVANCED_FACE('',(#250),#13520,.T.);
#14221=ADVANCED_FACE('',(#251),#13521,.T.);
#14222=ADVANCED_FACE('',(#252),#13522,.T.);
#14223=ADVANCED_FACE('',(#253),#13523,.T.);
#14224=ADVANCED_FACE('',(#254),#13524,.T.);
#14225=ADVANCED_FACE('',(#255),#13525,.T.);
#14226=ADVANCED_FACE('',(#256),#13526,.T.);
#14227=ADVANCED_FACE('',(#257),#13527,.T.);
#14228=ADVANCED_FACE('',(#258),#13528,.T.);
#14229=ADVANCED_FACE('',(#259),#13529,.T.);
#14230=ADVANCED_FACE('',(#260),#13530,.T.);
#14231=ADVANCED_FACE('',(#261),#13531,.T.);
#14232=ADVANCED_FACE('',(#262),#13532,.T.);
#14233=ADVANCED_FACE('',(#263),#13533,.T.);
#14234=ADVANCED_FACE('',(#264),#13534,.T.);
#14235=ADVANCED_FACE('',(#265,#55,#56,#57,#58),#13535,.T.);
#14236=ADVANCED_FACE('',(#266,#59,#60,#61,#62),#13536,.F.);
#14237=ADVANCED_FACE('',(#267),#35,.T.);
#14238=ADVANCED_FACE('',(#268),#13537,.F.);
#14239=ADVANCED_FACE('',(#269),#13538,.T.);
#14240=ADVANCED_FACE('',(#270),#36,.T.);
#14241=ADVANCED_FACE('',(#271),#37,.T.);
#14242=ADVANCED_FACE('',(#272),#13539,.T.);
#14243=ADVANCED_FACE('',(#273),#38,.T.);
#14244=ADVANCED_FACE('',(#274),#13540,.T.);
#14245=ADVANCED_FACE('',(#275),#13541,.T.);
#14246=ADVANCED_FACE('',(#276),#13542,.T.);
#14247=ADVANCED_FACE('',(#277),#13543,.T.);
#14248=ADVANCED_FACE('',(#278),#13544,.T.);
#14249=ADVANCED_FACE('',(#279),#13545,.T.);
#14250=ADVANCED_FACE('',(#280),#13546,.T.);
#14251=ADVANCED_FACE('',(#281),#13547,.T.);
#14252=ADVANCED_FACE('',(#282),#13548,.T.);
#14253=ADVANCED_FACE('',(#283),#13549,.T.);
#14254=ADVANCED_FACE('',(#284),#13550,.T.);
#14255=ADVANCED_FACE('',(#285),#13551,.T.);
#14256=ADVANCED_FACE('',(#286),#13552,.T.);
#14257=ADVANCED_FACE('',(#287),#13553,.T.);
#14258=ADVANCED_FACE('',(#288),#13554,.T.);
#14259=ADVANCED_FACE('',(#289),#13555,.T.);
#14260=ADVANCED_FACE('',(#290),#13556,.T.);
#14261=ADVANCED_FACE('',(#291),#13557,.T.);
#14262=ADVANCED_FACE('',(#292),#13558,.T.);
#14263=ADVANCED_FACE('',(#293),#13559,.T.);
#14264=ADVANCED_FACE('',(#294),#13560,.T.);
#14265=ADVANCED_FACE('',(#295),#13561,.T.);
#14266=ADVANCED_FACE('',(#296),#13562,.T.);
#14267=ADVANCED_FACE('',(#297),#13563,.T.);
#14268=ADVANCED_FACE('',(#298),#13564,.T.);
#14269=ADVANCED_FACE('',(#299),#13565,.T.);
#14270=ADVANCED_FACE('',(#300),#13566,.T.);
#14271=ADVANCED_FACE('',(#301),#13567,.T.);
#14272=ADVANCED_FACE('',(#302),#13568,.T.);
#14273=ADVANCED_FACE('',(#303),#13569,.T.);
#14274=ADVANCED_FACE('',(#304),#13570,.T.);
#14275=ADVANCED_FACE('',(#305),#13571,.T.);
#14276=ADVANCED_FACE('',(#306),#13572,.T.);
#14277=ADVANCED_FACE('',(#307),#13573,.T.);
#14278=ADVANCED_FACE('',(#308),#13574,.T.);
#14279=ADVANCED_FACE('',(#309),#13575,.T.);
#14280=ADVANCED_FACE('',(#310),#13576,.T.);
#14281=ADVANCED_FACE('',(#311),#13577,.T.);
#14282=ADVANCED_FACE('',(#312),#13578,.T.);
#14283=ADVANCED_FACE('',(#313),#13579,.T.);
#14284=ADVANCED_FACE('',(#314),#13580,.T.);
#14285=ADVANCED_FACE('',(#315),#13581,.T.);
#14286=ADVANCED_FACE('',(#316),#13582,.T.);
#14287=ADVANCED_FACE('',(#317),#13583,.T.);
#14288=ADVANCED_FACE('',(#318),#13584,.T.);
#14289=ADVANCED_FACE('',(#319),#13585,.T.);
#14290=ADVANCED_FACE('',(#320),#13586,.T.);
#14291=ADVANCED_FACE('',(#321),#13587,.T.);
#14292=ADVANCED_FACE('',(#322),#13588,.T.);
#14293=ADVANCED_FACE('',(#323),#13589,.T.);
#14294=ADVANCED_FACE('',(#324),#13590,.T.);
#14295=ADVANCED_FACE('',(#325),#13591,.T.);
#14296=ADVANCED_FACE('',(#326),#13592,.T.);
#14297=ADVANCED_FACE('',(#327),#13593,.T.);
#14298=ADVANCED_FACE('',(#328),#13594,.T.);
#14299=ADVANCED_FACE('',(#329),#13595,.T.);
#14300=ADVANCED_FACE('',(#330),#13596,.T.);
#14301=ADVANCED_FACE('',(#331),#13597,.T.);
#14302=ADVANCED_FACE('',(#332),#13598,.T.);
#14303=ADVANCED_FACE('',(#333),#13599,.T.);
#14304=ADVANCED_FACE('',(#334),#13600,.T.);
#14305=ADVANCED_FACE('',(#335),#13601,.T.);
#14306=ADVANCED_FACE('',(#336),#13602,.T.);
#14307=ADVANCED_FACE('',(#337),#13603,.T.);
#14308=ADVANCED_FACE('',(#338),#13604,.T.);
#14309=ADVANCED_FACE('',(#339),#13605,.T.);
#14310=ADVANCED_FACE('',(#340),#13606,.T.);
#14311=ADVANCED_FACE('',(#341),#13607,.T.);
#14312=ADVANCED_FACE('',(#342),#13608,.T.);
#14313=ADVANCED_FACE('',(#343),#13609,.T.);
#14314=ADVANCED_FACE('',(#344),#13610,.T.);
#14315=ADVANCED_FACE('',(#345),#13611,.T.);
#14316=ADVANCED_FACE('',(#346),#13612,.T.);
#14317=ADVANCED_FACE('',(#347),#13613,.T.);
#14318=ADVANCED_FACE('',(#348),#13614,.T.);
#14319=ADVANCED_FACE('',(#349),#13615,.T.);
#14320=ADVANCED_FACE('',(#350),#13616,.T.);
#14321=ADVANCED_FACE('',(#351),#13617,.T.);
#14322=ADVANCED_FACE('',(#352),#13618,.T.);
#14323=ADVANCED_FACE('',(#353),#13619,.T.);
#14324=ADVANCED_FACE('',(#354),#13620,.T.);
#14325=ADVANCED_FACE('',(#355),#13621,.T.);
#14326=ADVANCED_FACE('',(#356),#13622,.T.);
#14327=ADVANCED_FACE('',(#357),#13623,.T.);
#14328=ADVANCED_FACE('',(#358),#13624,.T.);
#14329=ADVANCED_FACE('',(#359),#13625,.T.);
#14330=ADVANCED_FACE('',(#360),#13626,.T.);
#14331=ADVANCED_FACE('',(#361),#13627,.T.);
#14332=ADVANCED_FACE('',(#362),#13628,.T.);
#14333=ADVANCED_FACE('',(#363),#13629,.T.);
#14334=ADVANCED_FACE('',(#364),#13630,.T.);
#14335=ADVANCED_FACE('',(#365),#13631,.T.);
#14336=ADVANCED_FACE('',(#366),#13632,.T.);
#14337=ADVANCED_FACE('',(#367),#13633,.T.);
#14338=ADVANCED_FACE('',(#368),#13634,.T.);
#14339=ADVANCED_FACE('',(#369),#13635,.T.);
#14340=ADVANCED_FACE('',(#370),#13636,.T.);
#14341=ADVANCED_FACE('',(#371),#13637,.T.);
#14342=ADVANCED_FACE('',(#372),#13638,.T.);
#14343=ADVANCED_FACE('',(#373),#13639,.T.);
#14344=ADVANCED_FACE('',(#374),#13640,.T.);
#14345=ADVANCED_FACE('',(#375),#13641,.T.);
#14346=ADVANCED_FACE('',(#376),#13642,.T.);
#14347=ADVANCED_FACE('',(#377),#13643,.T.);
#14348=ADVANCED_FACE('',(#378),#13644,.T.);
#14349=ADVANCED_FACE('',(#379),#13645,.T.);
#14350=ADVANCED_FACE('',(#380),#13646,.T.);
#14351=ADVANCED_FACE('',(#381),#13647,.T.);
#14352=ADVANCED_FACE('',(#382),#13648,.T.);
#14353=ADVANCED_FACE('',(#383),#13649,.T.);
#14354=ADVANCED_FACE('',(#384),#13650,.T.);
#14355=ADVANCED_FACE('',(#385),#13651,.T.);
#14356=ADVANCED_FACE('',(#386),#13652,.T.);
#14357=ADVANCED_FACE('',(#387),#13653,.T.);
#14358=ADVANCED_FACE('',(#388),#13654,.T.);
#14359=ADVANCED_FACE('',(#389),#13655,.T.);
#14360=ADVANCED_FACE('',(#390),#13656,.T.);
#14361=ADVANCED_FACE('',(#391),#13657,.T.);
#14362=ADVANCED_FACE('',(#392),#13658,.T.);
#14363=ADVANCED_FACE('',(#393),#13659,.T.);
#14364=ADVANCED_FACE('',(#394),#13660,.T.);
#14365=ADVANCED_FACE('',(#395),#13661,.T.);
#14366=ADVANCED_FACE('',(#396),#13662,.T.);
#14367=ADVANCED_FACE('',(#397),#13663,.T.);
#14368=ADVANCED_FACE('',(#398),#13664,.T.);
#14369=ADVANCED_FACE('',(#399),#13665,.T.);
#14370=ADVANCED_FACE('',(#400),#13666,.T.);
#14371=ADVANCED_FACE('',(#401),#13667,.T.);
#14372=ADVANCED_FACE('',(#402),#13668,.T.);
#14373=ADVANCED_FACE('',(#403),#13669,.T.);
#14374=ADVANCED_FACE('',(#404),#13670,.T.);
#14375=ADVANCED_FACE('',(#405),#13671,.T.);
#14376=ADVANCED_FACE('',(#406),#13672,.T.);
#14377=ADVANCED_FACE('',(#407),#13673,.T.);
#14378=ADVANCED_FACE('',(#408),#13674,.T.);
#14379=ADVANCED_FACE('',(#409),#13675,.T.);
#14380=ADVANCED_FACE('',(#410),#13676,.T.);
#14381=ADVANCED_FACE('',(#411),#13677,.T.);
#14382=ADVANCED_FACE('',(#412),#13678,.T.);
#14383=ADVANCED_FACE('',(#413),#13679,.T.);
#14384=ADVANCED_FACE('',(#414),#13680,.T.);
#14385=ADVANCED_FACE('',(#415),#13681,.T.);
#14386=ADVANCED_FACE('',(#416),#13682,.T.);
#14387=ADVANCED_FACE('',(#417),#13683,.T.);
#14388=ADVANCED_FACE('',(#418),#13684,.T.);
#14389=ADVANCED_FACE('',(#419),#13685,.T.);
#14390=ADVANCED_FACE('',(#420),#13686,.T.);
#14391=ADVANCED_FACE('',(#421),#13687,.T.);
#14392=ADVANCED_FACE('',(#422),#13688,.T.);
#14393=ADVANCED_FACE('',(#423),#13689,.T.);
#14394=ADVANCED_FACE('',(#424),#13690,.T.);
#14395=ADVANCED_FACE('',(#425),#13691,.T.);
#14396=ADVANCED_FACE('',(#426),#13692,.T.);
#14397=ADVANCED_FACE('',(#427),#13693,.T.);
#14398=ADVANCED_FACE('',(#428),#13694,.T.);
#14399=ADVANCED_FACE('',(#429),#13695,.T.);
#14400=ADVANCED_FACE('',(#430),#13696,.T.);
#14401=ADVANCED_FACE('',(#431),#13697,.T.);
#14402=ADVANCED_FACE('',(#432),#13698,.T.);
#14403=ADVANCED_FACE('',(#433),#13699,.T.);
#14404=ADVANCED_FACE('',(#434),#13700,.T.);
#14405=ADVANCED_FACE('',(#435),#13701,.T.);
#14406=ADVANCED_FACE('',(#436),#13702,.T.);
#14407=ADVANCED_FACE('',(#437),#13703,.T.);
#14408=ADVANCED_FACE('',(#438),#13704,.T.);
#14409=ADVANCED_FACE('',(#439),#13705,.T.);
#14410=ADVANCED_FACE('',(#440),#13706,.T.);
#14411=ADVANCED_FACE('',(#441),#13707,.T.);
#14412=ADVANCED_FACE('',(#442),#13708,.T.);
#14413=ADVANCED_FACE('',(#443),#13709,.T.);
#14414=ADVANCED_FACE('',(#444),#13710,.T.);
#14415=ADVANCED_FACE('',(#445),#13711,.T.);
#14416=ADVANCED_FACE('',(#446),#13712,.T.);
#14417=ADVANCED_FACE('',(#447),#13713,.T.);
#14418=ADVANCED_FACE('',(#448),#13714,.T.);
#14419=ADVANCED_FACE('',(#449,#63,#64,#65,#66),#13715,.T.);
#14420=ADVANCED_FACE('',(#450,#67,#68,#69,#70),#13716,.F.);
#14421=ADVANCED_FACE('',(#451),#13717,.F.);
#14422=ADVANCED_FACE('',(#452),#13718,.F.);
#14423=ADVANCED_FACE('',(#453),#13719,.F.);
#14424=ADVANCED_FACE('',(#454),#13720,.F.);
#14425=ADVANCED_FACE('',(#455),#13721,.F.);
#14426=ADVANCED_FACE('',(#456),#13722,.F.);
#14427=ADVANCED_FACE('',(#457),#13723,.F.);
#14428=ADVANCED_FACE('',(#458),#13724,.F.);
#14429=ADVANCED_FACE('',(#459),#13725,.T.);
#14430=ADVANCED_FACE('',(#460),#13726,.T.);
#14431=ADVANCED_FACE('',(#461),#13727,.T.);
#14432=ADVANCED_FACE('',(#462),#13728,.T.);
#14433=ADVANCED_FACE('',(#463),#13729,.T.);
#14434=ADVANCED_FACE('',(#464),#13730,.T.);
#14435=ADVANCED_FACE('',(#465),#13731,.T.);
#14436=ADVANCED_FACE('',(#466),#13732,.T.);
#14437=ADVANCED_FACE('',(#467),#13733,.T.);
#14438=ADVANCED_FACE('',(#468),#13734,.T.);
#14439=ADVANCED_FACE('',(#469),#13735,.T.);
#14440=ADVANCED_FACE('',(#470),#13736,.T.);
#14441=ADVANCED_FACE('',(#471),#13737,.T.);
#14442=ADVANCED_FACE('',(#472),#13738,.T.);
#14443=ADVANCED_FACE('',(#473),#13739,.T.);
#14444=ADVANCED_FACE('',(#474),#13740,.T.);
#14445=ADVANCED_FACE('',(#475),#13741,.T.);
#14446=ADVANCED_FACE('',(#476),#13742,.T.);
#14447=ADVANCED_FACE('',(#477),#13743,.T.);
#14448=ADVANCED_FACE('',(#478),#13744,.T.);
#14449=ADVANCED_FACE('',(#479),#13745,.T.);
#14450=ADVANCED_FACE('',(#480),#13746,.T.);
#14451=ADVANCED_FACE('',(#481),#13747,.T.);
#14452=ADVANCED_FACE('',(#482),#13748,.T.);
#14453=ADVANCED_FACE('',(#483),#13749,.T.);
#14454=ADVANCED_FACE('',(#484),#13750,.T.);
#14455=ADVANCED_FACE('',(#485),#13751,.T.);
#14456=ADVANCED_FACE('',(#486),#13752,.T.);
#14457=ADVANCED_FACE('',(#487),#13753,.T.);
#14458=ADVANCED_FACE('',(#488),#13754,.T.);
#14459=ADVANCED_FACE('',(#489),#13755,.T.);
#14460=ADVANCED_FACE('',(#490),#13756,.T.);
#14461=ADVANCED_FACE('',(#491),#13757,.T.);
#14462=ADVANCED_FACE('',(#492),#13758,.T.);
#14463=ADVANCED_FACE('',(#493),#13759,.T.);
#14464=ADVANCED_FACE('',(#494),#13760,.T.);
#14465=ADVANCED_FACE('',(#495),#13761,.T.);
#14466=ADVANCED_FACE('',(#496),#13762,.T.);
#14467=ADVANCED_FACE('',(#497),#13763,.T.);
#14468=ADVANCED_FACE('',(#498),#13764,.T.);
#14469=ADVANCED_FACE('',(#499),#13765,.T.);
#14470=ADVANCED_FACE('',(#500),#13766,.T.);
#14471=ADVANCED_FACE('',(#501),#13767,.T.);
#14472=ADVANCED_FACE('',(#502),#13768,.T.);
#14473=ADVANCED_FACE('',(#503),#13769,.T.);
#14474=ADVANCED_FACE('',(#504),#13770,.T.);
#14475=ADVANCED_FACE('',(#505),#13771,.T.);
#14476=ADVANCED_FACE('',(#506),#13772,.T.);
#14477=ADVANCED_FACE('',(#507),#13773,.T.);
#14478=ADVANCED_FACE('',(#508),#13774,.T.);
#14479=ADVANCED_FACE('',(#509),#13775,.T.);
#14480=ADVANCED_FACE('',(#510),#13776,.T.);
#14481=ADVANCED_FACE('',(#511),#13777,.T.);
#14482=ADVANCED_FACE('',(#512),#13778,.T.);
#14483=ADVANCED_FACE('',(#513),#13779,.T.);
#14484=ADVANCED_FACE('',(#514),#13780,.T.);
#14485=ADVANCED_FACE('',(#515),#13781,.T.);
#14486=ADVANCED_FACE('',(#516),#13782,.T.);
#14487=ADVANCED_FACE('',(#517),#13783,.T.);
#14488=ADVANCED_FACE('',(#518),#13784,.T.);
#14489=ADVANCED_FACE('',(#519),#13785,.T.);
#14490=ADVANCED_FACE('',(#520),#13786,.T.);
#14491=ADVANCED_FACE('',(#521),#13787,.T.);
#14492=ADVANCED_FACE('',(#522),#13788,.T.);
#14493=ADVANCED_FACE('',(#523),#13789,.T.);
#14494=ADVANCED_FACE('',(#524),#13790,.T.);
#14495=ADVANCED_FACE('',(#525),#13791,.T.);
#14496=ADVANCED_FACE('',(#526),#13792,.T.);
#14497=ADVANCED_FACE('',(#527),#13793,.T.);
#14498=ADVANCED_FACE('',(#528),#13794,.T.);
#14499=ADVANCED_FACE('',(#529),#13795,.T.);
#14500=ADVANCED_FACE('',(#530),#13796,.T.);
#14501=ADVANCED_FACE('',(#531),#13797,.T.);
#14502=ADVANCED_FACE('',(#532),#13798,.T.);
#14503=ADVANCED_FACE('',(#533),#13799,.T.);
#14504=ADVANCED_FACE('',(#534),#13800,.T.);
#14505=ADVANCED_FACE('',(#535),#13801,.T.);
#14506=ADVANCED_FACE('',(#536),#13802,.T.);
#14507=ADVANCED_FACE('',(#537),#13803,.T.);
#14508=ADVANCED_FACE('',(#538),#13804,.T.);
#14509=ADVANCED_FACE('',(#539),#13805,.T.);
#14510=ADVANCED_FACE('',(#540),#13806,.T.);
#14511=ADVANCED_FACE('',(#541),#13807,.T.);
#14512=ADVANCED_FACE('',(#542),#13808,.T.);
#14513=ADVANCED_FACE('',(#543),#13809,.T.);
#14514=ADVANCED_FACE('',(#544),#13810,.T.);
#14515=ADVANCED_FACE('',(#545),#13811,.T.);
#14516=ADVANCED_FACE('',(#546),#13812,.T.);
#14517=ADVANCED_FACE('',(#547),#13813,.T.);
#14518=ADVANCED_FACE('',(#548),#13814,.T.);
#14519=ADVANCED_FACE('',(#549),#13815,.T.);
#14520=ADVANCED_FACE('',(#550),#13816,.T.);
#14521=ADVANCED_FACE('',(#551),#13817,.T.);
#14522=ADVANCED_FACE('',(#552),#13818,.T.);
#14523=ADVANCED_FACE('',(#553),#13819,.T.);
#14524=ADVANCED_FACE('',(#554),#13820,.T.);
#14525=ADVANCED_FACE('',(#555),#13821,.T.);
#14526=ADVANCED_FACE('',(#556),#13822,.T.);
#14527=ADVANCED_FACE('',(#557),#13823,.T.);
#14528=ADVANCED_FACE('',(#558),#13824,.T.);
#14529=ADVANCED_FACE('',(#559),#13825,.T.);
#14530=ADVANCED_FACE('',(#560),#13826,.T.);
#14531=ADVANCED_FACE('',(#561),#13827,.T.);
#14532=ADVANCED_FACE('',(#562),#13828,.T.);
#14533=ADVANCED_FACE('',(#563),#13829,.T.);
#14534=ADVANCED_FACE('',(#564),#13830,.T.);
#14535=ADVANCED_FACE('',(#565),#13831,.T.);
#14536=ADVANCED_FACE('',(#566),#13832,.T.);
#14537=ADVANCED_FACE('',(#567),#13833,.T.);
#14538=ADVANCED_FACE('',(#568),#13834,.T.);
#14539=ADVANCED_FACE('',(#569),#13835,.T.);
#14540=ADVANCED_FACE('',(#570),#13836,.T.);
#14541=ADVANCED_FACE('',(#571),#13837,.T.);
#14542=ADVANCED_FACE('',(#572),#13838,.T.);
#14543=ADVANCED_FACE('',(#573),#13839,.T.);
#14544=ADVANCED_FACE('',(#574),#13840,.T.);
#14545=ADVANCED_FACE('',(#575),#13841,.T.);
#14546=ADVANCED_FACE('',(#576),#13842,.T.);
#14547=ADVANCED_FACE('',(#577),#13843,.T.);
#14548=ADVANCED_FACE('',(#578),#13844,.T.);
#14549=ADVANCED_FACE('',(#579),#13845,.T.);
#14550=ADVANCED_FACE('',(#580),#13846,.T.);
#14551=ADVANCED_FACE('',(#581),#13847,.T.);
#14552=ADVANCED_FACE('',(#582),#13848,.T.);
#14553=ADVANCED_FACE('',(#583),#13849,.T.);
#14554=ADVANCED_FACE('',(#584),#13850,.T.);
#14555=ADVANCED_FACE('',(#585),#13851,.T.);
#14556=ADVANCED_FACE('',(#586),#13852,.T.);
#14557=ADVANCED_FACE('',(#587),#13853,.T.);
#14558=ADVANCED_FACE('',(#588),#13854,.T.);
#14559=ADVANCED_FACE('',(#589),#13855,.T.);
#14560=ADVANCED_FACE('',(#590),#13856,.T.);
#14561=ADVANCED_FACE('',(#591),#13857,.T.);
#14562=ADVANCED_FACE('',(#592),#13858,.T.);
#14563=ADVANCED_FACE('',(#593),#13859,.T.);
#14564=ADVANCED_FACE('',(#594),#13860,.T.);
#14565=ADVANCED_FACE('',(#595),#13861,.T.);
#14566=ADVANCED_FACE('',(#596),#13862,.T.);
#14567=ADVANCED_FACE('',(#597),#13863,.T.);
#14568=ADVANCED_FACE('',(#598),#13864,.T.);
#14569=ADVANCED_FACE('',(#599),#13865,.T.);
#14570=ADVANCED_FACE('',(#600),#13866,.T.);
#14571=ADVANCED_FACE('',(#601),#13867,.T.);
#14572=ADVANCED_FACE('',(#602),#13868,.T.);
#14573=ADVANCED_FACE('',(#603),#13869,.T.);
#14574=ADVANCED_FACE('',(#604),#13870,.T.);
#14575=ADVANCED_FACE('',(#605),#13871,.T.);
#14576=ADVANCED_FACE('',(#606),#13872,.T.);
#14577=ADVANCED_FACE('',(#607),#13873,.T.);
#14578=ADVANCED_FACE('',(#608),#13874,.T.);
#14579=ADVANCED_FACE('',(#609),#13875,.T.);
#14580=ADVANCED_FACE('',(#610),#13876,.T.);
#14581=ADVANCED_FACE('',(#611),#13877,.T.);
#14582=ADVANCED_FACE('',(#612),#13878,.T.);
#14583=ADVANCED_FACE('',(#613),#13879,.T.);
#14584=ADVANCED_FACE('',(#614),#13880,.T.);
#14585=ADVANCED_FACE('',(#615),#13881,.T.);
#14586=ADVANCED_FACE('',(#616),#13882,.T.);
#14587=ADVANCED_FACE('',(#617),#13883,.T.);
#14588=ADVANCED_FACE('',(#618),#13884,.T.);
#14589=ADVANCED_FACE('',(#619),#13885,.T.);
#14590=ADVANCED_FACE('',(#620),#13886,.T.);
#14591=ADVANCED_FACE('',(#621),#13887,.T.);
#14592=ADVANCED_FACE('',(#622),#13888,.T.);
#14593=ADVANCED_FACE('',(#623),#13889,.T.);
#14594=ADVANCED_FACE('',(#624),#13890,.T.);
#14595=ADVANCED_FACE('',(#625),#13891,.T.);
#14596=ADVANCED_FACE('',(#626),#13892,.T.);
#14597=ADVANCED_FACE('',(#627),#13893,.T.);
#14598=ADVANCED_FACE('',(#628),#13894,.T.);
#14599=ADVANCED_FACE('',(#629),#13895,.T.);
#14600=ADVANCED_FACE('',(#630),#13896,.T.);
#14601=ADVANCED_FACE('',(#631),#13897,.T.);
#14602=ADVANCED_FACE('',(#632),#13898,.T.);
#14603=ADVANCED_FACE('',(#633),#13899,.T.);
#14604=ADVANCED_FACE('',(#634),#13900,.T.);
#14605=ADVANCED_FACE('',(#635),#13901,.T.);
#14606=ADVANCED_FACE('',(#636),#13902,.T.);
#14607=ADVANCED_FACE('',(#637),#13903,.T.);
#14608=ADVANCED_FACE('',(#638),#13904,.T.);
#14609=ADVANCED_FACE('',(#639),#13905,.T.);
#14610=ADVANCED_FACE('',(#640),#13906,.T.);
#14611=ADVANCED_FACE('',(#641),#13907,.T.);
#14612=ADVANCED_FACE('',(#642),#13908,.T.);
#14613=ADVANCED_FACE('',(#643),#13909,.T.);
#14614=ADVANCED_FACE('',(#644),#13910,.T.);
#14615=ADVANCED_FACE('',(#645),#13911,.T.);
#14616=ADVANCED_FACE('',(#646),#13912,.T.);
#14617=ADVANCED_FACE('',(#647),#13913,.T.);
#14618=ADVANCED_FACE('',(#648),#13914,.T.);
#14619=ADVANCED_FACE('',(#649),#13915,.T.);
#14620=ADVANCED_FACE('',(#650),#13916,.T.);
#14621=ADVANCED_FACE('',(#651),#13917,.T.);
#14622=ADVANCED_FACE('',(#652),#13918,.T.);
#14623=ADVANCED_FACE('',(#653),#13919,.T.);
#14624=ADVANCED_FACE('',(#654),#13920,.T.);
#14625=ADVANCED_FACE('',(#655),#13921,.T.);
#14626=ADVANCED_FACE('',(#656),#13922,.T.);
#14627=ADVANCED_FACE('',(#657),#13923,.T.);
#14628=ADVANCED_FACE('',(#658),#13924,.T.);
#14629=ADVANCED_FACE('',(#659),#13925,.T.);
#14630=ADVANCED_FACE('',(#660),#13926,.T.);
#14631=ADVANCED_FACE('',(#661),#13927,.T.);
#14632=ADVANCED_FACE('',(#662),#13928,.T.);
#14633=ADVANCED_FACE('',(#663),#13929,.T.);
#14634=ADVANCED_FACE('',(#664),#13930,.T.);
#14635=ADVANCED_FACE('',(#665),#13931,.T.);
#14636=ADVANCED_FACE('',(#666),#13932,.T.);
#14637=ADVANCED_FACE('',(#667),#13933,.T.);
#14638=ADVANCED_FACE('',(#668),#13934,.T.);
#14639=ADVANCED_FACE('',(#669),#13935,.T.);
#14640=ADVANCED_FACE('',(#670),#13936,.T.);
#14641=ADVANCED_FACE('',(#671),#13937,.T.);
#14642=ADVANCED_FACE('',(#672),#13938,.T.);
#14643=ADVANCED_FACE('',(#673),#13939,.T.);
#14644=ADVANCED_FACE('',(#674),#13940,.T.);
#14645=ADVANCED_FACE('',(#675),#13941,.T.);
#14646=ADVANCED_FACE('',(#676),#13942,.T.);
#14647=ADVANCED_FACE('',(#677),#13943,.T.);
#14648=ADVANCED_FACE('',(#678),#13944,.T.);
#14649=ADVANCED_FACE('',(#679),#13945,.T.);
#14650=ADVANCED_FACE('',(#680),#13946,.T.);
#14651=ADVANCED_FACE('',(#681),#13947,.T.);
#14652=ADVANCED_FACE('',(#682),#13948,.T.);
#14653=ADVANCED_FACE('',(#683),#13949,.T.);
#14654=ADVANCED_FACE('',(#684),#13950,.T.);
#14655=ADVANCED_FACE('',(#685),#13951,.T.);
#14656=ADVANCED_FACE('',(#686),#13952,.T.);
#14657=ADVANCED_FACE('',(#687),#13953,.T.);
#14658=ADVANCED_FACE('',(#688),#13954,.T.);
#14659=ADVANCED_FACE('',(#689),#13955,.T.);
#14660=ADVANCED_FACE('',(#690),#13956,.T.);
#14661=ADVANCED_FACE('',(#691),#13957,.T.);
#14662=ADVANCED_FACE('',(#692),#13958,.T.);
#14663=ADVANCED_FACE('',(#693),#13959,.T.);
#14664=ADVANCED_FACE('',(#694),#13960,.T.);
#14665=ADVANCED_FACE('',(#695),#13961,.T.);
#14666=ADVANCED_FACE('',(#696),#13962,.T.);
#14667=ADVANCED_FACE('',(#697),#13963,.T.);
#14668=ADVANCED_FACE('',(#698),#13964,.T.);
#14669=ADVANCED_FACE('',(#699),#13965,.T.);
#14670=ADVANCED_FACE('',(#700),#13966,.T.);
#14671=ADVANCED_FACE('',(#701),#13967,.T.);
#14672=ADVANCED_FACE('',(#702),#13968,.T.);
#14673=ADVANCED_FACE('',(#703),#13969,.T.);
#14674=ADVANCED_FACE('',(#704),#13970,.T.);
#14675=ADVANCED_FACE('',(#705),#13971,.T.);
#14676=ADVANCED_FACE('',(#706),#13972,.T.);
#14677=ADVANCED_FACE('',(#707),#13973,.T.);
#14678=ADVANCED_FACE('',(#708),#13974,.T.);
#14679=ADVANCED_FACE('',(#709),#13975,.T.);
#14680=ADVANCED_FACE('',(#710),#13976,.T.);
#14681=ADVANCED_FACE('',(#711),#13977,.T.);
#14682=ADVANCED_FACE('',(#712),#13978,.T.);
#14683=ADVANCED_FACE('',(#713),#13979,.T.);
#14684=ADVANCED_FACE('',(#714),#13980,.T.);
#14685=ADVANCED_FACE('',(#715),#13981,.T.);
#14686=ADVANCED_FACE('',(#716),#13982,.T.);
#14687=ADVANCED_FACE('',(#717),#13983,.T.);
#14688=ADVANCED_FACE('',(#718),#13984,.T.);
#14689=ADVANCED_FACE('',(#719),#13985,.T.);
#14690=ADVANCED_FACE('',(#720),#13986,.T.);
#14691=ADVANCED_FACE('',(#721),#13987,.T.);
#14692=ADVANCED_FACE('',(#722),#13988,.T.);
#14693=ADVANCED_FACE('',(#723),#13989,.T.);
#14694=ADVANCED_FACE('',(#724),#13990,.T.);
#14695=ADVANCED_FACE('',(#725),#13991,.T.);
#14696=ADVANCED_FACE('',(#726),#13992,.T.);
#14697=ADVANCED_FACE('',(#727),#13993,.T.);
#14698=ADVANCED_FACE('',(#728),#13994,.T.);
#14699=ADVANCED_FACE('',(#729),#13995,.T.);
#14700=ADVANCED_FACE('',(#730),#13996,.T.);
#14701=ADVANCED_FACE('',(#731),#13997,.T.);
#14702=ADVANCED_FACE('',(#732),#13998,.T.);
#14703=ADVANCED_FACE('',(#733),#13999,.T.);
#14704=ADVANCED_FACE('',(#734),#14000,.T.);
#14705=ADVANCED_FACE('',(#735),#14001,.T.);
#14706=ADVANCED_FACE('',(#736),#14002,.T.);
#14707=ADVANCED_FACE('',(#737),#14003,.T.);
#14708=ADVANCED_FACE('',(#738),#14004,.T.);
#14709=ADVANCED_FACE('',(#739),#14005,.T.);
#14710=ADVANCED_FACE('',(#740),#14006,.T.);
#14711=ADVANCED_FACE('',(#741),#14007,.T.);
#14712=ADVANCED_FACE('',(#742),#14008,.T.);
#14713=ADVANCED_FACE('',(#743),#14009,.T.);
#14714=ADVANCED_FACE('',(#744),#14010,.T.);
#14715=ADVANCED_FACE('',(#745),#14011,.T.);
#14716=ADVANCED_FACE('',(#746),#14012,.T.);
#14717=ADVANCED_FACE('',(#747),#14013,.T.);
#14718=ADVANCED_FACE('',(#748),#14014,.T.);
#14719=ADVANCED_FACE('',(#749),#14015,.T.);
#14720=ADVANCED_FACE('',(#750),#14016,.T.);
#14721=ADVANCED_FACE('',(#751),#14017,.T.);
#14722=ADVANCED_FACE('',(#752),#14018,.T.);
#14723=ADVANCED_FACE('',(#753),#14019,.T.);
#14724=ADVANCED_FACE('',(#754),#14020,.T.);
#14725=ADVANCED_FACE('',(#755),#14021,.T.);
#14726=ADVANCED_FACE('',(#756),#14022,.T.);
#14727=ADVANCED_FACE('',(#757),#14023,.T.);
#14728=ADVANCED_FACE('',(#758),#14024,.T.);
#14729=ADVANCED_FACE('',(#759),#14025,.T.);
#14730=ADVANCED_FACE('',(#760),#14026,.T.);
#14731=ADVANCED_FACE('',(#761),#14027,.T.);
#14732=ADVANCED_FACE('',(#762),#14028,.T.);
#14733=ADVANCED_FACE('',(#763),#14029,.T.);
#14734=ADVANCED_FACE('',(#764),#14030,.T.);
#14735=ADVANCED_FACE('',(#765),#14031,.T.);
#14736=ADVANCED_FACE('',(#766),#14032,.T.);
#14737=ADVANCED_FACE('',(#767),#14033,.T.);
#14738=ADVANCED_FACE('',(#768),#14034,.T.);
#14739=ADVANCED_FACE('',(#769),#14035,.T.);
#14740=ADVANCED_FACE('',(#770),#14036,.T.);
#14741=ADVANCED_FACE('',(#771),#14037,.T.);
#14742=ADVANCED_FACE('',(#772),#14038,.T.);
#14743=ADVANCED_FACE('',(#773),#14039,.T.);
#14744=ADVANCED_FACE('',(#774),#14040,.T.);
#14745=ADVANCED_FACE('',(#775),#14041,.T.);
#14746=ADVANCED_FACE('',(#776),#14042,.T.);
#14747=ADVANCED_FACE('',(#777),#14043,.T.);
#14748=ADVANCED_FACE('',(#778),#14044,.T.);
#14749=ADVANCED_FACE('',(#779),#14045,.T.);
#14750=ADVANCED_FACE('',(#780),#14046,.T.);
#14751=ADVANCED_FACE('',(#781),#14047,.T.);
#14752=ADVANCED_FACE('',(#782),#14048,.T.);
#14753=ADVANCED_FACE('',(#783),#14049,.T.);
#14754=ADVANCED_FACE('',(#784),#14050,.T.);
#14755=ADVANCED_FACE('',(#785),#14051,.T.);
#14756=ADVANCED_FACE('',(#786),#14052,.T.);
#14757=ADVANCED_FACE('',(#787),#14053,.T.);
#14758=ADVANCED_FACE('',(#788),#14054,.T.);
#14759=ADVANCED_FACE('',(#789),#14055,.T.);
#14760=ADVANCED_FACE('',(#790),#14056,.T.);
#14761=ADVANCED_FACE('',(#791),#14057,.T.);
#14762=ADVANCED_FACE('',(#792),#14058,.T.);
#14763=ADVANCED_FACE('',(#793),#14059,.T.);
#14764=ADVANCED_FACE('',(#794),#14060,.T.);
#14765=ADVANCED_FACE('',(#795),#14061,.T.);
#14766=ADVANCED_FACE('',(#796),#14062,.T.);
#14767=ADVANCED_FACE('',(#797),#14063,.T.);
#14768=ADVANCED_FACE('',(#798),#14064,.T.);
#14769=ADVANCED_FACE('',(#799),#14065,.T.);
#14770=ADVANCED_FACE('',(#800),#14066,.T.);
#14771=ADVANCED_FACE('',(#801),#14067,.T.);
#14772=ADVANCED_FACE('',(#802),#14068,.T.);
#14773=ADVANCED_FACE('',(#803,#71,#72,#73,#74,#75,#76,#77,#78,#79,#80,#81,
#82,#83,#84,#85),#14069,.T.);
#14774=ADVANCED_FACE('',(#804,#86,#87,#88,#89,#90,#91,#92,#93,#94,#95,#96,
#97,#98,#99,#100),#14070,.F.);
#14775=CLOSED_SHELL('',(#14071,#14072,#14073,#14074,#14075,#14076,#14077,
#14078,#14079,#14080,#14081,#14082,#14083,#14084,#14085,#14086,#14087,#14088,
#14089,#14090,#14091,#14092,#14093,#14094,#14095,#14096,#14097,#14098,#14099,
#14100,#14101,#14102,#14103,#14104,#14105,#14106,#14107,#14108,#14109,#14110,
#14111,#14112,#14113,#14114,#14115,#14116,#14117,#14118,#14119,#14120,#14121,
#14122,#14123,#14124,#14125,#14126,#14127,#14128,#14129,#14130,#14131,#14132,
#14133,#14134,#14135,#14136,#14137,#14138,#14139,#14140,#14141,#14142,#14143,
#14144,#14145,#14146,#14147,#14148,#14149,#14150,#14151,#14152,#14153,#14154,
#14155,#14156,#14157,#14158,#14159,#14160,#14161,#14162,#14163,#14164,#14165,
#14166,#14167,#14168,#14169,#14170,#14171,#14172,#14173,#14174,#14175,#14176,
#14177,#14178,#14179,#14180,#14181,#14182,#14183,#14184,#14185,#14186,#14187,
#14188,#14189,#14190,#14191,#14192,#14193,#14194,#14195,#14196,#14197,#14198,
#14199,#14200,#14201,#14202,#14203,#14204,#14205,#14206,#14207,#14208,#14209,
#14210,#14211,#14212,#14213,#14214,#14215,#14216,#14217,#14218,#14219,#14220,
#14221,#14222,#14223,#14224,#14225,#14226,#14227,#14228,#14229,#14230,#14231,
#14232,#14233,#14234,#14235,#14236));
#14776=CLOSED_SHELL('',(#14237,#14238,#14239,#14240,#14241,#14242,#14243,
#14244,#14245,#14246));
#14777=CLOSED_SHELL('',(#14247,#14248,#14249,#14250,#14251,#14252,#14253,
#14254,#14255,#14256,#14257,#14258,#14259,#14260,#14261,#14262,#14263,#14264,
#14265,#14266,#14267,#14268,#14269,#14270,#14271,#14272,#14273,#14274,#14275,
#14276,#14277,#14278,#14279,#14280,#14281,#14282,#14283,#14284,#14285,#14286,
#14287,#14288,#14289,#14290,#14291,#14292,#14293,#14294,#14295,#14296,#14297,
#14298,#14299,#14300,#14301,#14302,#14303,#14304,#14305,#14306,#14307,#14308,
#14309,#14310,#14311,#14312,#14313,#14314,#14315,#14316,#14317,#14318,#14319,
#14320,#14321,#14322,#14323,#14324,#14325,#14326,#14327,#14328,#14329,#14330,
#14331,#14332,#14333,#14334,#14335,#14336,#14337,#14338,#14339,#14340,#14341,
#14342,#14343,#14344,#14345,#14346,#14347,#14348,#14349,#14350,#14351,#14352,
#14353,#14354,#14355,#14356,#14357,#14358,#14359,#14360,#14361,#14362,#14363,
#14364,#14365,#14366,#14367,#14368,#14369,#14370,#14371,#14372,#14373,#14374,
#14375,#14376,#14377,#14378,#14379,#14380,#14381,#14382,#14383,#14384,#14385,
#14386,#14387,#14388,#14389,#14390,#14391,#14392,#14393,#14394,#14395,#14396,
#14397,#14398,#14399,#14400,#14401,#14402,#14403,#14404,#14405,#14406,#14407,
#14408,#14409,#14410,#14411,#14412,#14413,#14414,#14415,#14416,#14417,#14418,
#14419,#14420));
#14778=CLOSED_SHELL('',(#14421,#14422,#14423,#14424,#14425,#14426,#14427,
#14428,#14429,#14430,#14431,#14432,#14433,#14434,#14435,#14436,#14437,#14438,
#14439,#14440,#14441,#14442,#14443,#14444,#14445,#14446,#14447,#14448,#14449,
#14450,#14451,#14452,#14453,#14454,#14455,#14456,#14457,#14458,#14459,#14460,
#14461,#14462,#14463,#14464,#14465,#14466,#14467,#14468,#14469,#14470,#14471,
#14472,#14473,#14474,#14475,#14476,#14477,#14478,#14479,#14480,#14481,#14482,
#14483,#14484,#14485,#14486,#14487,#14488,#14489,#14490,#14491,#14492,#14493,
#14494,#14495,#14496,#14497,#14498,#14499,#14500,#14501,#14502,#14503,#14504,
#14505,#14506,#14507,#14508,#14509,#14510,#14511,#14512,#14513,#14514,#14515,
#14516,#14517,#14518,#14519,#14520,#14521,#14522,#14523,#14524,#14525,#14526,
#14527,#14528,#14529,#14530,#14531,#14532,#14533,#14534,#14535,#14536,#14537,
#14538,#14539,#14540,#14541,#14542,#14543,#14544,#14545,#14546,#14547,#14548,
#14549,#14550,#14551,#14552,#14553,#14554,#14555,#14556,#14557,#14558,#14559,
#14560,#14561,#14562,#14563,#14564,#14565,#14566,#14567,#14568,#14569,#14570,
#14571,#14572,#14573,#14574,#14575,#14576,#14577,#14578,#14579,#14580,#14581,
#14582,#14583,#14584,#14585,#14586,#14587,#14588,#14589,#14590,#14591,#14592,
#14593,#14594,#14595,#14596,#14597,#14598,#14599,#14600,#14601,#14602,#14603,
#14604,#14605,#14606,#14607,#14608,#14609,#14610,#14611,#14612,#14613,#14614,
#14615,#14616,#14617,#14618,#14619,#14620,#14621,#14622,#14623,#14624,#14625,
#14626,#14627,#14628,#14629,#14630,#14631,#14632,#14633,#14634,#14635,#14636,
#14637,#14638,#14639,#14640,#14641,#14642,#14643,#14644,#14645,#14646,#14647,
#14648,#14649,#14650,#14651,#14652,#14653,#14654,#14655,#14656,#14657,#14658,
#14659,#14660,#14661,#14662,#14663,#14664,#14665,#14666,#14667,#14668,#14669,
#14670,#14671,#14672,#14673,#14674,#14675,#14676,#14677,#14678,#14679,#14680,
#14681,#14682,#14683,#14684,#14685,#14686,#14687,#14688,#14689,#14690,#14691,
#14692,#14693,#14694,#14695,#14696,#14697,#14698,#14699,#14700,#14701,#14702,
#14703,#14704,#14705,#14706,#14707,#14708,#14709,#14710,#14711,#14712,#14713,
#14714,#14715,#14716,#14717,#14718,#14719,#14720,#14721,#14722,#14723,#14724,
#14725,#14726,#14727,#14728,#14729,#14730,#14731,#14732,#14733,#14734,#14735,
#14736,#14737,#14738,#14739,#14740,#14741,#14742,#14743,#14744,#14745,#14746,
#14747,#14748,#14749,#14750,#14751,#14752,#14753,#14754,#14755,#14756,#14757,
#14758,#14759,#14760,#14761,#14762,#14763,#14764,#14765,#14766,#14767,#14768,
#14769,#14770,#14771,#14772,#14773,#14774));
#14779=DERIVED_UNIT_ELEMENT(#14787,1.);
#14780=DERIVED_UNIT_ELEMENT(#23273,-3.);
#14781=DERIVED_UNIT_ELEMENT(#14787,1.);
#14782=DERIVED_UNIT_ELEMENT(#23273,-3.);
#14783=DERIVED_UNIT_ELEMENT(#14787,1.);
#14784=DERIVED_UNIT_ELEMENT(#23273,-3.);
#14785=DERIVED_UNIT_ELEMENT(#14787,1.);
#14786=DERIVED_UNIT_ELEMENT(#23273,-3.);
#14787=(
MASS_UNIT()
NAMED_UNIT(*)
SI_UNIT(.KILO.,.GRAM.)
);
#14788=DERIVED_UNIT((#14779,#14780));
#14789=DERIVED_UNIT((#14781,#14782));
#14790=DERIVED_UNIT((#14783,#14784));
#14791=DERIVED_UNIT((#14785,#14786));
#14792=MEASURE_REPRESENTATION_ITEM('density measure',
POSITIVE_RATIO_MEASURE(7850.),#14788);
#14793=MEASURE_REPRESENTATION_ITEM('density measure',
POSITIVE_RATIO_MEASURE(7850.),#14789);
#14794=MEASURE_REPRESENTATION_ITEM('density measure',
POSITIVE_RATIO_MEASURE(7850.),#14790);
#14795=MEASURE_REPRESENTATION_ITEM('density measure',
POSITIVE_RATIO_MEASURE(7850.),#14791);
#14796=PROPERTY_DEFINITION_REPRESENTATION(#14816,#14804);
#14797=PROPERTY_DEFINITION_REPRESENTATION(#14817,#14805);
#14798=PROPERTY_DEFINITION_REPRESENTATION(#14818,#14806);
#14799=PROPERTY_DEFINITION_REPRESENTATION(#14819,#14807);
#14800=PROPERTY_DEFINITION_REPRESENTATION(#14820,#14808);
#14801=PROPERTY_DEFINITION_REPRESENTATION(#14821,#14809);
#14802=PROPERTY_DEFINITION_REPRESENTATION(#14822,#14810);
#14803=PROPERTY_DEFINITION_REPRESENTATION(#14823,#14811);
#14804=REPRESENTATION('material name',(#14812),#23267);
#14805=REPRESENTATION('density',(#14792),#23267);
#14806=REPRESENTATION('material name',(#14813),#23268);
#14807=REPRESENTATION('density',(#14793),#23268);
#14808=REPRESENTATION('material name',(#14814),#23269);
#14809=REPRESENTATION('density',(#14794),#23269);
#14810=REPRESENTATION('material name',(#14815),#23270);
#14811=REPRESENTATION('density',(#14795),#23270);
#14812=DESCRIPTIVE_REPRESENTATION_ITEM('Steel','Steel');
#14813=DESCRIPTIVE_REPRESENTATION_ITEM('Steel','Steel');
#14814=DESCRIPTIVE_REPRESENTATION_ITEM('Steel','Steel');
#14815=DESCRIPTIVE_REPRESENTATION_ITEM('Steel','Steel');
#14816=PROPERTY_DEFINITION('material property','material name',#23297);
#14817=PROPERTY_DEFINITION('material property','density of part',#23297);
#14818=PROPERTY_DEFINITION('material property','material name',#23298);
#14819=PROPERTY_DEFINITION('material property','density of part',#23298);
#14820=PROPERTY_DEFINITION('material property','material name',#23299);
#14821=PROPERTY_DEFINITION('material property','density of part',#23299);
#14822=PROPERTY_DEFINITION('material property','material name',#23300);
#14823=PROPERTY_DEFINITION('material property','density of part',#23300);
#14824=AXIS2_PLACEMENT_3D('',#19067,#15545,#15546);
#14825=AXIS2_PLACEMENT_3D('',#19068,#15547,#15548);
#14826=AXIS2_PLACEMENT_3D('',#19069,#15549,#15550);
#14827=AXIS2_PLACEMENT_3D('',#19078,#15555,#15556);
#14828=AXIS2_PLACEMENT_3D('',#19084,#15560,#15561);
#14829=AXIS2_PLACEMENT_3D('',#19090,#15565,#15566);
#14830=AXIS2_PLACEMENT_3D('',#19096,#15570,#15571);
#14831=AXIS2_PLACEMENT_3D('',#19102,#15575,#15576);
#14832=AXIS2_PLACEMENT_3D('',#19108,#15580,#15581);
#14833=AXIS2_PLACEMENT_3D('',#19114,#15585,#15586);
#14834=AXIS2_PLACEMENT_3D('',#19120,#15590,#15591);
#14835=AXIS2_PLACEMENT_3D('',#19126,#15595,#15596);
#14836=AXIS2_PLACEMENT_3D('',#19132,#15600,#15601);
#14837=AXIS2_PLACEMENT_3D('',#19138,#15605,#15606);
#14838=AXIS2_PLACEMENT_3D('',#19144,#15610,#15611);
#14839=AXIS2_PLACEMENT_3D('',#19150,#15615,#15616);
#14840=AXIS2_PLACEMENT_3D('',#19156,#15620,#15621);
#14841=AXIS2_PLACEMENT_3D('',#19162,#15625,#15626);
#14842=AXIS2_PLACEMENT_3D('',#19168,#15630,#15631);
#14843=AXIS2_PLACEMENT_3D('',#19174,#15635,#15636);
#14844=AXIS2_PLACEMENT_3D('',#19180,#15640,#15641);
#14845=AXIS2_PLACEMENT_3D('',#19186,#15645,#15646);
#14846=AXIS2_PLACEMENT_3D('',#19189,#15649,#15650);
#14847=AXIS2_PLACEMENT_3D('',#19198,#15655,#15656);
#14848=AXIS2_PLACEMENT_3D('',#19204,#15660,#15661);
#14849=AXIS2_PLACEMENT_3D('',#19210,#15665,#15666);
#14850=AXIS2_PLACEMENT_3D('',#19216,#15670,#15671);
#14851=AXIS2_PLACEMENT_3D('',#19222,#15675,#15676);
#14852=AXIS2_PLACEMENT_3D('',#19228,#15680,#15681);
#14853=AXIS2_PLACEMENT_3D('',#19234,#15685,#15686);
#14854=AXIS2_PLACEMENT_3D('',#19240,#15690,#15691);
#14855=AXIS2_PLACEMENT_3D('',#19246,#15695,#15696);
#14856=AXIS2_PLACEMENT_3D('',#19252,#15700,#15701);
#14857=AXIS2_PLACEMENT_3D('',#19258,#15705,#15706);
#14858=AXIS2_PLACEMENT_3D('',#19264,#15710,#15711);
#14859=AXIS2_PLACEMENT_3D('',#19270,#15715,#15716);
#14860=AXIS2_PLACEMENT_3D('',#19276,#15720,#15721);
#14861=AXIS2_PLACEMENT_3D('',#19282,#15725,#15726);
#14862=AXIS2_PLACEMENT_3D('',#19288,#15730,#15731);
#14863=AXIS2_PLACEMENT_3D('',#19294,#15735,#15736);
#14864=AXIS2_PLACEMENT_3D('',#19300,#15740,#15741);
#14865=AXIS2_PLACEMENT_3D('',#19306,#15745,#15746);
#14866=AXIS2_PLACEMENT_3D('',#19309,#15749,#15750);
#14867=AXIS2_PLACEMENT_3D('',#19318,#15755,#15756);
#14868=AXIS2_PLACEMENT_3D('',#19324,#15760,#15761);
#14869=AXIS2_PLACEMENT_3D('',#19330,#15765,#15766);
#14870=AXIS2_PLACEMENT_3D('',#19336,#15770,#15771);
#14871=AXIS2_PLACEMENT_3D('',#19342,#15775,#15776);
#14872=AXIS2_PLACEMENT_3D('',#19348,#15780,#15781);
#14873=AXIS2_PLACEMENT_3D('',#19354,#15785,#15786);
#14874=AXIS2_PLACEMENT_3D('',#19360,#15790,#15791);
#14875=AXIS2_PLACEMENT_3D('',#19366,#15795,#15796);
#14876=AXIS2_PLACEMENT_3D('',#19372,#15800,#15801);
#14877=AXIS2_PLACEMENT_3D('',#19378,#15805,#15806);
#14878=AXIS2_PLACEMENT_3D('',#19384,#15810,#15811);
#14879=AXIS2_PLACEMENT_3D('',#19390,#15815,#15816);
#14880=AXIS2_PLACEMENT_3D('',#19396,#15820,#15821);
#14881=AXIS2_PLACEMENT_3D('',#19402,#15825,#15826);
#14882=AXIS2_PLACEMENT_3D('',#19408,#15830,#15831);
#14883=AXIS2_PLACEMENT_3D('',#19414,#15835,#15836);
#14884=AXIS2_PLACEMENT_3D('',#19420,#15840,#15841);
#14885=AXIS2_PLACEMENT_3D('',#19426,#15845,#15846);
#14886=AXIS2_PLACEMENT_3D('',#19429,#15849,#15850);
#14887=AXIS2_PLACEMENT_3D('',#19438,#15855,#15856);
#14888=AXIS2_PLACEMENT_3D('',#19444,#15860,#15861);
#14889=AXIS2_PLACEMENT_3D('',#19450,#15865,#15866);
#14890=AXIS2_PLACEMENT_3D('',#19456,#15870,#15871);
#14891=AXIS2_PLACEMENT_3D('',#19462,#15875,#15876);
#14892=AXIS2_PLACEMENT_3D('',#19468,#15880,#15881);
#14893=AXIS2_PLACEMENT_3D('',#19474,#15885,#15886);
#14894=AXIS2_PLACEMENT_3D('',#19480,#15890,#15891);
#14895=AXIS2_PLACEMENT_3D('',#19486,#15895,#15896);
#14896=AXIS2_PLACEMENT_3D('',#19492,#15900,#15901);
#14897=AXIS2_PLACEMENT_3D('',#19498,#15905,#15906);
#14898=AXIS2_PLACEMENT_3D('',#19504,#15910,#15911);
#14899=AXIS2_PLACEMENT_3D('',#19510,#15915,#15916);
#14900=AXIS2_PLACEMENT_3D('',#19516,#15920,#15921);
#14901=AXIS2_PLACEMENT_3D('',#19522,#15925,#15926);
#14902=AXIS2_PLACEMENT_3D('',#19528,#15930,#15931);
#14903=AXIS2_PLACEMENT_3D('',#19534,#15935,#15936);
#14904=AXIS2_PLACEMENT_3D('',#19540,#15940,#15941);
#14905=AXIS2_PLACEMENT_3D('',#19546,#15945,#15946);
#14906=AXIS2_PLACEMENT_3D('',#19549,#15949,#15950);
#14907=AXIS2_PLACEMENT_3D('',#19558,#15955,#15956);
#14908=AXIS2_PLACEMENT_3D('',#19564,#15960,#15961);
#14909=AXIS2_PLACEMENT_3D('',#19570,#15965,#15966);
#14910=AXIS2_PLACEMENT_3D('',#19576,#15970,#15971);
#14911=AXIS2_PLACEMENT_3D('',#19582,#15975,#15976);
#14912=AXIS2_PLACEMENT_3D('',#19588,#15980,#15981);
#14913=AXIS2_PLACEMENT_3D('',#19594,#15985,#15986);
#14914=AXIS2_PLACEMENT_3D('',#19600,#15990,#15991);
#14915=AXIS2_PLACEMENT_3D('',#19606,#15995,#15996);
#14916=AXIS2_PLACEMENT_3D('',#19612,#16000,#16001);
#14917=AXIS2_PLACEMENT_3D('',#19618,#16005,#16006);
#14918=AXIS2_PLACEMENT_3D('',#19624,#16010,#16011);
#14919=AXIS2_PLACEMENT_3D('',#19630,#16015,#16016);
#14920=AXIS2_PLACEMENT_3D('',#19636,#16020,#16021);
#14921=AXIS2_PLACEMENT_3D('',#19642,#16025,#16026);
#14922=AXIS2_PLACEMENT_3D('',#19648,#16030,#16031);
#14923=AXIS2_PLACEMENT_3D('',#19654,#16035,#16036);
#14924=AXIS2_PLACEMENT_3D('',#19660,#16040,#16041);
#14925=AXIS2_PLACEMENT_3D('',#19666,#16045,#16046);
#14926=AXIS2_PLACEMENT_3D('',#19672,#16050,#16051);
#14927=AXIS2_PLACEMENT_3D('',#19678,#16055,#16056);
#14928=AXIS2_PLACEMENT_3D('',#19684,#16060,#16061);
#14929=AXIS2_PLACEMENT_3D('',#19690,#16065,#16066);
#14930=AXIS2_PLACEMENT_3D('',#19696,#16070,#16071);
#14931=AXIS2_PLACEMENT_3D('',#19702,#16075,#16076);
#14932=AXIS2_PLACEMENT_3D('',#19708,#16080,#16081);
#14933=AXIS2_PLACEMENT_3D('',#19714,#16085,#16086);
#14934=AXIS2_PLACEMENT_3D('',#19720,#16090,#16091);
#14935=AXIS2_PLACEMENT_3D('',#19726,#16095,#16096);
#14936=AXIS2_PLACEMENT_3D('',#19732,#16100,#16101);
#14937=AXIS2_PLACEMENT_3D('',#19738,#16105,#16106);
#14938=AXIS2_PLACEMENT_3D('',#19744,#16110,#16111);
#14939=AXIS2_PLACEMENT_3D('',#19750,#16115,#16116);
#14940=AXIS2_PLACEMENT_3D('',#19756,#16120,#16121);
#14941=AXIS2_PLACEMENT_3D('',#19762,#16125,#16126);
#14942=AXIS2_PLACEMENT_3D('',#19768,#16130,#16131);
#14943=AXIS2_PLACEMENT_3D('',#19774,#16135,#16136);
#14944=AXIS2_PLACEMENT_3D('',#19780,#16140,#16141);
#14945=AXIS2_PLACEMENT_3D('',#19786,#16145,#16146);
#14946=AXIS2_PLACEMENT_3D('',#19792,#16150,#16151);
#14947=AXIS2_PLACEMENT_3D('',#19798,#16155,#16156);
#14948=AXIS2_PLACEMENT_3D('',#19804,#16160,#16161);
#14949=AXIS2_PLACEMENT_3D('',#19810,#16165,#16166);
#14950=AXIS2_PLACEMENT_3D('',#19816,#16170,#16171);
#14951=AXIS2_PLACEMENT_3D('',#19822,#16175,#16176);
#14952=AXIS2_PLACEMENT_3D('',#19828,#16180,#16181);
#14953=AXIS2_PLACEMENT_3D('',#19834,#16185,#16186);
#14954=AXIS2_PLACEMENT_3D('',#19840,#16190,#16191);
#14955=AXIS2_PLACEMENT_3D('',#19846,#16195,#16196);
#14956=AXIS2_PLACEMENT_3D('',#19852,#16200,#16201);
#14957=AXIS2_PLACEMENT_3D('',#19858,#16205,#16206);
#14958=AXIS2_PLACEMENT_3D('',#19864,#16210,#16211);
#14959=AXIS2_PLACEMENT_3D('',#19870,#16215,#16216);
#14960=AXIS2_PLACEMENT_3D('',#19876,#16220,#16221);
#14961=AXIS2_PLACEMENT_3D('',#19882,#16225,#16226);
#14962=AXIS2_PLACEMENT_3D('',#19888,#16230,#16231);
#14963=AXIS2_PLACEMENT_3D('',#19894,#16235,#16236);
#14964=AXIS2_PLACEMENT_3D('',#19900,#16240,#16241);
#14965=AXIS2_PLACEMENT_3D('',#19906,#16245,#16246);
#14966=AXIS2_PLACEMENT_3D('',#19912,#16250,#16251);
#14967=AXIS2_PLACEMENT_3D('',#19918,#16255,#16256);
#14968=AXIS2_PLACEMENT_3D('',#19924,#16260,#16261);
#14969=AXIS2_PLACEMENT_3D('',#19930,#16265,#16266);
#14970=AXIS2_PLACEMENT_3D('',#19936,#16270,#16271);
#14971=AXIS2_PLACEMENT_3D('',#19942,#16275,#16276);
#14972=AXIS2_PLACEMENT_3D('',#19948,#16280,#16281);
#14973=AXIS2_PLACEMENT_3D('',#19954,#16285,#16286);
#14974=AXIS2_PLACEMENT_3D('',#19960,#16290,#16291);
#14975=AXIS2_PLACEMENT_3D('',#19966,#16295,#16296);
#14976=AXIS2_PLACEMENT_3D('',#19972,#16300,#16301);
#14977=AXIS2_PLACEMENT_3D('',#19978,#16305,#16306);
#14978=AXIS2_PLACEMENT_3D('',#19984,#16310,#16311);
#14979=AXIS2_PLACEMENT_3D('',#19990,#16315,#16316);
#14980=AXIS2_PLACEMENT_3D('',#19996,#16320,#16321);
#14981=AXIS2_PLACEMENT_3D('',#20002,#16325,#16326);
#14982=AXIS2_PLACEMENT_3D('',#20008,#16330,#16331);
#14983=AXIS2_PLACEMENT_3D('',#20014,#16335,#16336);
#14984=AXIS2_PLACEMENT_3D('',#20020,#16340,#16341);
#14985=AXIS2_PLACEMENT_3D('',#20026,#16345,#16346);
#14986=AXIS2_PLACEMENT_3D('',#20032,#16350,#16351);
#14987=AXIS2_PLACEMENT_3D('',#20038,#16355,#16356);
#14988=AXIS2_PLACEMENT_3D('',#20044,#16360,#16361);
#14989=AXIS2_PLACEMENT_3D('',#20050,#16365,#16366);
#14990=AXIS2_PLACEMENT_3D('',#20053,#16369,#16370);
#14991=AXIS2_PLACEMENT_3D('',#20054,#16371,#16372);
#14992=AXIS2_PLACEMENT_3D('',#20055,#16373,#16374);
#14993=AXIS2_PLACEMENT_3D('',#20056,#16375,#16376);
#14994=AXIS2_PLACEMENT_3D('',#20059,#16377,#16378);
#14995=AXIS2_PLACEMENT_3D('',#20063,#16380,#16381);
#14996=AXIS2_PLACEMENT_3D('',#20065,#16383,#16384);
#14997=AXIS2_PLACEMENT_3D('',#20069,#16386,#16387);
#14998=AXIS2_PLACEMENT_3D('',#20073,#16389,#16390);
#14999=AXIS2_PLACEMENT_3D('',#20077,#16392,#16393);
#15000=AXIS2_PLACEMENT_3D('',#20079,#16395,#16396);
#15001=AXIS2_PLACEMENT_3D('',#20083,#16399,#16400);
#15002=AXIS2_PLACEMENT_3D('',#20085,#16401,#16402);
#15003=AXIS2_PLACEMENT_3D('',#20087,#16404,#16405);
#15004=AXIS2_PLACEMENT_3D('',#20090,#16406,#16407);
#15005=AXIS2_PLACEMENT_3D('',#20093,#16410,#16411);
#15006=AXIS2_PLACEMENT_3D('',#20097,#16414,#16415);
#15007=AXIS2_PLACEMENT_3D('',#20099,#16416,#16417);
#15008=AXIS2_PLACEMENT_3D('',#20101,#16419,#16420);
#15009=AXIS2_PLACEMENT_3D('',#20103,#16422,#16423);
#15010=AXIS2_PLACEMENT_3D('',#20105,#16425,#16426);
#15011=AXIS2_PLACEMENT_3D('',#20106,#16427,#16428);
#15012=AXIS2_PLACEMENT_3D('',#20107,#16429,#16430);
#15013=AXIS2_PLACEMENT_3D('',#20116,#16435,#16436);
#15014=AXIS2_PLACEMENT_3D('',#20122,#16440,#16441);
#15015=AXIS2_PLACEMENT_3D('',#20128,#16445,#16446);
#15016=AXIS2_PLACEMENT_3D('',#20134,#16450,#16451);
#15017=AXIS2_PLACEMENT_3D('',#20140,#16455,#16456);
#15018=AXIS2_PLACEMENT_3D('',#20146,#16460,#16461);
#15019=AXIS2_PLACEMENT_3D('',#20152,#16465,#16466);
#15020=AXIS2_PLACEMENT_3D('',#20158,#16470,#16471);
#15021=AXIS2_PLACEMENT_3D('',#20164,#16475,#16476);
#15022=AXIS2_PLACEMENT_3D('',#20170,#16480,#16481);
#15023=AXIS2_PLACEMENT_3D('',#20176,#16485,#16486);
#15024=AXIS2_PLACEMENT_3D('',#20182,#16490,#16491);
#15025=AXIS2_PLACEMENT_3D('',#20188,#16495,#16496);
#15026=AXIS2_PLACEMENT_3D('',#20194,#16500,#16501);
#15027=AXIS2_PLACEMENT_3D('',#20200,#16505,#16506);
#15028=AXIS2_PLACEMENT_3D('',#20206,#16510,#16511);
#15029=AXIS2_PLACEMENT_3D('',#20212,#16515,#16516);
#15030=AXIS2_PLACEMENT_3D('',#20218,#16520,#16521);
#15031=AXIS2_PLACEMENT_3D('',#20224,#16525,#16526);
#15032=AXIS2_PLACEMENT_3D('',#20227,#16529,#16530);
#15033=AXIS2_PLACEMENT_3D('',#20236,#16535,#16536);
#15034=AXIS2_PLACEMENT_3D('',#20242,#16540,#16541);
#15035=AXIS2_PLACEMENT_3D('',#20248,#16545,#16546);
#15036=AXIS2_PLACEMENT_3D('',#20254,#16550,#16551);
#15037=AXIS2_PLACEMENT_3D('',#20260,#16555,#16556);
#15038=AXIS2_PLACEMENT_3D('',#20266,#16560,#16561);
#15039=AXIS2_PLACEMENT_3D('',#20272,#16565,#16566);
#15040=AXIS2_PLACEMENT_3D('',#20278,#16570,#16571);
#15041=AXIS2_PLACEMENT_3D('',#20284,#16575,#16576);
#15042=AXIS2_PLACEMENT_3D('',#20290,#16580,#16581);
#15043=AXIS2_PLACEMENT_3D('',#20296,#16585,#16586);
#15044=AXIS2_PLACEMENT_3D('',#20302,#16590,#16591);
#15045=AXIS2_PLACEMENT_3D('',#20308,#16595,#16596);
#15046=AXIS2_PLACEMENT_3D('',#20314,#16600,#16601);
#15047=AXIS2_PLACEMENT_3D('',#20320,#16605,#16606);
#15048=AXIS2_PLACEMENT_3D('',#20326,#16610,#16611);
#15049=AXIS2_PLACEMENT_3D('',#20332,#16615,#16616);
#15050=AXIS2_PLACEMENT_3D('',#20338,#16620,#16621);
#15051=AXIS2_PLACEMENT_3D('',#20344,#16625,#16626);
#15052=AXIS2_PLACEMENT_3D('',#20347,#16629,#16630);
#15053=AXIS2_PLACEMENT_3D('',#20356,#16635,#16636);
#15054=AXIS2_PLACEMENT_3D('',#20362,#16640,#16641);
#15055=AXIS2_PLACEMENT_3D('',#20368,#16645,#16646);
#15056=AXIS2_PLACEMENT_3D('',#20374,#16650,#16651);
#15057=AXIS2_PLACEMENT_3D('',#20380,#16655,#16656);
#15058=AXIS2_PLACEMENT_3D('',#20386,#16660,#16661);
#15059=AXIS2_PLACEMENT_3D('',#20392,#16665,#16666);
#15060=AXIS2_PLACEMENT_3D('',#20398,#16670,#16671);
#15061=AXIS2_PLACEMENT_3D('',#20404,#16675,#16676);
#15062=AXIS2_PLACEMENT_3D('',#20410,#16680,#16681);
#15063=AXIS2_PLACEMENT_3D('',#20416,#16685,#16686);
#15064=AXIS2_PLACEMENT_3D('',#20422,#16690,#16691);
#15065=AXIS2_PLACEMENT_3D('',#20428,#16695,#16696);
#15066=AXIS2_PLACEMENT_3D('',#20434,#16700,#16701);
#15067=AXIS2_PLACEMENT_3D('',#20440,#16705,#16706);
#15068=AXIS2_PLACEMENT_3D('',#20446,#16710,#16711);
#15069=AXIS2_PLACEMENT_3D('',#20452,#16715,#16716);
#15070=AXIS2_PLACEMENT_3D('',#20458,#16720,#16721);
#15071=AXIS2_PLACEMENT_3D('',#20464,#16725,#16726);
#15072=AXIS2_PLACEMENT_3D('',#20467,#16729,#16730);
#15073=AXIS2_PLACEMENT_3D('',#20476,#16735,#16736);
#15074=AXIS2_PLACEMENT_3D('',#20482,#16740,#16741);
#15075=AXIS2_PLACEMENT_3D('',#20488,#16745,#16746);
#15076=AXIS2_PLACEMENT_3D('',#20494,#16750,#16751);
#15077=AXIS2_PLACEMENT_3D('',#20500,#16755,#16756);
#15078=AXIS2_PLACEMENT_3D('',#20506,#16760,#16761);
#15079=AXIS2_PLACEMENT_3D('',#20512,#16765,#16766);
#15080=AXIS2_PLACEMENT_3D('',#20518,#16770,#16771);
#15081=AXIS2_PLACEMENT_3D('',#20524,#16775,#16776);
#15082=AXIS2_PLACEMENT_3D('',#20530,#16780,#16781);
#15083=AXIS2_PLACEMENT_3D('',#20536,#16785,#16786);
#15084=AXIS2_PLACEMENT_3D('',#20542,#16790,#16791);
#15085=AXIS2_PLACEMENT_3D('',#20548,#16795,#16796);
#15086=AXIS2_PLACEMENT_3D('',#20554,#16800,#16801);
#15087=AXIS2_PLACEMENT_3D('',#20560,#16805,#16806);
#15088=AXIS2_PLACEMENT_3D('',#20566,#16810,#16811);
#15089=AXIS2_PLACEMENT_3D('',#20572,#16815,#16816);
#15090=AXIS2_PLACEMENT_3D('',#20578,#16820,#16821);
#15091=AXIS2_PLACEMENT_3D('',#20584,#16825,#16826);
#15092=AXIS2_PLACEMENT_3D('',#20587,#16829,#16830);
#15093=AXIS2_PLACEMENT_3D('',#20596,#16835,#16836);
#15094=AXIS2_PLACEMENT_3D('',#20602,#16840,#16841);
#15095=AXIS2_PLACEMENT_3D('',#20608,#16845,#16846);
#15096=AXIS2_PLACEMENT_3D('',#20614,#16850,#16851);
#15097=AXIS2_PLACEMENT_3D('',#20620,#16855,#16856);
#15098=AXIS2_PLACEMENT_3D('',#20626,#16860,#16861);
#15099=AXIS2_PLACEMENT_3D('',#20632,#16865,#16866);
#15100=AXIS2_PLACEMENT_3D('',#20638,#16870,#16871);
#15101=AXIS2_PLACEMENT_3D('',#20644,#16875,#16876);
#15102=AXIS2_PLACEMENT_3D('',#20650,#16880,#16881);
#15103=AXIS2_PLACEMENT_3D('',#20656,#16885,#16886);
#15104=AXIS2_PLACEMENT_3D('',#20662,#16890,#16891);
#15105=AXIS2_PLACEMENT_3D('',#20668,#16895,#16896);
#15106=AXIS2_PLACEMENT_3D('',#20674,#16900,#16901);
#15107=AXIS2_PLACEMENT_3D('',#20680,#16905,#16906);
#15108=AXIS2_PLACEMENT_3D('',#20686,#16910,#16911);
#15109=AXIS2_PLACEMENT_3D('',#20692,#16915,#16916);
#15110=AXIS2_PLACEMENT_3D('',#20698,#16920,#16921);
#15111=AXIS2_PLACEMENT_3D('',#20704,#16925,#16926);
#15112=AXIS2_PLACEMENT_3D('',#20710,#16930,#16931);
#15113=AXIS2_PLACEMENT_3D('',#20716,#16935,#16936);
#15114=AXIS2_PLACEMENT_3D('',#20722,#16940,#16941);
#15115=AXIS2_PLACEMENT_3D('',#20728,#16945,#16946);
#15116=AXIS2_PLACEMENT_3D('',#20734,#16950,#16951);
#15117=AXIS2_PLACEMENT_3D('',#20740,#16955,#16956);
#15118=AXIS2_PLACEMENT_3D('',#20746,#16960,#16961);
#15119=AXIS2_PLACEMENT_3D('',#20752,#16965,#16966);
#15120=AXIS2_PLACEMENT_3D('',#20758,#16970,#16971);
#15121=AXIS2_PLACEMENT_3D('',#20764,#16975,#16976);
#15122=AXIS2_PLACEMENT_3D('',#20770,#16980,#16981);
#15123=AXIS2_PLACEMENT_3D('',#20776,#16985,#16986);
#15124=AXIS2_PLACEMENT_3D('',#20782,#16990,#16991);
#15125=AXIS2_PLACEMENT_3D('',#20788,#16995,#16996);
#15126=AXIS2_PLACEMENT_3D('',#20794,#17000,#17001);
#15127=AXIS2_PLACEMENT_3D('',#20800,#17005,#17006);
#15128=AXIS2_PLACEMENT_3D('',#20806,#17010,#17011);
#15129=AXIS2_PLACEMENT_3D('',#20812,#17015,#17016);
#15130=AXIS2_PLACEMENT_3D('',#20818,#17020,#17021);
#15131=AXIS2_PLACEMENT_3D('',#20824,#17025,#17026);
#15132=AXIS2_PLACEMENT_3D('',#20830,#17030,#17031);
#15133=AXIS2_PLACEMENT_3D('',#20836,#17035,#17036);
#15134=AXIS2_PLACEMENT_3D('',#20842,#17040,#17041);
#15135=AXIS2_PLACEMENT_3D('',#20848,#17045,#17046);
#15136=AXIS2_PLACEMENT_3D('',#20854,#17050,#17051);
#15137=AXIS2_PLACEMENT_3D('',#20860,#17055,#17056);
#15138=AXIS2_PLACEMENT_3D('',#20866,#17060,#17061);
#15139=AXIS2_PLACEMENT_3D('',#20872,#17065,#17066);
#15140=AXIS2_PLACEMENT_3D('',#20878,#17070,#17071);
#15141=AXIS2_PLACEMENT_3D('',#20884,#17075,#17076);
#15142=AXIS2_PLACEMENT_3D('',#20890,#17080,#17081);
#15143=AXIS2_PLACEMENT_3D('',#20896,#17085,#17086);
#15144=AXIS2_PLACEMENT_3D('',#20902,#17090,#17091);
#15145=AXIS2_PLACEMENT_3D('',#20908,#17095,#17096);
#15146=AXIS2_PLACEMENT_3D('',#20914,#17100,#17101);
#15147=AXIS2_PLACEMENT_3D('',#20920,#17105,#17106);
#15148=AXIS2_PLACEMENT_3D('',#20926,#17110,#17111);
#15149=AXIS2_PLACEMENT_3D('',#20932,#17115,#17116);
#15150=AXIS2_PLACEMENT_3D('',#20938,#17120,#17121);
#15151=AXIS2_PLACEMENT_3D('',#20944,#17125,#17126);
#15152=AXIS2_PLACEMENT_3D('',#20950,#17130,#17131);
#15153=AXIS2_PLACEMENT_3D('',#20956,#17135,#17136);
#15154=AXIS2_PLACEMENT_3D('',#20962,#17140,#17141);
#15155=AXIS2_PLACEMENT_3D('',#20968,#17145,#17146);
#15156=AXIS2_PLACEMENT_3D('',#20974,#17150,#17151);
#15157=AXIS2_PLACEMENT_3D('',#20980,#17155,#17156);
#15158=AXIS2_PLACEMENT_3D('',#20986,#17160,#17161);
#15159=AXIS2_PLACEMENT_3D('',#20992,#17165,#17166);
#15160=AXIS2_PLACEMENT_3D('',#20998,#17170,#17171);
#15161=AXIS2_PLACEMENT_3D('',#21004,#17175,#17176);
#15162=AXIS2_PLACEMENT_3D('',#21010,#17180,#17181);
#15163=AXIS2_PLACEMENT_3D('',#21016,#17185,#17186);
#15164=AXIS2_PLACEMENT_3D('',#21022,#17190,#17191);
#15165=AXIS2_PLACEMENT_3D('',#21028,#17195,#17196);
#15166=AXIS2_PLACEMENT_3D('',#21034,#17200,#17201);
#15167=AXIS2_PLACEMENT_3D('',#21040,#17205,#17206);
#15168=AXIS2_PLACEMENT_3D('',#21046,#17210,#17211);
#15169=AXIS2_PLACEMENT_3D('',#21052,#17215,#17216);
#15170=AXIS2_PLACEMENT_3D('',#21058,#17220,#17221);
#15171=AXIS2_PLACEMENT_3D('',#21064,#17225,#17226);
#15172=AXIS2_PLACEMENT_3D('',#21070,#17230,#17231);
#15173=AXIS2_PLACEMENT_3D('',#21076,#17235,#17236);
#15174=AXIS2_PLACEMENT_3D('',#21082,#17240,#17241);
#15175=AXIS2_PLACEMENT_3D('',#21088,#17245,#17246);
#15176=AXIS2_PLACEMENT_3D('',#21094,#17250,#17251);
#15177=AXIS2_PLACEMENT_3D('',#21100,#17255,#17256);
#15178=AXIS2_PLACEMENT_3D('',#21106,#17260,#17261);
#15179=AXIS2_PLACEMENT_3D('',#21112,#17265,#17266);
#15180=AXIS2_PLACEMENT_3D('',#21118,#17270,#17271);
#15181=AXIS2_PLACEMENT_3D('',#21124,#17275,#17276);
#15182=AXIS2_PLACEMENT_3D('',#21130,#17280,#17281);
#15183=AXIS2_PLACEMENT_3D('',#21136,#17285,#17286);
#15184=AXIS2_PLACEMENT_3D('',#21139,#17289,#17290);
#15185=AXIS2_PLACEMENT_3D('',#21140,#17291,#17292);
#15186=AXIS2_PLACEMENT_3D('',#21141,#17293,#17294);
#15187=AXIS2_PLACEMENT_3D('',#21142,#17295,#17296);
#15188=AXIS2_PLACEMENT_3D('',#21151,#17301,#17302);
#15189=AXIS2_PLACEMENT_3D('',#21157,#17306,#17307);
#15190=AXIS2_PLACEMENT_3D('',#21163,#17311,#17312);
#15191=AXIS2_PLACEMENT_3D('',#21166,#17315,#17316);
#15192=AXIS2_PLACEMENT_3D('',#21175,#17321,#17322);
#15193=AXIS2_PLACEMENT_3D('',#21181,#17326,#17327);
#15194=AXIS2_PLACEMENT_3D('',#21187,#17331,#17332);
#15195=AXIS2_PLACEMENT_3D('',#21190,#17335,#17336);
#15196=AXIS2_PLACEMENT_3D('',#21199,#17341,#17342);
#15197=AXIS2_PLACEMENT_3D('',#21205,#17346,#17347);
#15198=AXIS2_PLACEMENT_3D('',#21211,#17351,#17352);
#15199=AXIS2_PLACEMENT_3D('',#21217,#17356,#17357);
#15200=AXIS2_PLACEMENT_3D('',#21223,#17361,#17362);
#15201=AXIS2_PLACEMENT_3D('',#21229,#17366,#17367);
#15202=AXIS2_PLACEMENT_3D('',#21235,#17371,#17372);
#15203=AXIS2_PLACEMENT_3D('',#21241,#17376,#17377);
#15204=AXIS2_PLACEMENT_3D('',#21247,#17381,#17382);
#15205=AXIS2_PLACEMENT_3D('',#21253,#17386,#17387);
#15206=AXIS2_PLACEMENT_3D('',#21259,#17391,#17392);
#15207=AXIS2_PLACEMENT_3D('',#21265,#17396,#17397);
#15208=AXIS2_PLACEMENT_3D('',#21271,#17401,#17402);
#15209=AXIS2_PLACEMENT_3D('',#21277,#17406,#17407);
#15210=AXIS2_PLACEMENT_3D('',#21283,#17411,#17412);
#15211=AXIS2_PLACEMENT_3D('',#21289,#17416,#17417);
#15212=AXIS2_PLACEMENT_3D('',#21295,#17421,#17422);
#15213=AXIS2_PLACEMENT_3D('',#21301,#17426,#17427);
#15214=AXIS2_PLACEMENT_3D('',#21307,#17431,#17432);
#15215=AXIS2_PLACEMENT_3D('',#21310,#17435,#17436);
#15216=AXIS2_PLACEMENT_3D('',#21319,#17441,#17442);
#15217=AXIS2_PLACEMENT_3D('',#21325,#17446,#17447);
#15218=AXIS2_PLACEMENT_3D('',#21331,#17451,#17452);
#15219=AXIS2_PLACEMENT_3D('',#21337,#17456,#17457);
#15220=AXIS2_PLACEMENT_3D('',#21343,#17461,#17462);
#15221=AXIS2_PLACEMENT_3D('',#21349,#17466,#17467);
#15222=AXIS2_PLACEMENT_3D('',#21355,#17471,#17472);
#15223=AXIS2_PLACEMENT_3D('',#21361,#17476,#17477);
#15224=AXIS2_PLACEMENT_3D('',#21367,#17481,#17482);
#15225=AXIS2_PLACEMENT_3D('',#21373,#17486,#17487);
#15226=AXIS2_PLACEMENT_3D('',#21379,#17491,#17492);
#15227=AXIS2_PLACEMENT_3D('',#21385,#17496,#17497);
#15228=AXIS2_PLACEMENT_3D('',#21391,#17501,#17502);
#15229=AXIS2_PLACEMENT_3D('',#21397,#17506,#17507);
#15230=AXIS2_PLACEMENT_3D('',#21403,#17511,#17512);
#15231=AXIS2_PLACEMENT_3D('',#21409,#17516,#17517);
#15232=AXIS2_PLACEMENT_3D('',#21415,#17521,#17522);
#15233=AXIS2_PLACEMENT_3D('',#21421,#17526,#17527);
#15234=AXIS2_PLACEMENT_3D('',#21427,#17531,#17532);
#15235=AXIS2_PLACEMENT_3D('',#21430,#17535,#17536);
#15236=AXIS2_PLACEMENT_3D('',#21439,#17541,#17542);
#15237=AXIS2_PLACEMENT_3D('',#21445,#17546,#17547);
#15238=AXIS2_PLACEMENT_3D('',#21451,#17551,#17552);
#15239=AXIS2_PLACEMENT_3D('',#21457,#17556,#17557);
#15240=AXIS2_PLACEMENT_3D('',#21463,#17561,#17562);
#15241=AXIS2_PLACEMENT_3D('',#21469,#17566,#17567);
#15242=AXIS2_PLACEMENT_3D('',#21475,#17571,#17572);
#15243=AXIS2_PLACEMENT_3D('',#21481,#17576,#17577);
#15244=AXIS2_PLACEMENT_3D('',#21487,#17581,#17582);
#15245=AXIS2_PLACEMENT_3D('',#21493,#17586,#17587);
#15246=AXIS2_PLACEMENT_3D('',#21499,#17591,#17592);
#15247=AXIS2_PLACEMENT_3D('',#21505,#17596,#17597);
#15248=AXIS2_PLACEMENT_3D('',#21511,#17601,#17602);
#15249=AXIS2_PLACEMENT_3D('',#21517,#17606,#17607);
#15250=AXIS2_PLACEMENT_3D('',#21523,#17611,#17612);
#15251=AXIS2_PLACEMENT_3D('',#21529,#17616,#17617);
#15252=AXIS2_PLACEMENT_3D('',#21535,#17621,#17622);
#15253=AXIS2_PLACEMENT_3D('',#21541,#17626,#17627);
#15254=AXIS2_PLACEMENT_3D('',#21547,#17631,#17632);
#15255=AXIS2_PLACEMENT_3D('',#21550,#17635,#17636);
#15256=AXIS2_PLACEMENT_3D('',#21559,#17641,#17642);
#15257=AXIS2_PLACEMENT_3D('',#21565,#17646,#17647);
#15258=AXIS2_PLACEMENT_3D('',#21571,#17651,#17652);
#15259=AXIS2_PLACEMENT_3D('',#21577,#17656,#17657);
#15260=AXIS2_PLACEMENT_3D('',#21583,#17661,#17662);
#15261=AXIS2_PLACEMENT_3D('',#21589,#17666,#17667);
#15262=AXIS2_PLACEMENT_3D('',#21595,#17671,#17672);
#15263=AXIS2_PLACEMENT_3D('',#21601,#17676,#17677);
#15264=AXIS2_PLACEMENT_3D('',#21607,#17681,#17682);
#15265=AXIS2_PLACEMENT_3D('',#21613,#17686,#17687);
#15266=AXIS2_PLACEMENT_3D('',#21619,#17691,#17692);
#15267=AXIS2_PLACEMENT_3D('',#21625,#17696,#17697);
#15268=AXIS2_PLACEMENT_3D('',#21631,#17701,#17702);
#15269=AXIS2_PLACEMENT_3D('',#21637,#17706,#17707);
#15270=AXIS2_PLACEMENT_3D('',#21643,#17711,#17712);
#15271=AXIS2_PLACEMENT_3D('',#21649,#17716,#17717);
#15272=AXIS2_PLACEMENT_3D('',#21655,#17721,#17722);
#15273=AXIS2_PLACEMENT_3D('',#21661,#17726,#17727);
#15274=AXIS2_PLACEMENT_3D('',#21667,#17731,#17732);
#15275=AXIS2_PLACEMENT_3D('',#21670,#17735,#17736);
#15276=AXIS2_PLACEMENT_3D('',#21679,#17741,#17742);
#15277=AXIS2_PLACEMENT_3D('',#21685,#17746,#17747);
#15278=AXIS2_PLACEMENT_3D('',#21691,#17751,#17752);
#15279=AXIS2_PLACEMENT_3D('',#21697,#17756,#17757);
#15280=AXIS2_PLACEMENT_3D('',#21703,#17761,#17762);
#15281=AXIS2_PLACEMENT_3D('',#21709,#17766,#17767);
#15282=AXIS2_PLACEMENT_3D('',#21715,#17771,#17772);
#15283=AXIS2_PLACEMENT_3D('',#21721,#17776,#17777);
#15284=AXIS2_PLACEMENT_3D('',#21727,#17781,#17782);
#15285=AXIS2_PLACEMENT_3D('',#21733,#17786,#17787);
#15286=AXIS2_PLACEMENT_3D('',#21739,#17791,#17792);
#15287=AXIS2_PLACEMENT_3D('',#21745,#17796,#17797);
#15288=AXIS2_PLACEMENT_3D('',#21751,#17801,#17802);
#15289=AXIS2_PLACEMENT_3D('',#21757,#17806,#17807);
#15290=AXIS2_PLACEMENT_3D('',#21763,#17811,#17812);
#15291=AXIS2_PLACEMENT_3D('',#21769,#17816,#17817);
#15292=AXIS2_PLACEMENT_3D('',#21775,#17821,#17822);
#15293=AXIS2_PLACEMENT_3D('',#21781,#17826,#17827);
#15294=AXIS2_PLACEMENT_3D('',#21787,#17831,#17832);
#15295=AXIS2_PLACEMENT_3D('',#21790,#17835,#17836);
#15296=AXIS2_PLACEMENT_3D('',#21799,#17841,#17842);
#15297=AXIS2_PLACEMENT_3D('',#21805,#17846,#17847);
#15298=AXIS2_PLACEMENT_3D('',#21811,#17851,#17852);
#15299=AXIS2_PLACEMENT_3D('',#21817,#17856,#17857);
#15300=AXIS2_PLACEMENT_3D('',#21823,#17861,#17862);
#15301=AXIS2_PLACEMENT_3D('',#21829,#17866,#17867);
#15302=AXIS2_PLACEMENT_3D('',#21835,#17871,#17872);
#15303=AXIS2_PLACEMENT_3D('',#21841,#17876,#17877);
#15304=AXIS2_PLACEMENT_3D('',#21847,#17881,#17882);
#15305=AXIS2_PLACEMENT_3D('',#21853,#17886,#17887);
#15306=AXIS2_PLACEMENT_3D('',#21859,#17891,#17892);
#15307=AXIS2_PLACEMENT_3D('',#21865,#17896,#17897);
#15308=AXIS2_PLACEMENT_3D('',#21871,#17901,#17902);
#15309=AXIS2_PLACEMENT_3D('',#21877,#17906,#17907);
#15310=AXIS2_PLACEMENT_3D('',#21883,#17911,#17912);
#15311=AXIS2_PLACEMENT_3D('',#21889,#17916,#17917);
#15312=AXIS2_PLACEMENT_3D('',#21895,#17921,#17922);
#15313=AXIS2_PLACEMENT_3D('',#21901,#17926,#17927);
#15314=AXIS2_PLACEMENT_3D('',#21907,#17931,#17932);
#15315=AXIS2_PLACEMENT_3D('',#21910,#17935,#17936);
#15316=AXIS2_PLACEMENT_3D('',#21919,#17941,#17942);
#15317=AXIS2_PLACEMENT_3D('',#21925,#17946,#17947);
#15318=AXIS2_PLACEMENT_3D('',#21931,#17951,#17952);
#15319=AXIS2_PLACEMENT_3D('',#21937,#17956,#17957);
#15320=AXIS2_PLACEMENT_3D('',#21943,#17961,#17962);
#15321=AXIS2_PLACEMENT_3D('',#21949,#17966,#17967);
#15322=AXIS2_PLACEMENT_3D('',#21955,#17971,#17972);
#15323=AXIS2_PLACEMENT_3D('',#21961,#17976,#17977);
#15324=AXIS2_PLACEMENT_3D('',#21967,#17981,#17982);
#15325=AXIS2_PLACEMENT_3D('',#21973,#17986,#17987);
#15326=AXIS2_PLACEMENT_3D('',#21979,#17991,#17992);
#15327=AXIS2_PLACEMENT_3D('',#21985,#17996,#17997);
#15328=AXIS2_PLACEMENT_3D('',#21991,#18001,#18002);
#15329=AXIS2_PLACEMENT_3D('',#21997,#18006,#18007);
#15330=AXIS2_PLACEMENT_3D('',#22003,#18011,#18012);
#15331=AXIS2_PLACEMENT_3D('',#22009,#18016,#18017);
#15332=AXIS2_PLACEMENT_3D('',#22015,#18021,#18022);
#15333=AXIS2_PLACEMENT_3D('',#22021,#18026,#18027);
#15334=AXIS2_PLACEMENT_3D('',#22027,#18031,#18032);
#15335=AXIS2_PLACEMENT_3D('',#22030,#18035,#18036);
#15336=AXIS2_PLACEMENT_3D('',#22039,#18041,#18042);
#15337=AXIS2_PLACEMENT_3D('',#22045,#18046,#18047);
#15338=AXIS2_PLACEMENT_3D('',#22051,#18051,#18052);
#15339=AXIS2_PLACEMENT_3D('',#22057,#18056,#18057);
#15340=AXIS2_PLACEMENT_3D('',#22063,#18061,#18062);
#15341=AXIS2_PLACEMENT_3D('',#22069,#18066,#18067);
#15342=AXIS2_PLACEMENT_3D('',#22075,#18071,#18072);
#15343=AXIS2_PLACEMENT_3D('',#22081,#18076,#18077);
#15344=AXIS2_PLACEMENT_3D('',#22087,#18081,#18082);
#15345=AXIS2_PLACEMENT_3D('',#22093,#18086,#18087);
#15346=AXIS2_PLACEMENT_3D('',#22099,#18091,#18092);
#15347=AXIS2_PLACEMENT_3D('',#22105,#18096,#18097);
#15348=AXIS2_PLACEMENT_3D('',#22111,#18101,#18102);
#15349=AXIS2_PLACEMENT_3D('',#22117,#18106,#18107);
#15350=AXIS2_PLACEMENT_3D('',#22123,#18111,#18112);
#15351=AXIS2_PLACEMENT_3D('',#22129,#18116,#18117);
#15352=AXIS2_PLACEMENT_3D('',#22135,#18121,#18122);
#15353=AXIS2_PLACEMENT_3D('',#22141,#18126,#18127);
#15354=AXIS2_PLACEMENT_3D('',#22147,#18131,#18132);
#15355=AXIS2_PLACEMENT_3D('',#22150,#18135,#18136);
#15356=AXIS2_PLACEMENT_3D('',#22159,#18141,#18142);
#15357=AXIS2_PLACEMENT_3D('',#22165,#18146,#18147);
#15358=AXIS2_PLACEMENT_3D('',#22171,#18151,#18152);
#15359=AXIS2_PLACEMENT_3D('',#22177,#18156,#18157);
#15360=AXIS2_PLACEMENT_3D('',#22183,#18161,#18162);
#15361=AXIS2_PLACEMENT_3D('',#22189,#18166,#18167);
#15362=AXIS2_PLACEMENT_3D('',#22195,#18171,#18172);
#15363=AXIS2_PLACEMENT_3D('',#22201,#18176,#18177);
#15364=AXIS2_PLACEMENT_3D('',#22207,#18181,#18182);
#15365=AXIS2_PLACEMENT_3D('',#22213,#18186,#18187);
#15366=AXIS2_PLACEMENT_3D('',#22219,#18191,#18192);
#15367=AXIS2_PLACEMENT_3D('',#22225,#18196,#18197);
#15368=AXIS2_PLACEMENT_3D('',#22231,#18201,#18202);
#15369=AXIS2_PLACEMENT_3D('',#22237,#18206,#18207);
#15370=AXIS2_PLACEMENT_3D('',#22243,#18211,#18212);
#15371=AXIS2_PLACEMENT_3D('',#22249,#18216,#18217);
#15372=AXIS2_PLACEMENT_3D('',#22255,#18221,#18222);
#15373=AXIS2_PLACEMENT_3D('',#22261,#18226,#18227);
#15374=AXIS2_PLACEMENT_3D('',#22267,#18231,#18232);
#15375=AXIS2_PLACEMENT_3D('',#22270,#18235,#18236);
#15376=AXIS2_PLACEMENT_3D('',#22279,#18241,#18242);
#15377=AXIS2_PLACEMENT_3D('',#22285,#18246,#18247);
#15378=AXIS2_PLACEMENT_3D('',#22291,#18251,#18252);
#15379=AXIS2_PLACEMENT_3D('',#22297,#18256,#18257);
#15380=AXIS2_PLACEMENT_3D('',#22303,#18261,#18262);
#15381=AXIS2_PLACEMENT_3D('',#22309,#18266,#18267);
#15382=AXIS2_PLACEMENT_3D('',#22315,#18271,#18272);
#15383=AXIS2_PLACEMENT_3D('',#22321,#18276,#18277);
#15384=AXIS2_PLACEMENT_3D('',#22327,#18281,#18282);
#15385=AXIS2_PLACEMENT_3D('',#22333,#18286,#18287);
#15386=AXIS2_PLACEMENT_3D('',#22339,#18291,#18292);
#15387=AXIS2_PLACEMENT_3D('',#22345,#18296,#18297);
#15388=AXIS2_PLACEMENT_3D('',#22351,#18301,#18302);
#15389=AXIS2_PLACEMENT_3D('',#22357,#18306,#18307);
#15390=AXIS2_PLACEMENT_3D('',#22363,#18311,#18312);
#15391=AXIS2_PLACEMENT_3D('',#22369,#18316,#18317);
#15392=AXIS2_PLACEMENT_3D('',#22375,#18321,#18322);
#15393=AXIS2_PLACEMENT_3D('',#22381,#18326,#18327);
#15394=AXIS2_PLACEMENT_3D('',#22387,#18331,#18332);
#15395=AXIS2_PLACEMENT_3D('',#22390,#18335,#18336);
#15396=AXIS2_PLACEMENT_3D('',#22399,#18341,#18342);
#15397=AXIS2_PLACEMENT_3D('',#22405,#18346,#18347);
#15398=AXIS2_PLACEMENT_3D('',#22411,#18351,#18352);
#15399=AXIS2_PLACEMENT_3D('',#22417,#18356,#18357);
#15400=AXIS2_PLACEMENT_3D('',#22423,#18361,#18362);
#15401=AXIS2_PLACEMENT_3D('',#22429,#18366,#18367);
#15402=AXIS2_PLACEMENT_3D('',#22435,#18371,#18372);
#15403=AXIS2_PLACEMENT_3D('',#22441,#18376,#18377);
#15404=AXIS2_PLACEMENT_3D('',#22447,#18381,#18382);
#15405=AXIS2_PLACEMENT_3D('',#22453,#18386,#18387);
#15406=AXIS2_PLACEMENT_3D('',#22459,#18391,#18392);
#15407=AXIS2_PLACEMENT_3D('',#22465,#18396,#18397);
#15408=AXIS2_PLACEMENT_3D('',#22471,#18401,#18402);
#15409=AXIS2_PLACEMENT_3D('',#22477,#18406,#18407);
#15410=AXIS2_PLACEMENT_3D('',#22483,#18411,#18412);
#15411=AXIS2_PLACEMENT_3D('',#22489,#18416,#18417);
#15412=AXIS2_PLACEMENT_3D('',#22495,#18421,#18422);
#15413=AXIS2_PLACEMENT_3D('',#22501,#18426,#18427);
#15414=AXIS2_PLACEMENT_3D('',#22507,#18431,#18432);
#15415=AXIS2_PLACEMENT_3D('',#22510,#18435,#18436);
#15416=AXIS2_PLACEMENT_3D('',#22519,#18441,#18442);
#15417=AXIS2_PLACEMENT_3D('',#22525,#18446,#18447);
#15418=AXIS2_PLACEMENT_3D('',#22531,#18451,#18452);
#15419=AXIS2_PLACEMENT_3D('',#22537,#18456,#18457);
#15420=AXIS2_PLACEMENT_3D('',#22543,#18461,#18462);
#15421=AXIS2_PLACEMENT_3D('',#22549,#18466,#18467);
#15422=AXIS2_PLACEMENT_3D('',#22555,#18471,#18472);
#15423=AXIS2_PLACEMENT_3D('',#22561,#18476,#18477);
#15424=AXIS2_PLACEMENT_3D('',#22567,#18481,#18482);
#15425=AXIS2_PLACEMENT_3D('',#22573,#18486,#18487);
#15426=AXIS2_PLACEMENT_3D('',#22579,#18491,#18492);
#15427=AXIS2_PLACEMENT_3D('',#22585,#18496,#18497);
#15428=AXIS2_PLACEMENT_3D('',#22591,#18501,#18502);
#15429=AXIS2_PLACEMENT_3D('',#22597,#18506,#18507);
#15430=AXIS2_PLACEMENT_3D('',#22603,#18511,#18512);
#15431=AXIS2_PLACEMENT_3D('',#22609,#18516,#18517);
#15432=AXIS2_PLACEMENT_3D('',#22615,#18521,#18522);
#15433=AXIS2_PLACEMENT_3D('',#22621,#18526,#18527);
#15434=AXIS2_PLACEMENT_3D('',#22627,#18531,#18532);
#15435=AXIS2_PLACEMENT_3D('',#22630,#18535,#18536);
#15436=AXIS2_PLACEMENT_3D('',#22639,#18541,#18542);
#15437=AXIS2_PLACEMENT_3D('',#22645,#18546,#18547);
#15438=AXIS2_PLACEMENT_3D('',#22651,#18551,#18552);
#15439=AXIS2_PLACEMENT_3D('',#22657,#18556,#18557);
#15440=AXIS2_PLACEMENT_3D('',#22663,#18561,#18562);
#15441=AXIS2_PLACEMENT_3D('',#22669,#18566,#18567);
#15442=AXIS2_PLACEMENT_3D('',#22675,#18571,#18572);
#15443=AXIS2_PLACEMENT_3D('',#22681,#18576,#18577);
#15444=AXIS2_PLACEMENT_3D('',#22687,#18581,#18582);
#15445=AXIS2_PLACEMENT_3D('',#22693,#18586,#18587);
#15446=AXIS2_PLACEMENT_3D('',#22699,#18591,#18592);
#15447=AXIS2_PLACEMENT_3D('',#22705,#18596,#18597);
#15448=AXIS2_PLACEMENT_3D('',#22711,#18601,#18602);
#15449=AXIS2_PLACEMENT_3D('',#22717,#18606,#18607);
#15450=AXIS2_PLACEMENT_3D('',#22723,#18611,#18612);
#15451=AXIS2_PLACEMENT_3D('',#22729,#18616,#18617);
#15452=AXIS2_PLACEMENT_3D('',#22735,#18621,#18622);
#15453=AXIS2_PLACEMENT_3D('',#22741,#18626,#18627);
#15454=AXIS2_PLACEMENT_3D('',#22747,#18631,#18632);
#15455=AXIS2_PLACEMENT_3D('',#22750,#18635,#18636);
#15456=AXIS2_PLACEMENT_3D('',#22759,#18641,#18642);
#15457=AXIS2_PLACEMENT_3D('',#22765,#18646,#18647);
#15458=AXIS2_PLACEMENT_3D('',#22771,#18651,#18652);
#15459=AXIS2_PLACEMENT_3D('',#22777,#18656,#18657);
#15460=AXIS2_PLACEMENT_3D('',#22783,#18661,#18662);
#15461=AXIS2_PLACEMENT_3D('',#22789,#18666,#18667);
#15462=AXIS2_PLACEMENT_3D('',#22795,#18671,#18672);
#15463=AXIS2_PLACEMENT_3D('',#22801,#18676,#18677);
#15464=AXIS2_PLACEMENT_3D('',#22807,#18681,#18682);
#15465=AXIS2_PLACEMENT_3D('',#22813,#18686,#18687);
#15466=AXIS2_PLACEMENT_3D('',#22819,#18691,#18692);
#15467=AXIS2_PLACEMENT_3D('',#22825,#18696,#18697);
#15468=AXIS2_PLACEMENT_3D('',#22831,#18701,#18702);
#15469=AXIS2_PLACEMENT_3D('',#22837,#18706,#18707);
#15470=AXIS2_PLACEMENT_3D('',#22843,#18711,#18712);
#15471=AXIS2_PLACEMENT_3D('',#22849,#18716,#18717);
#15472=AXIS2_PLACEMENT_3D('',#22855,#18721,#18722);
#15473=AXIS2_PLACEMENT_3D('',#22861,#18726,#18727);
#15474=AXIS2_PLACEMENT_3D('',#22867,#18731,#18732);
#15475=AXIS2_PLACEMENT_3D('',#22873,#18736,#18737);
#15476=AXIS2_PLACEMENT_3D('',#22879,#18741,#18742);
#15477=AXIS2_PLACEMENT_3D('',#22885,#18746,#18747);
#15478=AXIS2_PLACEMENT_3D('',#22891,#18751,#18752);
#15479=AXIS2_PLACEMENT_3D('',#22897,#18756,#18757);
#15480=AXIS2_PLACEMENT_3D('',#22903,#18761,#18762);
#15481=AXIS2_PLACEMENT_3D('',#22909,#18766,#18767);
#15482=AXIS2_PLACEMENT_3D('',#22915,#18771,#18772);
#15483=AXIS2_PLACEMENT_3D('',#22921,#18776,#18777);
#15484=AXIS2_PLACEMENT_3D('',#22927,#18781,#18782);
#15485=AXIS2_PLACEMENT_3D('',#22933,#18786,#18787);
#15486=AXIS2_PLACEMENT_3D('',#22939,#18791,#18792);
#15487=AXIS2_PLACEMENT_3D('',#22945,#18796,#18797);
#15488=AXIS2_PLACEMENT_3D('',#22951,#18801,#18802);
#15489=AXIS2_PLACEMENT_3D('',#22957,#18806,#18807);
#15490=AXIS2_PLACEMENT_3D('',#22963,#18811,#18812);
#15491=AXIS2_PLACEMENT_3D('',#22969,#18816,#18817);
#15492=AXIS2_PLACEMENT_3D('',#22975,#18821,#18822);
#15493=AXIS2_PLACEMENT_3D('',#22981,#18826,#18827);
#15494=AXIS2_PLACEMENT_3D('',#22987,#18831,#18832);
#15495=AXIS2_PLACEMENT_3D('',#22993,#18836,#18837);
#15496=AXIS2_PLACEMENT_3D('',#22999,#18841,#18842);
#15497=AXIS2_PLACEMENT_3D('',#23005,#18846,#18847);
#15498=AXIS2_PLACEMENT_3D('',#23011,#18851,#18852);
#15499=AXIS2_PLACEMENT_3D('',#23017,#18856,#18857);
#15500=AXIS2_PLACEMENT_3D('',#23023,#18861,#18862);
#15501=AXIS2_PLACEMENT_3D('',#23029,#18866,#18867);
#15502=AXIS2_PLACEMENT_3D('',#23035,#18871,#18872);
#15503=AXIS2_PLACEMENT_3D('',#23041,#18876,#18877);
#15504=AXIS2_PLACEMENT_3D('',#23047,#18881,#18882);
#15505=AXIS2_PLACEMENT_3D('',#23053,#18886,#18887);
#15506=AXIS2_PLACEMENT_3D('',#23059,#18891,#18892);
#15507=AXIS2_PLACEMENT_3D('',#23065,#18896,#18897);
#15508=AXIS2_PLACEMENT_3D('',#23071,#18901,#18902);
#15509=AXIS2_PLACEMENT_3D('',#23077,#18906,#18907);
#15510=AXIS2_PLACEMENT_3D('',#23083,#18911,#18912);
#15511=AXIS2_PLACEMENT_3D('',#23089,#18916,#18917);
#15512=AXIS2_PLACEMENT_3D('',#23095,#18921,#18922);
#15513=AXIS2_PLACEMENT_3D('',#23101,#18926,#18927);
#15514=AXIS2_PLACEMENT_3D('',#23107,#18931,#18932);
#15515=AXIS2_PLACEMENT_3D('',#23113,#18936,#18937);
#15516=AXIS2_PLACEMENT_3D('',#23119,#18941,#18942);
#15517=AXIS2_PLACEMENT_3D('',#23125,#18946,#18947);
#15518=AXIS2_PLACEMENT_3D('',#23131,#18951,#18952);
#15519=AXIS2_PLACEMENT_3D('',#23137,#18956,#18957);
#15520=AXIS2_PLACEMENT_3D('',#23143,#18961,#18962);
#15521=AXIS2_PLACEMENT_3D('',#23149,#18966,#18967);
#15522=AXIS2_PLACEMENT_3D('',#23155,#18971,#18972);
#15523=AXIS2_PLACEMENT_3D('',#23161,#18976,#18977);
#15524=AXIS2_PLACEMENT_3D('',#23167,#18981,#18982);
#15525=AXIS2_PLACEMENT_3D('',#23173,#18986,#18987);
#15526=AXIS2_PLACEMENT_3D('',#23179,#18991,#18992);
#15527=AXIS2_PLACEMENT_3D('',#23185,#18996,#18997);
#15528=AXIS2_PLACEMENT_3D('',#23191,#19001,#19002);
#15529=AXIS2_PLACEMENT_3D('',#23197,#19006,#19007);
#15530=AXIS2_PLACEMENT_3D('',#23203,#19011,#19012);
#15531=AXIS2_PLACEMENT_3D('',#23209,#19016,#19017);
#15532=AXIS2_PLACEMENT_3D('',#23215,#19021,#19022);
#15533=AXIS2_PLACEMENT_3D('',#23221,#19026,#19027);
#15534=AXIS2_PLACEMENT_3D('',#23227,#19031,#19032);
#15535=AXIS2_PLACEMENT_3D('',#23233,#19036,#19037);
#15536=AXIS2_PLACEMENT_3D('',#23239,#19041,#19042);
#15537=AXIS2_PLACEMENT_3D('',#23245,#19046,#19047);
#15538=AXIS2_PLACEMENT_3D('',#23251,#19051,#19052);
#15539=AXIS2_PLACEMENT_3D('',#23254,#19055,#19056);
#15540=AXIS2_PLACEMENT_3D('',#23255,#19057,#19058);
#15541=AXIS2_PLACEMENT_3D('',#23256,#19059,#19060);
#15542=AXIS2_PLACEMENT_3D('',#23257,#19061,#19062);
#15543=AXIS2_PLACEMENT_3D('',#23258,#19063,#19064);
#15544=AXIS2_PLACEMENT_3D('',#23259,#19065,#19066);
#15545=DIRECTION('axis',(0.,0.,1.));
#15546=DIRECTION('refdir',(1.,0.,0.));
#15547=DIRECTION('axis',(0.,0.,1.));
#15548=DIRECTION('refdir',(1.,0.,0.));
#15549=DIRECTION('center_axis',(0.453803790274446,-0.891101632774033,0.));
#15550=DIRECTION('ref_axis',(0.891101632774033,0.453803790274446,0.));
#15551=DIRECTION('',(0.891101632774033,0.453803790274446,0.));
#15552=DIRECTION('',(0.,0.,1.));
#15553=DIRECTION('',(0.891101632774033,0.453803790274446,0.));
#15554=DIRECTION('',(0.,0.,1.));
#15555=DIRECTION('center_axis',(0.707086815160916,-0.70712674664843,0.));
#15556=DIRECTION('ref_axis',(0.70712674664843,0.707086815160916,0.));
#15557=DIRECTION('',(0.70712674664843,0.707086815160916,0.));
#15558=DIRECTION('',(0.70712674664843,0.707086815160916,0.));
#15559=DIRECTION('',(0.,0.,1.));
#15560=DIRECTION('center_axis',(0.891105742942366,-0.453795719344216,0.));
#15561=DIRECTION('ref_axis',(0.453795719344216,0.891105742942366,0.));
#15562=DIRECTION('',(0.453795719344216,0.891105742942366,0.));
#15563=DIRECTION('',(0.453795719344216,0.891105742942366,0.));
#15564=DIRECTION('',(0.,0.,1.));
#15565=DIRECTION('center_axis',(0.98805207681248,-0.154120386407978,0.));
#15566=DIRECTION('ref_axis',(0.154120386407978,0.98805207681248,0.));
#15567=DIRECTION('',(0.154120386407978,0.98805207681248,0.));
#15568=DIRECTION('',(0.154120386407978,0.98805207681248,0.));
#15569=DIRECTION('',(0.,0.,1.));
#15570=DIRECTION('center_axis',(0.987985386562192,0.154547325889372,0.));
#15571=DIRECTION('ref_axis',(-0.154547325889372,0.987985386562192,0.));
#15572=DIRECTION('',(-0.154547325889372,0.987985386562192,0.));
#15573=DIRECTION('',(-0.154547325889372,0.987985386562192,0.));
#15574=DIRECTION('',(0.,0.,1.));
#15575=DIRECTION('center_axis',(0.891101632774033,0.453803790274446,0.));
#15576=DIRECTION('ref_axis',(-0.453803790274446,0.891101632774033,0.));
#15577=DIRECTION('',(-0.453803790274446,0.891101632774033,0.));
#15578=DIRECTION('',(-0.453803790274446,0.891101632774033,0.));
#15579=DIRECTION('',(0.,0.,1.));
#15580=DIRECTION('center_axis',(0.707106781186548,0.707106781186547,0.));
#15581=DIRECTION('ref_axis',(-0.707106781186547,0.707106781186548,0.));
#15582=DIRECTION('',(-0.707106781186547,0.707106781186548,0.));
#15583=DIRECTION('',(-0.707106781186547,0.707106781186548,0.));
#15584=DIRECTION('',(0.,0.,1.));
#15585=DIRECTION('center_axis',(0.453803790274445,0.891101632774033,0.));
#15586=DIRECTION('ref_axis',(-0.891101632774033,0.453803790274445,0.));
#15587=DIRECTION('',(-0.891101632774033,0.453803790274445,0.));
#15588=DIRECTION('',(-0.891101632774033,0.453803790274445,0.));
#15589=DIRECTION('',(0.,0.,1.));
#15590=DIRECTION('center_axis',(0.154129510678771,0.988050653528412,0.));
#15591=DIRECTION('ref_axis',(-0.988050653528412,0.154129510678771,0.));
#15592=DIRECTION('',(-0.988050653528412,0.154129510678771,0.));
#15593=DIRECTION('',(-0.988050653528412,0.154129510678771,0.));
#15594=DIRECTION('',(0.,0.,1.));
#15595=DIRECTION('center_axis',(-0.154538152690645,0.987986821452069,0.));
#15596=DIRECTION('ref_axis',(-0.987986821452069,-0.154538152690645,0.));
#15597=DIRECTION('',(-0.987986821452069,-0.154538152690645,0.));
#15598=DIRECTION('',(-0.987986821452069,-0.154538152690645,0.));
#15599=DIRECTION('',(0.,0.,1.));
#15600=DIRECTION('center_axis',(-0.453795719344215,0.891105742942366,0.));
#15601=DIRECTION('ref_axis',(-0.891105742942366,-0.453795719344215,0.));
#15602=DIRECTION('',(-0.891105742942366,-0.453795719344215,0.));
#15603=DIRECTION('',(-0.891105742942366,-0.453795719344215,0.));
#15604=DIRECTION('',(0.,0.,1.));
#15605=DIRECTION('center_axis',(-0.707126746648431,0.707086815160915,0.));
#15606=DIRECTION('ref_axis',(-0.707086815160915,-0.707126746648431,0.));
#15607=DIRECTION('',(-0.707086815160915,-0.707126746648431,0.));
#15608=DIRECTION('',(-0.707086815160915,-0.707126746648431,0.));
#15609=DIRECTION('',(0.,0.,1.));
#15610=DIRECTION('center_axis',(-0.891101632774034,0.453803790274444,0.));
#15611=DIRECTION('ref_axis',(-0.453803790274444,-0.891101632774034,0.));
#15612=DIRECTION('',(-0.453803790274444,-0.891101632774034,0.));
#15613=DIRECTION('',(-0.453803790274444,-0.891101632774034,0.));
#15614=DIRECTION('',(0.,0.,1.));
#15615=DIRECTION('center_axis',(-0.987556787788161,0.157262808360811,0.));
#15616=DIRECTION('ref_axis',(-0.157262808360811,-0.987556787788161,0.));
#15617=DIRECTION('',(-0.157262808360811,-0.987556787788161,0.));
#15618=DIRECTION('',(-0.157262808360811,-0.987556787788161,0.));
#15619=DIRECTION('',(0.,0.,1.));
#15620=DIRECTION('center_axis',(-0.987625812488147,-0.156828742605198,0.));
#15621=DIRECTION('ref_axis',(0.156828742605198,-0.987625812488147,0.));
#15622=DIRECTION('',(0.156828742605198,-0.987625812488147,0.));
#15623=DIRECTION('',(0.156828742605198,-0.987625812488147,0.));
#15624=DIRECTION('',(0.,0.,1.));
#15625=DIRECTION('center_axis',(-0.891105742942367,-0.453795719344214,0.));
#15626=DIRECTION('ref_axis',(0.453795719344214,-0.891105742942367,0.));
#15627=DIRECTION('',(0.453795719344214,-0.891105742942367,0.));
#15628=DIRECTION('',(0.453795719344214,-0.891105742942367,0.));
#15629=DIRECTION('',(0.,0.,1.));
#15630=DIRECTION('center_axis',(-0.707106781186548,-0.707106781186548,0.));
#15631=DIRECTION('ref_axis',(0.707106781186548,-0.707106781186548,0.));
#15632=DIRECTION('',(0.707106781186548,-0.707106781186548,0.));
#15633=DIRECTION('',(0.707106781186548,-0.707106781186548,0.));
#15634=DIRECTION('',(0.,0.,1.));
#15635=DIRECTION('center_axis',(-0.453795719344216,-0.891105742942366,0.));
#15636=DIRECTION('ref_axis',(0.891105742942366,-0.453795719344216,0.));
#15637=DIRECTION('',(0.891105742942366,-0.453795719344216,0.));
#15638=DIRECTION('',(0.891105742942366,-0.453795719344216,0.));
#15639=DIRECTION('',(0.,0.,1.));
#15640=DIRECTION('center_axis',(-0.154577247174419,-0.987980705609163,0.));
#15641=DIRECTION('ref_axis',(0.987980705609163,-0.154577247174419,0.));
#15642=DIRECTION('',(0.987980705609163,-0.154577247174419,0.));
#15643=DIRECTION('',(0.987980705609163,-0.154577247174419,0.));
#15644=DIRECTION('',(0.,0.,1.));
#15645=DIRECTION('center_axis',(0.154168506826185,-0.988044569593389,0.));
#15646=DIRECTION('ref_axis',(0.988044569593389,0.154168506826185,0.));
#15647=DIRECTION('',(0.988044569593389,0.154168506826185,0.));
#15648=DIRECTION('',(0.988044569593389,0.154168506826185,0.));
#15649=DIRECTION('center_axis',(0.453534302757609,-0.891238821092399,0.));
#15650=DIRECTION('ref_axis',(0.891238821092399,0.453534302757609,0.));
#15651=DIRECTION('',(0.891238821092399,0.453534302757609,0.));
#15652=DIRECTION('',(0.,0.,1.));
#15653=DIRECTION('',(0.891238821092399,0.453534302757609,0.));
#15654=DIRECTION('',(0.,0.,1.));
#15655=DIRECTION('center_axis',(0.707136727054132,-0.707076834050706,0.));
#15656=DIRECTION('ref_axis',(0.707076834050706,0.707136727054132,0.));
#15657=DIRECTION('',(0.707076834050706,0.707136727054132,0.));
#15658=DIRECTION('',(0.707076834050706,0.707136727054132,0.));
#15659=DIRECTION('',(0.,0.,1.));
#15660=DIRECTION('center_axis',(0.891155047861642,-0.453698887667487,0.));
#15661=DIRECTION('ref_axis',(0.453698887667487,0.891155047861642,0.));
#15662=DIRECTION('',(0.453698887667487,0.891155047861642,0.));
#15663=DIRECTION('',(0.453698887667487,0.891155047861642,0.));
#15664=DIRECTION('',(0.,0.,1.));
#15665=DIRECTION('center_axis',(0.988045907422023,-0.154159932623853,0.));
#15666=DIRECTION('ref_axis',(0.154159932623853,0.988045907422023,0.));
#15667=DIRECTION('',(0.154159932623853,0.988045907422023,0.));
#15668=DIRECTION('',(0.154159932623853,0.988045907422023,0.));
#15669=DIRECTION('',(0.,0.,1.));
#15670=DIRECTION('center_axis',(0.98799351422776,0.154495358648345,0.));
#15671=DIRECTION('ref_axis',(-0.154495358648345,0.98799351422776,0.));
#15672=DIRECTION('',(-0.154495358648345,0.98799351422776,0.));
#15673=DIRECTION('',(-0.154495358648345,0.98799351422776,0.));
#15674=DIRECTION('',(0.,0.,1.));
#15675=DIRECTION('center_axis',(0.891031726346331,0.453941034325249,0.));
#15676=DIRECTION('ref_axis',(-0.453941034325249,0.891031726346331,0.));
#15677=DIRECTION('',(-0.453941034325249,0.891031726346331,0.));
#15678=DIRECTION('',(-0.453941034325249,0.891031726346331,0.));
#15679=DIRECTION('',(0.,0.,1.));
#15680=DIRECTION('center_axis',(0.707136727054114,0.707076834050724,0.));
#15681=DIRECTION('ref_axis',(-0.707076834050724,0.707136727054114,0.));
#15682=DIRECTION('',(-0.707076834050724,0.707136727054114,0.));
#15683=DIRECTION('',(-0.707076834050724,0.707136727054114,0.));
#15684=DIRECTION('',(0.,0.,1.));
#15685=DIRECTION('center_axis',(0.454009784988966,0.890996697600094,0.));
#15686=DIRECTION('ref_axis',(-0.890996697600094,0.454009784988966,0.));
#15687=DIRECTION('',(-0.890996697600094,0.454009784988966,0.));
#15688=DIRECTION('',(-0.890996697600094,0.454009784988966,0.));
#15689=DIRECTION('',(0.,0.,1.));
#15690=DIRECTION('center_axis',(0.15633165876561,0.987704618024839,0.));
#15691=DIRECTION('ref_axis',(-0.987704618024839,0.15633165876561,0.));
#15692=DIRECTION('',(-0.987704618024839,0.15633165876561,0.));
#15693=DIRECTION('',(-0.987704618024839,0.15633165876561,0.));
#15694=DIRECTION('',(0.,0.,1.));
#15695=DIRECTION('center_axis',(-0.156745847887581,0.987638972079374,0.));
#15696=DIRECTION('ref_axis',(-0.987638972079374,-0.156745847887581,0.));
#15697=DIRECTION('',(-0.987638972079374,-0.156745847887581,0.));
#15698=DIRECTION('',(-0.987638972079374,-0.156745847887581,0.));
#15699=DIRECTION('',(0.,0.,1.));
#15700=DIRECTION('center_axis',(-0.454001712296655,0.8910008110163,0.));
#15701=DIRECTION('ref_axis',(-0.8910008110163,-0.454001712296655,0.));
#15702=DIRECTION('',(-0.8910008110163,-0.454001712296655,0.));
#15703=DIRECTION('',(-0.8910008110163,-0.454001712296655,0.));
#15704=DIRECTION('',(0.,0.,1.));
#15705=DIRECTION('center_axis',(-0.707156691670284,0.707056867179677,0.));
#15706=DIRECTION('ref_axis',(-0.707056867179677,-0.707156691670284,0.));
#15707=DIRECTION('',(-0.707056867179677,-0.707156691670283,0.));
#15708=DIRECTION('',(-0.707056867179677,-0.707156691670283,0.));
#15709=DIRECTION('',(0.,0.,1.));
#15710=DIRECTION('center_axis',(-0.891031726346332,0.453941034325247,0.));
#15711=DIRECTION('ref_axis',(-0.453941034325247,-0.891031726346332,0.));
#15712=DIRECTION('',(-0.453941034325247,-0.891031726346332,0.));
#15713=DIRECTION('',(-0.453941034325247,-0.891031726346332,0.));
#15714=DIRECTION('',(0.,0.,1.));
#15715=DIRECTION('center_axis',(-0.987565199930966,0.157209973873515,0.));
#15716=DIRECTION('ref_axis',(-0.157209973873515,-0.987565199930966,0.));
#15717=DIRECTION('',(-0.157209973873515,-0.987565199930966,0.));
#15718=DIRECTION('',(-0.157209973873515,-0.987565199930966,0.));
#15719=DIRECTION('',(0.,0.,1.));
#15720=DIRECTION('center_axis',(-0.98761942712131,-0.156868949038923,0.));
#15721=DIRECTION('ref_axis',(0.156868949038923,-0.98761942712131,0.));
#15722=DIRECTION('',(0.156868949038923,-0.98761942712131,0.));
#15723=DIRECTION('',(0.156868949038923,-0.98761942712131,0.));
#15724=DIRECTION('',(0.,0.,1.));
#15725=DIRECTION('center_axis',(-0.891155047861642,-0.453698887667486,0.));
#15726=DIRECTION('ref_axis',(0.453698887667486,-0.891155047861642,0.));
#15727=DIRECTION('',(0.453698887667486,-0.891155047861642,0.));
#15728=DIRECTION('',(0.453698887667486,-0.891155047861642,0.));
#15729=DIRECTION('',(0.,0.,1.));
#15730=DIRECTION('center_axis',(-0.707156691670301,-0.70705686717966,0.));
#15731=DIRECTION('ref_axis',(0.707056867179659,-0.707156691670301,0.));
#15732=DIRECTION('',(0.707056867179659,-0.707156691670301,0.));
#15733=DIRECTION('',(0.707056867179659,-0.707156691670301,0.));
#15734=DIRECTION('',(0.,0.,1.));
#15735=DIRECTION('center_axis',(-0.453526234136486,-0.891242927012595,0.));
#15736=DIRECTION('ref_axis',(0.891242927012595,-0.453526234136486,0.));
#15737=DIRECTION('',(0.891242927012595,-0.453526234136486,0.));
#15738=DIRECTION('',(0.891242927012595,-0.453526234136486,0.));
#15739=DIRECTION('',(0.,0.,1.));
#15740=DIRECTION('center_axis',(-0.154792253851818,-0.987947042177603,0.));
#15741=DIRECTION('ref_axis',(0.987947042177603,-0.154792253851818,0.));
#15742=DIRECTION('',(0.987947042177603,-0.154792253851818,0.));
#15743=DIRECTION('',(0.987947042177603,-0.154792253851818,0.));
#15744=DIRECTION('',(0.,0.,1.));
#15745=DIRECTION('center_axis',(0.154382972754658,-0.988011081781695,0.));
#15746=DIRECTION('ref_axis',(0.988011081781695,0.154382972754658,0.));
#15747=DIRECTION('',(0.988011081781695,0.154382972754658,0.));
#15748=DIRECTION('',(0.988011081781695,0.154382972754658,0.));
#15749=DIRECTION('center_axis',(0.453671507562961,-0.891168986907393,0.));
#15750=DIRECTION('ref_axis',(0.891168986907393,0.453671507562961,0.));
#15751=DIRECTION('',(0.891168986907393,0.453671507562961,0.));
#15752=DIRECTION('',(0.,0.,1.));
#15753=DIRECTION('',(0.891168986907393,0.453671507562961,0.));
#15754=DIRECTION('',(0.,0.,1.));
#15755=DIRECTION('center_axis',(0.707106781186548,-0.707106781186548,0.));
#15756=DIRECTION('ref_axis',(0.707106781186548,0.707106781186548,0.));
#15757=DIRECTION('',(0.707106781186548,0.707106781186548,0.));
#15758=DIRECTION('',(0.707106781186548,0.707106781186548,0.));
#15759=DIRECTION('',(0.,0.,1.));
#15760=DIRECTION('center_axis',(0.892178558490458,-0.451682875223191,0.));
#15761=DIRECTION('ref_axis',(0.451682875223191,0.892178558490458,0.));
#15762=DIRECTION('',(0.451682875223191,0.892178558490458,0.));
#15763=DIRECTION('',(0.451682875223191,0.892178558490458,0.));
#15764=DIRECTION('',(0.,0.,1.));
#15765=DIRECTION('center_axis',(0.987576081187061,-0.157141604507553,0.));
#15766=DIRECTION('ref_axis',(0.157141604507553,0.987576081187061,0.));
#15767=DIRECTION('',(0.157141604507553,0.987576081187061,0.));
#15768=DIRECTION('',(0.157141604507553,0.987576081187061,0.));
#15769=DIRECTION('',(0.,0.,1.));
#15770=DIRECTION('center_axis',(0.987521667731132,0.157483191996871,0.));
#15771=DIRECTION('ref_axis',(-0.157483191996871,0.987521667731132,0.));
#15772=DIRECTION('',(-0.157483191996871,0.987521667731132,0.));
#15773=DIRECTION('',(-0.157483191996871,0.987521667731132,0.));
#15774=DIRECTION('',(0.,0.,1.));
#15775=DIRECTION('center_axis',(0.8920561898926,0.451924500413839,0.));
#15776=DIRECTION('ref_axis',(-0.451924500413839,0.8920561898926,0.));
#15777=DIRECTION('',(-0.451924500413839,0.8920561898926,0.));
#15778=DIRECTION('',(-0.451924500413839,0.8920561898926,0.));
#15779=DIRECTION('',(0.,0.,1.));
#15780=DIRECTION('center_axis',(0.70710678118653,0.707106781186565,0.));
#15781=DIRECTION('ref_axis',(-0.707106781186565,0.70710678118653,0.));
#15782=DIRECTION('',(-0.707106781186565,0.70710678118653,0.));
#15783=DIRECTION('',(-0.707106781186565,0.70710678118653,0.));
#15784=DIRECTION('',(0.,0.,1.));
#15785=DIRECTION('center_axis',(0.454147058987968,0.890926735939931,0.));
#15786=DIRECTION('ref_axis',(-0.890926735939931,0.454147058987967,0.));
#15787=DIRECTION('',(-0.890926735939931,0.454147058987967,0.));
#15788=DIRECTION('',(-0.890926735939931,0.454147058987967,0.));
#15789=DIRECTION('',(0.,0.,1.));
#15790=DIRECTION('center_axis',(0.156270024804543,0.987714371337983,0.));
#15791=DIRECTION('ref_axis',(-0.987714371337983,0.156270024804543,0.));
#15792=DIRECTION('',(-0.987714371337983,0.156270024804543,0.));
#15793=DIRECTION('',(-0.987714371337983,0.156270024804543,0.));
#15794=DIRECTION('',(0.,0.,1.));
#15795=DIRECTION('center_axis',(-0.156795448176344,0.987631098857858,0.));
#15796=DIRECTION('ref_axis',(-0.987631098857858,-0.156795448176344,0.));
#15797=DIRECTION('',(-0.987631098857858,-0.156795448176344,0.));
#15798=DIRECTION('',(-0.987631098857858,-0.156795448176344,0.));
#15799=DIRECTION('',(0.,0.,1.));
#15800=DIRECTION('center_axis',(-0.453824176250759,0.891091250686662,0.));
#15801=DIRECTION('ref_axis',(-0.891091250686662,-0.453824176250759,0.));
#15802=DIRECTION('',(-0.891091250686662,-0.453824176250759,0.));
#15803=DIRECTION('',(-0.891091250686662,-0.453824176250759,0.));
#15804=DIRECTION('',(0.,0.,1.));
#15805=DIRECTION('center_axis',(-0.707206605675928,0.70700694260264,0.));
#15806=DIRECTION('ref_axis',(-0.70700694260264,-0.707206605675928,0.));
#15807=DIRECTION('',(-0.70700694260264,-0.707206605675928,0.));
#15808=DIRECTION('',(-0.70700694260264,-0.707206605675928,0.));
#15809=DIRECTION('',(0.,0.,1.));
#15810=DIRECTION('center_axis',(-0.891168986907393,0.453671507562961,0.));
#15811=DIRECTION('ref_axis',(-0.453671507562961,-0.891168986907393,0.));
#15812=DIRECTION('',(-0.453671507562961,-0.891168986907393,0.));
#15813=DIRECTION('',(-0.453671507562961,-0.891168986907393,0.));
#15814=DIRECTION('',(0.,0.,1.));
#15815=DIRECTION('center_axis',(-0.987521667731135,0.157483191996854,0.));
#15816=DIRECTION('ref_axis',(-0.157483191996854,-0.987521667731135,0.));
#15817=DIRECTION('',(-0.157483191996854,-0.987521667731135,0.));
#15818=DIRECTION('',(-0.157483191996854,-0.987521667731135,0.));
#15819=DIRECTION('',(0.,0.,1.));
#15820=DIRECTION('center_axis',(-0.987576081187064,-0.157141604507535,0.));
#15821=DIRECTION('ref_axis',(0.157141604507535,-0.987576081187063,0.));
#15822=DIRECTION('',(0.157141604507535,-0.987576081187063,0.));
#15823=DIRECTION('',(0.157141604507535,-0.987576081187063,0.));
#15824=DIRECTION('',(0.,0.,1.));
#15825=DIRECTION('center_axis',(-0.89129218096664,-0.453429430173792,0.));
#15826=DIRECTION('ref_axis',(0.453429430173792,-0.89129218096664,0.));
#15827=DIRECTION('',(0.453429430173792,-0.89129218096664,0.));
#15828=DIRECTION('',(0.453429430173792,-0.89129218096664,0.));
#15829=DIRECTION('',(0.,0.,1.));
#15830=DIRECTION('center_axis',(-0.707206605675946,-0.707006942602622,0.));
#15831=DIRECTION('ref_axis',(0.707006942602622,-0.707206605675946,0.));
#15832=DIRECTION('',(0.707006942602622,-0.707206605675946,0.));
#15833=DIRECTION('',(0.707006942602622,-0.707206605675946,0.));
#15834=DIRECTION('',(0.,0.,1.));
#15835=DIRECTION('center_axis',(-0.453348787683988,-0.891333201841746,0.));
#15836=DIRECTION('ref_axis',(0.891333201841746,-0.453348787683988,0.));
#15837=DIRECTION('',(0.891333201841746,-0.453348787683988,0.));
#15838=DIRECTION('',(0.891333201841746,-0.453348787683988,0.));
#15839=DIRECTION('',(0.,0.,1.));
#15840=DIRECTION('center_axis',(-0.154841266526708,-0.987939361590784,0.));
#15841=DIRECTION('ref_axis',(0.987939361590784,-0.154841266526708,0.));
#15842=DIRECTION('',(0.987939361590784,-0.154841266526708,0.));
#15843=DIRECTION('',(0.987939361590784,-0.154841266526708,0.));
#15844=DIRECTION('',(0.,0.,1.));
#15845=DIRECTION('center_axis',(0.154322069311433,-0.988020596406491,0.));
#15846=DIRECTION('ref_axis',(0.988020596406491,0.154322069311433,0.));
#15847=DIRECTION('',(0.988020596406491,0.154322069311433,0.));
#15848=DIRECTION('',(0.988020596406491,0.154322069311433,0.));
#15849=DIRECTION('center_axis',(0.453941034325249,-0.891031726346331,0.));
#15850=DIRECTION('ref_axis',(0.891031726346331,0.453941034325249,0.));
#15851=DIRECTION('',(0.891031726346331,0.453941034325249,0.));
#15852=DIRECTION('',(0.,0.,1.));
#15853=DIRECTION('',(0.891031726346331,0.453941034325249,0.));
#15854=DIRECTION('',(0.,0.,1.));
#15855=DIRECTION('center_axis',(0.70705686717966,-0.707156691670301,0.));
#15856=DIRECTION('ref_axis',(0.707156691670301,0.70705686717966,0.));
#15857=DIRECTION('',(0.707156691670301,0.707056867179659,0.));
#15858=DIRECTION('',(0.707156691670301,0.707056867179659,0.));
#15859=DIRECTION('',(0.,0.,1.));
#15860=DIRECTION('center_axis',(0.892129634609177,-0.451779498264471,0.));
#15861=DIRECTION('ref_axis',(0.451779498264471,0.892129634609176,0.));
#15862=DIRECTION('',(0.451779498264471,0.892129634609176,0.));
#15863=DIRECTION('',(0.451779498264471,0.892129634609176,0.));
#15864=DIRECTION('',(0.,0.,1.));
#15865=DIRECTION('center_axis',(0.987582488489118,-0.157101331724592,0.));
#15866=DIRECTION('ref_axis',(0.157101331724592,0.987582488489118,0.));
#15867=DIRECTION('',(0.157101331724592,0.987582488489118,0.));
#15868=DIRECTION('',(0.157101331724592,0.987582488489118,0.));
#15869=DIRECTION('',(0.,0.,1.));
#15870=DIRECTION('center_axis',(0.987513226696157,0.157536113637932,0.));
#15871=DIRECTION('ref_axis',(-0.157536113637932,0.987513226696157,0.));
#15872=DIRECTION('',(-0.157536113637932,0.987513226696157,0.));
#15873=DIRECTION('',(-0.157536113637932,0.987513226696157,0.));
#15874=DIRECTION('',(0.,0.,1.));
#15875=DIRECTION('center_axis',(0.892125556201772,0.451787551811335,0.));
#15876=DIRECTION('ref_axis',(-0.451787551811335,0.892125556201772,0.));
#15877=DIRECTION('',(-0.451787551811335,0.892125556201772,0.));
#15878=DIRECTION('',(-0.451787551811335,0.892125556201772,0.));
#15879=DIRECTION('',(0.,0.,1.));
#15880=DIRECTION('center_axis',(0.707076834050707,0.707136727054132,0.));
#15881=DIRECTION('ref_axis',(-0.707136727054131,0.707076834050707,0.));
#15882=DIRECTION('',(-0.707136727054131,0.707076834050707,0.));
#15883=DIRECTION('',(-0.707136727054131,0.707076834050707,0.));
#15884=DIRECTION('',(0.,0.,1.));
#15885=DIRECTION('center_axis',(0.453941034325248,0.891031726346332,0.));
#15886=DIRECTION('ref_axis',(-0.891031726346332,0.453941034325248,0.));
#15887=DIRECTION('',(-0.891031726346332,0.453941034325248,0.));
#15888=DIRECTION('',(-0.891031726346332,0.453941034325248,0.));
#15889=DIRECTION('',(0.,0.,1.));
#15890=DIRECTION('center_axis',(0.154068702357478,0.988060137316491,0.));
#15891=DIRECTION('ref_axis',(-0.988060137316491,0.154068702357478,0.));
#15892=DIRECTION('',(-0.988060137316491,0.154068702357478,0.));
#15893=DIRECTION('',(-0.988060137316491,0.154068702357478,0.));
#15894=DIRECTION('',(0.,0.,1.));
#15895=DIRECTION('center_axis',(-0.154587088850586,0.987979165752346,0.));
#15896=DIRECTION('ref_axis',(-0.987979165752346,-0.154587088850586,0.));
#15897=DIRECTION('',(-0.987979165752346,-0.154587088850586,0.));
#15898=DIRECTION('',(-0.987979165752346,-0.154587088850586,0.));
#15899=DIRECTION('',(0.,0.,1.));
#15900=DIRECTION('center_axis',(-0.453618222075949,0.891196111190267,0.));
#15901=DIRECTION('ref_axis',(-0.891196111190267,-0.453618222075949,0.));
#15902=DIRECTION('',(-0.891196111190267,-0.453618222075949,0.));
#15903=DIRECTION('',(-0.891196111190267,-0.453618222075949,0.));
#15904=DIRECTION('',(0.,0.,1.));
#15905=DIRECTION('center_axis',(-0.70717666276909,0.707036892697102,0.));
#15906=DIRECTION('ref_axis',(-0.707036892697102,-0.70717666276909,0.));
#15907=DIRECTION('',(-0.707036892697102,-0.70717666276909,0.));
#15908=DIRECTION('',(-0.707036892697102,-0.70717666276909,0.));
#15909=DIRECTION('',(0.,0.,1.));
#15910=DIRECTION('center_axis',(-0.891238821092399,0.453534302757609,0.));
#15911=DIRECTION('ref_axis',(-0.453534302757609,-0.891238821092399,0.));
#15912=DIRECTION('',(-0.453534302757609,-0.891238821092399,0.));
#15913=DIRECTION('',(-0.453534302757609,-0.891238821092399,0.));
#15914=DIRECTION('',(0.,0.,1.));
#15915=DIRECTION('center_axis',(-0.98751322669616,0.157536113637915,0.));
#15916=DIRECTION('ref_axis',(-0.157536113637915,-0.98751322669616,0.));
#15917=DIRECTION('',(-0.157536113637915,-0.98751322669616,0.));
#15918=DIRECTION('',(-0.157536113637915,-0.98751322669616,0.));
#15919=DIRECTION('',(0.,0.,1.));
#15920=DIRECTION('center_axis',(-0.987582488489121,-0.157101331724575,0.));
#15921=DIRECTION('ref_axis',(0.157101331724575,-0.987582488489121,0.));
#15922=DIRECTION('',(0.157101331724575,-0.987582488489121,0.));
#15923=DIRECTION('',(0.157101331724575,-0.987582488489121,0.));
#15924=DIRECTION('',(0.,0.,1.));
#15925=DIRECTION('center_axis',(-0.891242927012595,-0.453526234136486,0.));
#15926=DIRECTION('ref_axis',(0.453526234136486,-0.891242927012595,0.));
#15927=DIRECTION('',(0.453526234136486,-0.891242927012595,0.));
#15928=DIRECTION('',(0.453526234136486,-0.891242927012595,0.));
#15929=DIRECTION('',(0.,0.,1.));
#15930=DIRECTION('center_axis',(-0.707156698717067,-0.707056860131898,0.));
#15931=DIRECTION('ref_axis',(0.707056860131898,-0.707156698717067,0.));
#15932=DIRECTION('',(0.707056860131898,-0.707156698717067,0.));
#15933=DIRECTION('',(0.707056860131898,-0.707156698717067,0.));
#15934=DIRECTION('',(0.,0.,1.));
#15935=DIRECTION('center_axis',(-0.45361822207595,-0.891196111190267,0.));
#15936=DIRECTION('ref_axis',(0.891196111190266,-0.45361822207595,0.));
#15937=DIRECTION('',(0.891196111190266,-0.45361822207595,0.));
#15938=DIRECTION('',(0.891196111190266,-0.45361822207595,0.));
#15939=DIRECTION('',(0.,0.,1.));
#15940=DIRECTION('center_axis',(-0.154626195107758,-0.987973046082988,0.));
#15941=DIRECTION('ref_axis',(0.987973046082988,-0.154626195107758,0.));
#15942=DIRECTION('',(0.987973046082988,-0.154626195107758,0.));
#15943=DIRECTION('',(0.987973046082988,-0.154626195107758,0.));
#15944=DIRECTION('',(0.,0.,1.));
#15945=DIRECTION('center_axis',(0.154107683868443,-0.988054058122684,0.));
#15946=DIRECTION('ref_axis',(0.988054058122684,0.154107683868443,0.));
#15947=DIRECTION('',(0.988054058122684,0.154107683868443,0.));
#15948=DIRECTION('',(0.988054058122684,0.154107683868443,0.));
#15949=DIRECTION('center_axis',(0.,1.,0.));
#15950=DIRECTION('ref_axis',(-1.,0.,0.));
#15951=DIRECTION('',(1.,0.,0.));
#15952=DIRECTION('',(0.,0.,1.));
#15953=DIRECTION('',(-1.,0.,0.));
#15954=DIRECTION('',(0.,0.,1.));
#15955=DIRECTION('center_axis',(0.0340250029426855,0.999420981956428,0.));
#15956=DIRECTION('ref_axis',(-0.999420981956428,0.0340250029426855,0.));
#15957=DIRECTION('',(0.999420981956428,-0.0340250029426855,0.));
#15958=DIRECTION('',(-0.999420981956428,0.0340250029426855,0.));
#15959=DIRECTION('',(0.,0.,1.));
#15960=DIRECTION('center_axis',(0.119004240131734,0.992893745992324,0.));
#15961=DIRECTION('ref_axis',(-0.992893745992323,0.119004240131734,0.));
#15962=DIRECTION('',(0.992893745992323,-0.119004240131734,0.));
#15963=DIRECTION('',(-0.992893745992323,0.119004240131734,0.));
#15964=DIRECTION('',(0.,0.,1.));
#15965=DIRECTION('center_axis',(0.198476508508114,0.980105645106908,0.));
#15966=DIRECTION('ref_axis',(-0.980105645106908,0.198476508508114,0.));
#15967=DIRECTION('',(0.980105645106908,-0.198476508508114,0.));
#15968=DIRECTION('',(-0.980105645106908,0.198476508508114,0.));
#15969=DIRECTION('',(0.,0.,1.));
#15970=DIRECTION('center_axis',(0.271375986464936,0.962473414682288,0.));
#15971=DIRECTION('ref_axis',(-0.962473414682288,0.271375986464936,0.));
#15972=DIRECTION('',(0.962473414682288,-0.271375986464936,0.));
#15973=DIRECTION('',(-0.962473414682288,0.271375986464936,0.));
#15974=DIRECTION('',(0.,0.,1.));
#15975=DIRECTION('center_axis',(0.34613179959726,0.938185896988205,0.));
#15976=DIRECTION('ref_axis',(-0.938185896988205,0.34613179959726,0.));
#15977=DIRECTION('',(0.938185896988205,-0.34613179959726,0.));
#15978=DIRECTION('',(-0.938185896988205,0.34613179959726,0.));
#15979=DIRECTION('',(0.,0.,1.));
#15980=DIRECTION('center_axis',(0.422101992989398,0.906548348139457,0.));
#15981=DIRECTION('ref_axis',(-0.906548348139457,0.422101992989398,0.));
#15982=DIRECTION('',(0.906548348139457,-0.422101992989398,0.));
#15983=DIRECTION('',(-0.906548348139457,0.422101992989398,0.));
#15984=DIRECTION('',(0.,0.,1.));
#15985=DIRECTION('center_axis',(0.482016236264219,0.87616228404199,0.));
#15986=DIRECTION('ref_axis',(-0.87616228404199,0.482016236264219,0.));
#15987=DIRECTION('',(0.87616228404199,-0.482016236264219,0.));
#15988=DIRECTION('',(-0.87616228404199,0.482016236264219,0.));
#15989=DIRECTION('',(0.,0.,1.));
#15990=DIRECTION('center_axis',(0.556584166641181,0.83079122855525,0.));
#15991=DIRECTION('ref_axis',(-0.83079122855525,0.556584166641181,0.));
#15992=DIRECTION('',(0.83079122855525,-0.556584166641181,0.));
#15993=DIRECTION('',(-0.83079122855525,0.556584166641181,0.));
#15994=DIRECTION('',(0.,0.,1.));
#15995=DIRECTION('center_axis',(0.618519417067266,0.78576951500473,0.));
#15996=DIRECTION('ref_axis',(-0.78576951500473,0.618519417067266,0.));
#15997=DIRECTION('',(0.78576951500473,-0.618519417067266,0.));
#15998=DIRECTION('',(-0.78576951500473,0.618519417067266,0.));
#15999=DIRECTION('',(0.,0.,1.));
#16000=DIRECTION('center_axis',(0.678638411299915,0.734472536388072,0.));
#16001=DIRECTION('ref_axis',(-0.734472536388072,0.678638411299915,0.));
#16002=DIRECTION('',(0.734472536388072,-0.678638411299915,0.));
#16003=DIRECTION('',(-0.734472536388072,0.678638411299915,0.));
#16004=DIRECTION('',(0.,0.,1.));
#16005=DIRECTION('center_axis',(0.734472536388119,0.678638411299864,0.));
#16006=DIRECTION('ref_axis',(-0.678638411299864,0.734472536388119,0.));
#16007=DIRECTION('',(0.678638411299864,-0.734472536388119,0.));
#16008=DIRECTION('',(-0.678638411299864,0.734472536388119,0.));
#16009=DIRECTION('',(0.,0.,1.));
#16010=DIRECTION('center_axis',(0.785964471737742,0.618271662916886,0.));
#16011=DIRECTION('ref_axis',(-0.618271662916886,0.785964471737742,0.));
#16012=DIRECTION('',(0.618271662916886,-0.785964471737742,0.));
#16013=DIRECTION('',(-0.618271662916886,0.785964471737742,0.));
#16014=DIRECTION('',(0.,0.,1.));
#16015=DIRECTION('center_axis',(0.83063294257365,0.556820361257955,0.));
#16016=DIRECTION('ref_axis',(-0.556820361257955,0.83063294257365,0.));
#16017=DIRECTION('',(0.556820361257955,-0.83063294257365,0.));
#16018=DIRECTION('',(-0.556820361257955,0.83063294257365,0.));
#16019=DIRECTION('',(0.,0.,1.));
#16020=DIRECTION('center_axis',(0.87616228404199,0.482016236264219,0.));
#16021=DIRECTION('ref_axis',(-0.482016236264219,0.87616228404199,0.));
#16022=DIRECTION('',(0.482016236264219,-0.87616228404199,0.));
#16023=DIRECTION('',(-0.482016236264219,0.87616228404199,0.));
#16024=DIRECTION('',(0.,0.,1.));
#16025=DIRECTION('center_axis',(0.906911531662349,0.421321105260409,0.));
#16026=DIRECTION('ref_axis',(-0.421321105260409,0.906911531662349,0.));
#16027=DIRECTION('',(0.421321105260409,-0.906911531662349,0.));
#16028=DIRECTION('',(-0.421321105260409,0.906911531662349,0.));
#16029=DIRECTION('',(0.,0.,1.));
#16030=DIRECTION('center_axis',(0.938794058747318,0.3444789039415,0.));
#16031=DIRECTION('ref_axis',(-0.3444789039415,0.938794058747318,0.));
#16032=DIRECTION('',(0.3444789039415,-0.938794058747318,0.));
#16033=DIRECTION('',(-0.3444789039415,0.938794058747318,0.));
#16034=DIRECTION('',(0.,0.,1.));
#16035=DIRECTION('center_axis',(0.96194601640905,0.273239567988897,0.));
#16036=DIRECTION('ref_axis',(-0.273239567988897,0.961946016409051,0.));
#16037=DIRECTION('',(0.273239567988897,-0.961946016409051,0.));
#16038=DIRECTION('',(-0.273239567988897,0.961946016409051,0.));
#16039=DIRECTION('',(0.,0.,1.));
#16040=DIRECTION('center_axis',(0.980105645106891,0.198476508508201,0.));
#16041=DIRECTION('ref_axis',(-0.198476508508201,0.980105645106891,0.));
#16042=DIRECTION('',(0.198476508508201,-0.980105645106891,0.));
#16043=DIRECTION('',(-0.198476508508201,0.980105645106891,0.));
#16044=DIRECTION('',(0.,0.,1.));
#16045=DIRECTION('center_axis',(0.99299394266786,0.118165264883289,0.));
#16046=DIRECTION('ref_axis',(-0.118165264883289,0.99299394266786,0.));
#16047=DIRECTION('',(0.118165264883289,-0.99299394266786,0.));
#16048=DIRECTION('',(-0.118165264883289,0.99299394266786,0.));
#16049=DIRECTION('',(0.,0.,1.));
#16050=DIRECTION('center_axis',(0.999141912354328,0.0414178581886679,0.));
#16051=DIRECTION('ref_axis',(-0.0414178581886679,0.999141912354328,0.));
#16052=DIRECTION('',(0.0414178581886679,-0.999141912354328,0.));
#16053=DIRECTION('',(-0.0414178581886679,0.999141912354328,0.));
#16054=DIRECTION('',(0.,0.,1.));
#16055=DIRECTION('center_axis',(1.,0.,0.));
#16056=DIRECTION('ref_axis',(0.,1.,0.));
#16057=DIRECTION('',(0.,-1.,0.));
#16058=DIRECTION('',(0.,1.,0.));
#16059=DIRECTION('',(0.,0.,1.));
#16060=DIRECTION('center_axis',(0.999144363137059,-0.0413586945084093,0.));
#16061=DIRECTION('ref_axis',(0.0413586945084093,0.999144363137059,0.));
#16062=DIRECTION('',(-0.0413586945084093,-0.999144363137059,0.));
#16063=DIRECTION('',(0.0413586945084093,0.999144363137059,0.));
#16064=DIRECTION('',(0.,0.,1.));
#16065=DIRECTION('center_axis',(0.992986146750142,-0.118230758951744,0.));
#16066=DIRECTION('ref_axis',(0.118230758951744,0.992986146750142,0.));
#16067=DIRECTION('',(-0.118230758951744,-0.992986146750142,0.));
#16068=DIRECTION('',(0.118230758951744,0.992986146750142,0.));
#16069=DIRECTION('',(0.,0.,1.));
#16070=DIRECTION('center_axis',(0.980093549076841,-0.198536231096399,0.));
#16071=DIRECTION('ref_axis',(0.198536231096399,0.980093549076841,0.));
#16072=DIRECTION('',(-0.198536231096399,-0.980093549076841,0.));
#16073=DIRECTION('',(0.198536231096399,0.980093549076841,0.));
#16074=DIRECTION('',(0.,0.,1.));
#16075=DIRECTION('center_axis',(0.961984048185875,-0.273105640798421,0.));
#16076=DIRECTION('ref_axis',(0.273105640798421,0.961984048185875,0.));
#16077=DIRECTION('',(-0.273105640798421,-0.961984048185875,0.));
#16078=DIRECTION('',(0.273105640798421,0.961984048185875,0.));
#16079=DIRECTION('',(0.,0.,1.));
#16080=DIRECTION('center_axis',(0.938884532766474,-0.344232238658555,0.));
#16081=DIRECTION('ref_axis',(0.344232238658555,0.938884532766474,0.));
#16082=DIRECTION('',(-0.344232238658555,-0.938884532766474,0.));
#16083=DIRECTION('',(0.344232238658555,0.938884532766474,0.));
#16084=DIRECTION('',(0.,0.,1.));
#16085=DIRECTION('center_axis',(0.906884362811865,-0.421379582428145,0.));
#16086=DIRECTION('ref_axis',(0.421379582428145,0.906884362811865,0.));
#16087=DIRECTION('',(-0.421379582428145,-0.906884362811865,0.));
#16088=DIRECTION('',(0.421379582428145,0.906884362811865,0.));
#16089=DIRECTION('',(0.,0.,1.));
#16090=DIRECTION('center_axis',(0.875866766034714,-0.48255301072099,0.));
#16091=DIRECTION('ref_axis',(0.48255301072099,0.875866766034714,0.));
#16092=DIRECTION('',(-0.48255301072099,-0.875866766034714,0.));
#16093=DIRECTION('',(0.48255301072099,0.875866766034714,0.));
#16094=DIRECTION('',(0.,0.,1.));
#16095=DIRECTION('center_axis',(0.830648780239799,-0.55679673480197,0.));
#16096=DIRECTION('ref_axis',(0.55679673480197,0.830648780239798,0.));
#16097=DIRECTION('',(-0.55679673480197,-0.830648780239798,0.));
#16098=DIRECTION('',(0.55679673480197,0.830648780239798,0.));
#16099=DIRECTION('',(0.,0.,1.));
#16100=DIRECTION('center_axis',(0.786240908034422,-0.617920087497734,0.));
#16101=DIRECTION('ref_axis',(0.617920087497734,0.786240908034422,0.));
#16102=DIRECTION('',(-0.617920087497734,-0.786240908034422,0.));
#16103=DIRECTION('',(0.617920087497734,0.786240908034422,0.));
#16104=DIRECTION('',(0.,0.,1.));
#16105=DIRECTION('center_axis',(0.734463185483874,-0.678648531398161,0.));
#16106=DIRECTION('ref_axis',(0.678648531398161,0.734463185483874,0.));
#16107=DIRECTION('',(-0.678648531398161,-0.734463185483874,0.));
#16108=DIRECTION('',(0.678648531398161,0.734463185483874,0.));
#16109=DIRECTION('',(0.,0.,1.));
#16110=DIRECTION('center_axis',(0.678548036750336,-0.734556030417193,0.));
#16111=DIRECTION('ref_axis',(0.734556030417193,0.678548036750336,0.));
#16112=DIRECTION('',(-0.734556030417193,-0.678548036750336,0.));
#16113=DIRECTION('',(0.734556030417193,0.678548036750336,0.));
#16114=DIRECTION('',(0.,0.,1.));
#16115=DIRECTION('center_axis',(0.618418654641694,-0.785848819806429,0.));
#16116=DIRECTION('ref_axis',(0.785848819806429,0.618418654641694,0.));
#16117=DIRECTION('',(-0.785848819806429,-0.618418654641694,0.));
#16118=DIRECTION('',(0.785848819806429,0.618418654641694,0.));
#16119=DIRECTION('',(0.,0.,1.));
#16120=DIRECTION('center_axis',(0.556115152407207,-0.831105250412431,0.));
#16121=DIRECTION('ref_axis',(0.831105250412431,0.556115152407207,0.));
#16122=DIRECTION('',(-0.831105250412431,-0.556115152407207,0.));
#16123=DIRECTION('',(0.831105250412431,0.556115152407207,0.));
#16124=DIRECTION('',(0.,0.,1.));
#16125=DIRECTION('center_axis',(0.482733186244234,-0.875767475360035,0.));
#16126=DIRECTION('ref_axis',(0.875767475360035,0.482733186244234,0.));
#16127=DIRECTION('',(-0.875767475360035,-0.482733186244234,0.));
#16128=DIRECTION('',(0.875767475360035,0.482733186244234,0.));
#16129=DIRECTION('',(0.,0.,1.));
#16130=DIRECTION('center_axis',(0.422442080339296,-0.906389920927306,0.));
#16131=DIRECTION('ref_axis',(0.906389920927306,0.422442080339296,0.));
#16132=DIRECTION('',(-0.906389920927306,-0.422442080339296,0.));
#16133=DIRECTION('',(0.906389920927306,0.422442080339296,0.));
#16134=DIRECTION('',(0.,0.,1.));
#16135=DIRECTION('center_axis',(0.345339396649936,-0.938477863948563,0.));
#16136=DIRECTION('ref_axis',(0.938477863948563,0.345339396649936,0.));
#16137=DIRECTION('',(-0.938477863948563,-0.345339396649936,0.));
#16138=DIRECTION('',(0.938477863948563,0.345339396649936,0.));
#16139=DIRECTION('',(0.,0.,1.));
#16140=DIRECTION('center_axis',(0.272051163436184,-0.962282788203665,0.));
#16141=DIRECTION('ref_axis',(0.962282788203665,0.272051163436184,0.));
#16142=DIRECTION('',(-0.962282788203665,-0.272051163436184,0.));
#16143=DIRECTION('',(0.962282788203665,0.272051163436184,0.));
#16144=DIRECTION('',(0.,0.,1.));
#16145=DIRECTION('center_axis',(0.19741968225566,-0.980319064926351,0.));
#16146=DIRECTION('ref_axis',(0.980319064926351,0.19741968225566,0.));
#16147=DIRECTION('',(-0.980319064926351,-0.19741968225566,0.));
#16148=DIRECTION('',(0.980319064926351,0.19741968225566,0.));
#16149=DIRECTION('',(0.,0.,1.));
#16150=DIRECTION('center_axis',(0.119643629502157,-0.992816902515036,0.));
#16151=DIRECTION('ref_axis',(0.992816902515036,0.119643629502157,0.));
#16152=DIRECTION('',(-0.992816902515036,-0.119643629502157,0.));
#16153=DIRECTION('',(0.992816902515036,0.119643629502157,0.));
#16154=DIRECTION('',(0.,0.,1.));
#16155=DIRECTION('center_axis',(0.0349887261266097,-0.999387707070703,0.));
#16156=DIRECTION('ref_axis',(0.999387707070703,0.0349887261266097,0.));
#16157=DIRECTION('',(-0.999387707070703,-0.0349887261266097,0.));
#16158=DIRECTION('',(0.999387707070703,0.0349887261266097,0.));
#16159=DIRECTION('',(0.,0.,1.));
#16160=DIRECTION('center_axis',(0.,-1.,0.));
#16161=DIRECTION('ref_axis',(1.,0.,0.));
#16162=DIRECTION('',(-1.,0.,0.));
#16163=DIRECTION('',(1.,0.,0.));
#16164=DIRECTION('',(0.,0.,1.));
#16165=DIRECTION('center_axis',(-0.0351869454322923,-0.999380747698866,
0.));
#16166=DIRECTION('ref_axis',(0.999380747698866,-0.0351869454322923,0.));
#16167=DIRECTION('',(-0.999380747698866,0.0351869454322923,0.));
#16168=DIRECTION('',(0.999380747698866,-0.0351869454322923,0.));
#16169=DIRECTION('',(0.,0.,1.));
#16170=DIRECTION('center_axis',(-0.118872100413945,-0.992909574806879,0.));
#16171=DIRECTION('ref_axis',(0.992909574806879,-0.118872100413945,0.));
#16172=DIRECTION('',(-0.992909574806879,0.118872100413945,0.));
#16173=DIRECTION('',(0.992909574806879,-0.118872100413945,0.));
#16174=DIRECTION('',(0.,0.,1.));
#16175=DIRECTION('center_axis',(-0.197479112724895,-0.980307094760304,0.));
#16176=DIRECTION('ref_axis',(0.980307094760304,-0.197479112724895,0.));
#16177=DIRECTION('',(-0.980307094760304,0.197479112724895,0.));
#16178=DIRECTION('',(0.980307094760304,-0.197479112724895,0.));
#16179=DIRECTION('',(0.,0.,1.));
#16180=DIRECTION('center_axis',(-0.273797842685304,-0.961787264077079,0.));
#16181=DIRECTION('ref_axis',(0.961787264077079,-0.273797842685304,0.));
#16182=DIRECTION('',(-0.961787264077079,0.273797842685304,0.));
#16183=DIRECTION('',(0.961787264077079,-0.273797842685304,0.));
#16184=DIRECTION('',(0.,0.,1.));
#16185=DIRECTION('center_axis',(-0.343426609261944,-0.939179516413579,0.));
#16186=DIRECTION('ref_axis',(0.939179516413579,-0.343426609261944,0.));
#16187=DIRECTION('',(-0.939179516413579,0.343426609261944,0.));
#16188=DIRECTION('',(0.939179516413579,-0.343426609261944,0.));
#16189=DIRECTION('',(0.,0.,1.));
#16190=DIRECTION('center_axis',(-0.421719339760624,-0.906726418756983,0.));
#16191=DIRECTION('ref_axis',(0.906726418756983,-0.421719339760623,0.));
#16192=DIRECTION('',(-0.906726418756983,0.421719339760623,0.));
#16193=DIRECTION('',(0.906726418756983,-0.421719339760623,0.));
#16194=DIRECTION('',(0.,0.,1.));
#16195=DIRECTION('center_axis',(-0.483248770967667,-0.875483081137631,0.));
#16196=DIRECTION('ref_axis',(0.875483081137631,-0.483248770967667,0.));
#16197=DIRECTION('',(-0.875483081137631,0.483248770967667,0.));
#16198=DIRECTION('',(0.875483081137631,-0.483248770967667,0.));
#16199=DIRECTION('',(0.,0.,1.));
#16200=DIRECTION('center_axis',(-0.556351326541134,-0.830947171278608,0.));
#16201=DIRECTION('ref_axis',(0.830947171278608,-0.556351326541134,0.));
#16202=DIRECTION('',(-0.830947171278608,0.556351326541134,0.));
#16203=DIRECTION('',(0.830947171278608,-0.556351326541134,0.));
#16204=DIRECTION('',(0.,0.,1.));
#16205=DIRECTION('center_axis',(-0.617819301921537,-0.786320106682504,0.));
#16206=DIRECTION('ref_axis',(0.786320106682504,-0.617819301921537,0.));
#16207=DIRECTION('',(-0.786320106682504,0.617819301921537,0.));
#16208=DIRECTION('',(0.786320106682504,-0.617819301921537,0.));
#16209=DIRECTION('',(0.,0.,1.));
#16210=DIRECTION('center_axis',(-0.678560688091607,-0.734544343505989,0.));
#16211=DIRECTION('ref_axis',(0.734544343505989,-0.678560688091607,0.));
#16212=DIRECTION('',(-0.734544343505989,0.678560688091607,0.));
#16213=DIRECTION('',(0.734544343505989,-0.678560688091607,0.));
#16214=DIRECTION('',(0.,0.,1.));
#16215=DIRECTION('center_axis',(-0.734536559860347,-0.678569113818575,0.));
#16216=DIRECTION('ref_axis',(0.678569113818575,-0.734536559860347,0.));
#16217=DIRECTION('',(-0.678569113818575,0.734536559860347,0.));
#16218=DIRECTION('',(0.678569113818575,-0.734536559860347,0.));
#16219=DIRECTION('',(0.,0.,1.));
#16220=DIRECTION('center_axis',(-0.786322581689156,-0.617816151881529,0.));
#16221=DIRECTION('ref_axis',(0.617816151881529,-0.786322581689156,0.));
#16222=DIRECTION('',(-0.617816151881529,0.786322581689156,0.));
#16223=DIRECTION('',(0.617816151881529,-0.786322581689156,0.));
#16224=DIRECTION('',(0.,0.,1.));
#16225=DIRECTION('center_axis',(-0.830970075339682,-0.556317116301452,0.));
#16226=DIRECTION('ref_axis',(0.556317116301452,-0.830970075339682,0.));
#16227=DIRECTION('',(-0.556317116301452,0.830970075339682,0.));
#16228=DIRECTION('',(0.556317116301452,-0.830970075339682,0.));
#16229=DIRECTION('',(0.,0.,1.));
#16230=DIRECTION('center_axis',(-0.875471211599562,-0.48327027392588,0.));
#16231=DIRECTION('ref_axis',(0.48327027392588,-0.875471211599562,0.));
#16232=DIRECTION('',(-0.48327027392588,0.875471211599562,0.));
#16233=DIRECTION('',(0.48327027392588,-0.875471211599562,0.));
#16234=DIRECTION('',(0.,0.,1.));
#16235=DIRECTION('center_axis',(-0.906722517989796,-0.421727726584634,0.));
#16236=DIRECTION('ref_axis',(0.421727726584634,-0.906722517989796,0.));
#16237=DIRECTION('',(-0.421727726584634,0.906722517989796,0.));
#16238=DIRECTION('',(0.421727726584634,-0.906722517989796,0.));
#16239=DIRECTION('',(0.,0.,1.));
#16240=DIRECTION('center_axis',(-0.939173517469926,-0.343443014317028,0.));
#16241=DIRECTION('ref_axis',(0.343443014317028,-0.939173517469926,0.));
#16242=DIRECTION('',(-0.343443014317028,0.939173517469926,0.));
#16243=DIRECTION('',(0.343443014317028,-0.939173517469926,0.));
#16244=DIRECTION('',(0.,0.,1.));
#16245=DIRECTION('center_axis',(-0.961792424309082,-0.273779715358278,0.));
#16246=DIRECTION('ref_axis',(0.273779715358278,-0.961792424309081,0.));
#16247=DIRECTION('',(-0.273779715358278,0.961792424309081,0.));
#16248=DIRECTION('',(0.273779715358278,-0.961792424309081,0.));
#16249=DIRECTION('',(0.,0.,1.));
#16250=DIRECTION('center_axis',(-0.980307094760304,-0.197479112724895,0.));
#16251=DIRECTION('ref_axis',(0.197479112724895,-0.980307094760304,0.));
#16252=DIRECTION('',(-0.197479112724895,0.980307094760304,0.));
#16253=DIRECTION('',(0.197479112724895,-0.980307094760304,0.));
#16254=DIRECTION('',(0.,0.,1.));
#16255=DIRECTION('center_axis',(-0.992910291759261,-0.118866111733069,0.));
#16256=DIRECTION('ref_axis',(0.118866111733069,-0.992910291759261,0.));
#16257=DIRECTION('',(-0.118866111733069,0.992910291759261,0.));
#16258=DIRECTION('',(0.118866111733069,-0.992910291759261,0.));
#16259=DIRECTION('',(0.,0.,1.));
#16260=DIRECTION('center_axis',(-0.999380612619485,-0.0351907817518055,
0.));
#16261=DIRECTION('ref_axis',(0.0351907817518055,-0.999380612619485,0.));
#16262=DIRECTION('',(-0.0351907817518055,0.999380612619485,0.));
#16263=DIRECTION('',(0.0351907817518055,-0.999380612619485,0.));
#16264=DIRECTION('',(0.,0.,1.));
#16265=DIRECTION('center_axis',(-1.,0.,0.));
#16266=DIRECTION('ref_axis',(0.,-1.,0.));
#16267=DIRECTION('',(0.,1.,0.));
#16268=DIRECTION('',(0.,-1.,0.));
#16269=DIRECTION('',(0.,0.,1.));
#16270=DIRECTION('center_axis',(-0.999378837890199,0.0352411460829011,0.));
#16271=DIRECTION('ref_axis',(-0.0352411460829011,-0.999378837890199,0.));
#16272=DIRECTION('',(0.0352411460829011,0.999378837890198,0.));
#16273=DIRECTION('',(-0.0352411460829011,-0.999378837890198,0.));
#16274=DIRECTION('',(0.,0.,1.));
#16275=DIRECTION('center_axis',(-0.992918171089133,0.11880027576151,0.));
#16276=DIRECTION('ref_axis',(-0.11880027576151,-0.992918171089133,0.));
#16277=DIRECTION('',(0.11880027576151,0.992918171089133,0.));
#16278=DIRECTION('',(-0.11880027576151,-0.992918171089133,0.));
#16279=DIRECTION('',(0.,0.,1.));
#16280=DIRECTION('center_axis',(-0.980319064926351,0.19741968225566,0.));
#16281=DIRECTION('ref_axis',(-0.19741968225566,-0.980319064926351,0.));
#16282=DIRECTION('',(0.19741968225566,0.980319064926351,0.));
#16283=DIRECTION('',(-0.19741968225566,-0.980319064926351,0.));
#16284=DIRECTION('',(0.,0.,1.));
#16285=DIRECTION('center_axis',(-0.96175421218628,0.273913919584144,0.));
#16286=DIRECTION('ref_axis',(-0.273913919584144,-0.961754212186279,0.));
#16287=DIRECTION('',(0.273913919584144,0.961754212186279,0.));
#16288=DIRECTION('',(-0.273913919584144,-0.961754212186279,0.));
#16289=DIRECTION('',(0.,0.,1.));
#16290=DIRECTION('center_axis',(-0.939083430056768,0.343689265751515,0.));
#16291=DIRECTION('ref_axis',(-0.343689265751515,-0.939083430056768,0.));
#16292=DIRECTION('',(0.343689265751515,0.939083430056768,0.));
#16293=DIRECTION('',(-0.343689265751515,-0.939083430056768,0.));
#16294=DIRECTION('',(0.,0.,1.));
#16295=DIRECTION('center_axis',(-0.906749726898065,0.421669221986008,0.));
#16296=DIRECTION('ref_axis',(-0.421669221986008,-0.906749726898065,0.));
#16297=DIRECTION('',(0.421669221986008,0.906749726898065,0.));
#16298=DIRECTION('',(-0.421669221986008,-0.906749726898065,0.));
#16299=DIRECTION('',(0.,0.,1.));
#16300=DIRECTION('center_axis',(-0.875767475360035,0.482733186244234,0.));
#16301=DIRECTION('ref_axis',(-0.482733186244234,-0.875767475360035,0.));
#16302=DIRECTION('',(0.482733186244234,0.875767475360035,0.));
#16303=DIRECTION('',(-0.482733186244234,-0.875767475360035,0.));
#16304=DIRECTION('',(0.,0.,1.));
#16305=DIRECTION('center_axis',(-0.830954258830318,0.556340740672258,0.));
#16306=DIRECTION('ref_axis',(-0.556340740672258,-0.830954258830318,0.));
#16307=DIRECTION('',(0.556340740672258,0.830954258830318,0.));
#16308=DIRECTION('',(-0.556340740672258,-0.830954258830318,0.));
#16309=DIRECTION('',(0.,0.,1.));
#16310=DIRECTION('center_axis',(-0.786046209623933,0.618167741261098,0.));
#16311=DIRECTION('ref_axis',(-0.618167741261098,-0.786046209623933,0.));
#16312=DIRECTION('',(0.618167741261098,0.786046209623933,0.));
#16313=DIRECTION('',(-0.618167741261098,-0.786046209623933,0.));
#16314=DIRECTION('',(0.,0.,1.));
#16315=DIRECTION('center_axis',(-0.73454590951009,0.678558992882708,0.));
#16316=DIRECTION('ref_axis',(-0.678558992882708,-0.73454590951009,0.));
#16317=DIRECTION('',(0.678558992882708,0.73454590951009,0.));
#16318=DIRECTION('',(-0.678558992882708,-0.73454590951009,0.));
#16319=DIRECTION('',(0.,0.,1.));
#16320=DIRECTION('center_axis',(-0.67865106144984,0.734460847692377,0.));
#16321=DIRECTION('ref_axis',(-0.734460847692377,-0.67865106144984,0.));
#16322=DIRECTION('',(0.734460847692377,0.67865106144984,0.));
#16323=DIRECTION('',(-0.734460847692377,-0.67865106144984,0.));
#16324=DIRECTION('',(0.,0.,1.));
#16325=DIRECTION('center_axis',(-0.617920087497706,0.786240908034445,0.));
#16326=DIRECTION('ref_axis',(-0.786240908034445,-0.617920087497706,0.));
#16327=DIRECTION('',(0.786240908034445,0.617920087497706,0.));
#16328=DIRECTION('',(-0.786240908034445,-0.617920087497706,0.));
#16329=DIRECTION('',(0.,0.,1.));
#16330=DIRECTION('center_axis',(-0.556820361257871,0.830632942573707,0.));
#16331=DIRECTION('ref_axis',(-0.830632942573706,-0.556820361257871,0.));
#16332=DIRECTION('',(0.830632942573707,0.556820361257871,0.));
#16333=DIRECTION('',(-0.830632942573707,-0.556820361257871,0.));
#16334=DIRECTION('',(0.,0.,1.));
#16335=DIRECTION('center_axis',(-0.482531520272044,0.875878605711973,0.));
#16336=DIRECTION('ref_axis',(-0.875878605711973,-0.482531520272044,0.));
#16337=DIRECTION('',(0.875878605711973,0.482531520272044,0.));
#16338=DIRECTION('',(-0.875878605711973,-0.482531520272044,0.));
#16339=DIRECTION('',(0.,0.,1.));
#16340=DIRECTION('center_axis',(-0.421379582428182,0.906884362811848,0.));
#16341=DIRECTION('ref_axis',(-0.906884362811848,-0.421379582428182,0.));
#16342=DIRECTION('',(0.906884362811848,0.421379582428182,0.));
#16343=DIRECTION('',(-0.906884362811848,-0.421379582428182,0.));
#16344=DIRECTION('',(0.,0.,1.));
#16345=DIRECTION('center_axis',(-0.344215806021567,0.938890557458601,0.));
#16346=DIRECTION('ref_axis',(-0.938890557458601,-0.344215806021567,0.));
#16347=DIRECTION('',(0.938890557458601,0.344215806021567,0.));
#16348=DIRECTION('',(-0.938890557458601,-0.344215806021567,0.));
#16349=DIRECTION('',(0.,0.,1.));
#16350=DIRECTION('center_axis',(-0.27311902784753,0.961980247524667,0.));
#16351=DIRECTION('ref_axis',(-0.961980247524667,-0.27311902784753,0.));
#16352=DIRECTION('',(0.961980247524667,0.27311902784753,0.));
#16353=DIRECTION('',(-0.961980247524667,-0.27311902784753,0.));
#16354=DIRECTION('',(0.,0.,1.));
#16355=DIRECTION('center_axis',(-0.198536231096312,0.980093549076858,0.));
#16356=DIRECTION('ref_axis',(-0.980093549076858,-0.198536231096312,0.));
#16357=DIRECTION('',(0.980093549076858,0.198536231096312,0.));
#16358=DIRECTION('',(-0.980093549076858,-0.198536231096312,0.));
#16359=DIRECTION('',(0.,0.,1.));
#16360=DIRECTION('center_axis',(-0.118236716532687,0.992985437387462,0.));
#16361=DIRECTION('ref_axis',(-0.992985437387462,-0.118236716532687,0.));
#16362=DIRECTION('',(0.992985437387462,0.118236716532687,0.));
#16363=DIRECTION('',(-0.992985437387462,-0.118236716532687,0.));
#16364=DIRECTION('',(0.,0.,1.));
#16365=DIRECTION('center_axis',(-0.0342177754769107,0.999414400457294,0.));
#16366=DIRECTION('ref_axis',(-0.999414400457294,-0.0342177754769107,0.));
#16367=DIRECTION('',(0.999414400457294,0.0342177754769107,0.));
#16368=DIRECTION('',(-0.999414400457294,-0.0342177754769107,0.));
#16369=DIRECTION('center_axis',(0.,0.,1.));
#16370=DIRECTION('ref_axis',(1.,0.,0.));
#16371=DIRECTION('center_axis',(0.,0.,1.));
#16372=DIRECTION('ref_axis',(1.,0.,0.));
#16373=DIRECTION('axis',(0.,0.,1.));
#16374=DIRECTION('refdir',(1.,0.,0.));
#16375=DIRECTION('center_axis',(0.,0.,1.));
#16376=DIRECTION('ref_axis',(-0.707106781186547,0.707106781186547,0.));
#16377=DIRECTION('center_axis',(0.,0.,-1.));
#16378=DIRECTION('ref_axis',(-0.707106781186547,0.707106781186547,0.));
#16379=DIRECTION('',(0.,0.,-1.));
#16380=DIRECTION('center_axis',(0.,0.,1.));
#16381=DIRECTION('ref_axis',(-0.707106781186547,0.707106781186547,0.));
#16382=DIRECTION('',(0.,0.,1.));
#16383=DIRECTION('center_axis',(0.,0.,1.));
#16384=DIRECTION('ref_axis',(1.,0.,0.));
#16385=DIRECTION('',(1.,0.,0.));
#16386=DIRECTION('center_axis',(0.,0.,1.));
#16387=DIRECTION('ref_axis',(0.707106781186547,0.707106781186547,0.));
#16388=DIRECTION('',(0.,-1.,0.));
#16389=DIRECTION('center_axis',(0.,0.,1.));
#16390=DIRECTION('ref_axis',(0.707106781186547,-0.707106781186547,0.));
#16391=DIRECTION('',(-1.,0.,0.));
#16392=DIRECTION('center_axis',(0.,0.,1.));
#16393=DIRECTION('ref_axis',(-0.707106781186547,-0.707106781186547,0.));
#16394=DIRECTION('',(0.,1.,0.));
#16395=DIRECTION('center_axis',(0.,1.,0.));
#16396=DIRECTION('ref_axis',(-1.,0.,0.));
#16397=DIRECTION('',(-1.,0.,0.));
#16398=DIRECTION('',(0.,0.,1.));
#16399=DIRECTION('center_axis',(0.,0.,1.));
#16400=DIRECTION('ref_axis',(0.707106781186547,0.707106781186547,0.));
#16401=DIRECTION('center_axis',(0.,0.,-1.));
#16402=DIRECTION('ref_axis',(0.707106781186547,0.707106781186547,0.));
#16403=DIRECTION('',(0.,0.,-1.));
#16404=DIRECTION('center_axis',(0.,0.,1.));
#16405=DIRECTION('ref_axis',(-0.707106781186547,-0.707106781186547,0.));
#16406=DIRECTION('center_axis',(0.,0.,-1.));
#16407=DIRECTION('ref_axis',(-0.707106781186547,-0.707106781186547,0.));
#16408=DIRECTION('',(0.,0.,-1.));
#16409=DIRECTION('',(0.,0.,1.));
#16410=DIRECTION('center_axis',(0.,-1.,0.));
#16411=DIRECTION('ref_axis',(1.,0.,0.));
#16412=DIRECTION('',(0.,0.,-1.));
#16413=DIRECTION('',(1.,0.,0.));
#16414=DIRECTION('center_axis',(0.,0.,1.));
#16415=DIRECTION('ref_axis',(0.707106781186547,-0.707106781186547,0.));
#16416=DIRECTION('center_axis',(0.,0.,-1.));
#16417=DIRECTION('ref_axis',(0.707106781186547,-0.707106781186547,0.));
#16418=DIRECTION('',(0.,0.,1.));
#16419=DIRECTION('center_axis',(-1.,0.,0.));
#16420=DIRECTION('ref_axis',(0.,-1.,0.));
#16421=DIRECTION('',(0.,-1.,0.));
#16422=DIRECTION('center_axis',(1.,0.,0.));
#16423=DIRECTION('ref_axis',(0.,1.,0.));
#16424=DIRECTION('',(0.,1.,0.));
#16425=DIRECTION('center_axis',(0.,0.,1.));
#16426=DIRECTION('ref_axis',(1.,0.,0.));
#16427=DIRECTION('axis',(0.,0.,1.));
#16428=DIRECTION('refdir',(1.,0.,0.));
#16429=DIRECTION('center_axis',(0.453941034325249,-0.891031726346331,0.));
#16430=DIRECTION('ref_axis',(0.891031726346331,0.453941034325249,0.));
#16431=DIRECTION('',(0.891031726346331,0.453941034325249,0.));
#16432=DIRECTION('',(0.,0.,1.));
#16433=DIRECTION('',(0.891031726346331,0.453941034325249,0.));
#16434=DIRECTION('',(0.,0.,1.));
#16435=DIRECTION('center_axis',(0.70705686717966,-0.707156691670301,0.));
#16436=DIRECTION('ref_axis',(0.707156691670301,0.70705686717966,0.));
#16437=DIRECTION('',(0.707156691670301,0.707056867179659,0.));
#16438=DIRECTION('',(0.707156691670301,0.707056867179659,0.));
#16439=DIRECTION('',(0.,0.,1.));
#16440=DIRECTION('center_axis',(0.892129634609177,-0.451779498264471,0.));
#16441=DIRECTION('ref_axis',(0.451779498264471,0.892129634609176,0.));
#16442=DIRECTION('',(0.451779498264471,0.892129634609176,0.));
#16443=DIRECTION('',(0.451779498264471,0.892129634609176,0.));
#16444=DIRECTION('',(0.,0.,1.));
#16445=DIRECTION('center_axis',(0.987582488489118,-0.157101331724592,0.));
#16446=DIRECTION('ref_axis',(0.157101331724592,0.987582488489118,0.));
#16447=DIRECTION('',(0.157101331724592,0.987582488489118,0.));
#16448=DIRECTION('',(0.157101331724592,0.987582488489118,0.));
#16449=DIRECTION('',(0.,0.,1.));
#16450=DIRECTION('center_axis',(0.987513226696157,0.157536113637932,0.));
#16451=DIRECTION('ref_axis',(-0.157536113637932,0.987513226696157,0.));
#16452=DIRECTION('',(-0.157536113637932,0.987513226696157,0.));
#16453=DIRECTION('',(-0.157536113637932,0.987513226696157,0.));
#16454=DIRECTION('',(0.,0.,1.));
#16455=DIRECTION('center_axis',(0.892125556201772,0.451787551811335,0.));
#16456=DIRECTION('ref_axis',(-0.451787551811335,0.892125556201772,0.));
#16457=DIRECTION('',(-0.451787551811335,0.892125556201772,0.));
#16458=DIRECTION('',(-0.451787551811335,0.892125556201772,0.));
#16459=DIRECTION('',(0.,0.,1.));
#16460=DIRECTION('center_axis',(0.707076834050707,0.707136727054132,0.));
#16461=DIRECTION('ref_axis',(-0.707136727054131,0.707076834050707,0.));
#16462=DIRECTION('',(-0.707136727054131,0.707076834050707,0.));
#16463=DIRECTION('',(-0.707136727054131,0.707076834050707,0.));
#16464=DIRECTION('',(0.,0.,1.));
#16465=DIRECTION('center_axis',(0.453941034325248,0.891031726346332,0.));
#16466=DIRECTION('ref_axis',(-0.891031726346332,0.453941034325248,0.));
#16467=DIRECTION('',(-0.891031726346332,0.453941034325248,0.));
#16468=DIRECTION('',(-0.891031726346332,0.453941034325248,0.));
#16469=DIRECTION('',(0.,0.,1.));
#16470=DIRECTION('center_axis',(0.154068702357478,0.988060137316491,0.));
#16471=DIRECTION('ref_axis',(-0.988060137316491,0.154068702357478,0.));
#16472=DIRECTION('',(-0.988060137316491,0.154068702357478,0.));
#16473=DIRECTION('',(-0.988060137316491,0.154068702357478,0.));
#16474=DIRECTION('',(0.,0.,1.));
#16475=DIRECTION('center_axis',(-0.154587088850586,0.987979165752346,0.));
#16476=DIRECTION('ref_axis',(-0.987979165752346,-0.154587088850586,0.));
#16477=DIRECTION('',(-0.987979165752346,-0.154587088850586,0.));
#16478=DIRECTION('',(-0.987979165752346,-0.154587088850586,0.));
#16479=DIRECTION('',(0.,0.,1.));
#16480=DIRECTION('center_axis',(-0.453618222075949,0.891196111190267,0.));
#16481=DIRECTION('ref_axis',(-0.891196111190267,-0.453618222075949,0.));
#16482=DIRECTION('',(-0.891196111190267,-0.453618222075949,0.));
#16483=DIRECTION('',(-0.891196111190267,-0.453618222075949,0.));
#16484=DIRECTION('',(0.,0.,1.));
#16485=DIRECTION('center_axis',(-0.70717666276909,0.707036892697102,0.));
#16486=DIRECTION('ref_axis',(-0.707036892697102,-0.70717666276909,0.));
#16487=DIRECTION('',(-0.707036892697102,-0.70717666276909,0.));
#16488=DIRECTION('',(-0.707036892697102,-0.70717666276909,0.));
#16489=DIRECTION('',(0.,0.,1.));
#16490=DIRECTION('center_axis',(-0.891238821092399,0.453534302757609,0.));
#16491=DIRECTION('ref_axis',(-0.453534302757609,-0.891238821092399,0.));
#16492=DIRECTION('',(-0.453534302757609,-0.891238821092399,0.));
#16493=DIRECTION('',(-0.453534302757609,-0.891238821092399,0.));
#16494=DIRECTION('',(0.,0.,1.));
#16495=DIRECTION('center_axis',(-0.98751322669616,0.157536113637915,0.));
#16496=DIRECTION('ref_axis',(-0.157536113637915,-0.98751322669616,0.));
#16497=DIRECTION('',(-0.157536113637915,-0.98751322669616,0.));
#16498=DIRECTION('',(-0.157536113637915,-0.98751322669616,0.));
#16499=DIRECTION('',(0.,0.,1.));
#16500=DIRECTION('center_axis',(-0.987582488489121,-0.157101331724575,0.));
#16501=DIRECTION('ref_axis',(0.157101331724575,-0.987582488489121,0.));
#16502=DIRECTION('',(0.157101331724575,-0.987582488489121,0.));
#16503=DIRECTION('',(0.157101331724575,-0.987582488489121,0.));
#16504=DIRECTION('',(0.,0.,1.));
#16505=DIRECTION('center_axis',(-0.891242927012595,-0.453526234136486,0.));
#16506=DIRECTION('ref_axis',(0.453526234136486,-0.891242927012595,0.));
#16507=DIRECTION('',(0.453526234136486,-0.891242927012595,0.));
#16508=DIRECTION('',(0.453526234136486,-0.891242927012595,0.));
#16509=DIRECTION('',(0.,0.,1.));
#16510=DIRECTION('center_axis',(-0.707156698717067,-0.707056860131898,0.));
#16511=DIRECTION('ref_axis',(0.707056860131898,-0.707156698717067,0.));
#16512=DIRECTION('',(0.707056860131898,-0.707156698717067,0.));
#16513=DIRECTION('',(0.707056860131898,-0.707156698717067,0.));
#16514=DIRECTION('',(0.,0.,1.));
#16515=DIRECTION('center_axis',(-0.45361822207595,-0.891196111190267,0.));
#16516=DIRECTION('ref_axis',(0.891196111190266,-0.45361822207595,0.));
#16517=DIRECTION('',(0.891196111190266,-0.45361822207595,0.));
#16518=DIRECTION('',(0.891196111190266,-0.45361822207595,0.));
#16519=DIRECTION('',(0.,0.,1.));
#16520=DIRECTION('center_axis',(-0.154626195107758,-0.987973046082988,0.));
#16521=DIRECTION('ref_axis',(0.987973046082988,-0.154626195107758,0.));
#16522=DIRECTION('',(0.987973046082988,-0.154626195107758,0.));
#16523=DIRECTION('',(0.987973046082988,-0.154626195107758,0.));
#16524=DIRECTION('',(0.,0.,1.));
#16525=DIRECTION('center_axis',(0.154107683868443,-0.988054058122684,0.));
#16526=DIRECTION('ref_axis',(0.988054058122684,0.154107683868443,0.));
#16527=DIRECTION('',(0.988054058122684,0.154107683868443,0.));
#16528=DIRECTION('',(0.988054058122684,0.154107683868443,0.));
#16529=DIRECTION('center_axis',(0.453534302757609,-0.891238821092399,0.));
#16530=DIRECTION('ref_axis',(0.891238821092399,0.453534302757609,0.));
#16531=DIRECTION('',(0.891238821092399,0.453534302757609,0.));
#16532=DIRECTION('',(0.,0.,1.));
#16533=DIRECTION('',(0.891238821092399,0.453534302757609,0.));
#16534=DIRECTION('',(0.,0.,1.));
#16535=DIRECTION('center_axis',(0.707136727054132,-0.707076834050706,0.));
#16536=DIRECTION('ref_axis',(0.707076834050706,0.707136727054132,0.));
#16537=DIRECTION('',(0.707076834050706,0.707136727054132,0.));
#16538=DIRECTION('',(0.707076834050706,0.707136727054132,0.));
#16539=DIRECTION('',(0.,0.,1.));
#16540=DIRECTION('center_axis',(0.891155047861642,-0.453698887667487,0.));
#16541=DIRECTION('ref_axis',(0.453698887667487,0.891155047861642,0.));
#16542=DIRECTION('',(0.453698887667487,0.891155047861642,0.));
#16543=DIRECTION('',(0.453698887667487,0.891155047861642,0.));
#16544=DIRECTION('',(0.,0.,1.));
#16545=DIRECTION('center_axis',(0.988045907422023,-0.154159932623853,0.));
#16546=DIRECTION('ref_axis',(0.154159932623853,0.988045907422023,0.));
#16547=DIRECTION('',(0.154159932623853,0.988045907422023,0.));
#16548=DIRECTION('',(0.154159932623853,0.988045907422023,0.));
#16549=DIRECTION('',(0.,0.,1.));
#16550=DIRECTION('center_axis',(0.98799351422776,0.154495358648345,0.));
#16551=DIRECTION('ref_axis',(-0.154495358648345,0.98799351422776,0.));
#16552=DIRECTION('',(-0.154495358648345,0.98799351422776,0.));
#16553=DIRECTION('',(-0.154495358648345,0.98799351422776,0.));
#16554=DIRECTION('',(0.,0.,1.));
#16555=DIRECTION('center_axis',(0.891031726346331,0.453941034325249,0.));
#16556=DIRECTION('ref_axis',(-0.453941034325249,0.891031726346331,0.));
#16557=DIRECTION('',(-0.453941034325249,0.891031726346331,0.));
#16558=DIRECTION('',(-0.453941034325249,0.891031726346331,0.));
#16559=DIRECTION('',(0.,0.,1.));
#16560=DIRECTION('center_axis',(0.707136727054114,0.707076834050724,0.));
#16561=DIRECTION('ref_axis',(-0.707076834050724,0.707136727054114,0.));
#16562=DIRECTION('',(-0.707076834050724,0.707136727054114,0.));
#16563=DIRECTION('',(-0.707076834050724,0.707136727054114,0.));
#16564=DIRECTION('',(0.,0.,1.));
#16565=DIRECTION('center_axis',(0.454009784988966,0.890996697600094,0.));
#16566=DIRECTION('ref_axis',(-0.890996697600094,0.454009784988966,0.));
#16567=DIRECTION('',(-0.890996697600094,0.454009784988966,0.));
#16568=DIRECTION('',(-0.890996697600094,0.454009784988966,0.));
#16569=DIRECTION('',(0.,0.,1.));
#16570=DIRECTION('center_axis',(0.15633165876561,0.987704618024839,0.));
#16571=DIRECTION('ref_axis',(-0.987704618024839,0.15633165876561,0.));
#16572=DIRECTION('',(-0.987704618024839,0.15633165876561,0.));
#16573=DIRECTION('',(-0.987704618024839,0.15633165876561,0.));
#16574=DIRECTION('',(0.,0.,1.));
#16575=DIRECTION('center_axis',(-0.156745847887581,0.987638972079374,0.));
#16576=DIRECTION('ref_axis',(-0.987638972079374,-0.156745847887581,0.));
#16577=DIRECTION('',(-0.987638972079374,-0.156745847887581,0.));
#16578=DIRECTION('',(-0.987638972079374,-0.156745847887581,0.));
#16579=DIRECTION('',(0.,0.,1.));
#16580=DIRECTION('center_axis',(-0.454001712296655,0.8910008110163,0.));
#16581=DIRECTION('ref_axis',(-0.8910008110163,-0.454001712296655,0.));
#16582=DIRECTION('',(-0.8910008110163,-0.454001712296655,0.));
#16583=DIRECTION('',(-0.8910008110163,-0.454001712296655,0.));
#16584=DIRECTION('',(0.,0.,1.));
#16585=DIRECTION('center_axis',(-0.707156691670284,0.707056867179677,0.));
#16586=DIRECTION('ref_axis',(-0.707056867179677,-0.707156691670284,0.));
#16587=DIRECTION('',(-0.707056867179677,-0.707156691670283,0.));
#16588=DIRECTION('',(-0.707056867179677,-0.707156691670283,0.));
#16589=DIRECTION('',(0.,0.,1.));
#16590=DIRECTION('center_axis',(-0.891031726346332,0.453941034325247,0.));
#16591=DIRECTION('ref_axis',(-0.453941034325247,-0.891031726346332,0.));
#16592=DIRECTION('',(-0.453941034325247,-0.891031726346332,0.));
#16593=DIRECTION('',(-0.453941034325247,-0.891031726346332,0.));
#16594=DIRECTION('',(0.,0.,1.));
#16595=DIRECTION('center_axis',(-0.987565199930966,0.157209973873515,0.));
#16596=DIRECTION('ref_axis',(-0.157209973873515,-0.987565199930966,0.));
#16597=DIRECTION('',(-0.157209973873515,-0.987565199930966,0.));
#16598=DIRECTION('',(-0.157209973873515,-0.987565199930966,0.));
#16599=DIRECTION('',(0.,0.,1.));
#16600=DIRECTION('center_axis',(-0.98761942712131,-0.156868949038923,0.));
#16601=DIRECTION('ref_axis',(0.156868949038923,-0.98761942712131,0.));
#16602=DIRECTION('',(0.156868949038923,-0.98761942712131,0.));
#16603=DIRECTION('',(0.156868949038923,-0.98761942712131,0.));
#16604=DIRECTION('',(0.,0.,1.));
#16605=DIRECTION('center_axis',(-0.891155047861642,-0.453698887667486,0.));
#16606=DIRECTION('ref_axis',(0.453698887667486,-0.891155047861642,0.));
#16607=DIRECTION('',(0.453698887667486,-0.891155047861642,0.));
#16608=DIRECTION('',(0.453698887667486,-0.891155047861642,0.));
#16609=DIRECTION('',(0.,0.,1.));
#16610=DIRECTION('center_axis',(-0.707156691670301,-0.70705686717966,0.));
#16611=DIRECTION('ref_axis',(0.707056867179659,-0.707156691670301,0.));
#16612=DIRECTION('',(0.707056867179659,-0.707156691670301,0.));
#16613=DIRECTION('',(0.707056867179659,-0.707156691670301,0.));
#16614=DIRECTION('',(0.,0.,1.));
#16615=DIRECTION('center_axis',(-0.453526234136486,-0.891242927012595,0.));
#16616=DIRECTION('ref_axis',(0.891242927012595,-0.453526234136486,0.));
#16617=DIRECTION('',(0.891242927012595,-0.453526234136486,0.));
#16618=DIRECTION('',(0.891242927012595,-0.453526234136486,0.));
#16619=DIRECTION('',(0.,0.,1.));
#16620=DIRECTION('center_axis',(-0.154792253851818,-0.987947042177603,0.));
#16621=DIRECTION('ref_axis',(0.987947042177603,-0.154792253851818,0.));
#16622=DIRECTION('',(0.987947042177603,-0.154792253851818,0.));
#16623=DIRECTION('',(0.987947042177603,-0.154792253851818,0.));
#16624=DIRECTION('',(0.,0.,1.));
#16625=DIRECTION('center_axis',(0.154382972754658,-0.988011081781695,0.));
#16626=DIRECTION('ref_axis',(0.988011081781695,0.154382972754658,0.));
#16627=DIRECTION('',(0.988011081781695,0.154382972754658,0.));
#16628=DIRECTION('',(0.988011081781695,0.154382972754658,0.));
#16629=DIRECTION('center_axis',(0.453803790274446,-0.891101632774033,0.));
#16630=DIRECTION('ref_axis',(0.891101632774033,0.453803790274446,0.));
#16631=DIRECTION('',(0.891101632774033,0.453803790274446,0.));
#16632=DIRECTION('',(0.,0.,1.));
#16633=DIRECTION('',(0.891101632774033,0.453803790274446,0.));
#16634=DIRECTION('',(0.,0.,1.));
#16635=DIRECTION('center_axis',(0.707086815160916,-0.70712674664843,0.));
#16636=DIRECTION('ref_axis',(0.70712674664843,0.707086815160916,0.));
#16637=DIRECTION('',(0.70712674664843,0.707086815160916,0.));
#16638=DIRECTION('',(0.70712674664843,0.707086815160916,0.));
#16639=DIRECTION('',(0.,0.,1.));
#16640=DIRECTION('center_axis',(0.891105742942366,-0.453795719344216,0.));
#16641=DIRECTION('ref_axis',(0.453795719344216,0.891105742942366,0.));
#16642=DIRECTION('',(0.453795719344216,0.891105742942366,0.));
#16643=DIRECTION('',(0.453795719344216,0.891105742942366,0.));
#16644=DIRECTION('',(0.,0.,1.));
#16645=DIRECTION('center_axis',(0.98805207681248,-0.154120386407978,0.));
#16646=DIRECTION('ref_axis',(0.154120386407978,0.98805207681248,0.));
#16647=DIRECTION('',(0.154120386407978,0.98805207681248,0.));
#16648=DIRECTION('',(0.154120386407978,0.98805207681248,0.));
#16649=DIRECTION('',(0.,0.,1.));
#16650=DIRECTION('center_axis',(0.987985386562192,0.154547325889372,0.));
#16651=DIRECTION('ref_axis',(-0.154547325889372,0.987985386562192,0.));
#16652=DIRECTION('',(-0.154547325889372,0.987985386562192,0.));
#16653=DIRECTION('',(-0.154547325889372,0.987985386562192,0.));
#16654=DIRECTION('',(0.,0.,1.));
#16655=DIRECTION('center_axis',(0.891101632774033,0.453803790274446,0.));
#16656=DIRECTION('ref_axis',(-0.453803790274446,0.891101632774033,0.));
#16657=DIRECTION('',(-0.453803790274446,0.891101632774033,0.));
#16658=DIRECTION('',(-0.453803790274446,0.891101632774033,0.));
#16659=DIRECTION('',(0.,0.,1.));
#16660=DIRECTION('center_axis',(0.707106781186548,0.707106781186547,0.));
#16661=DIRECTION('ref_axis',(-0.707106781186547,0.707106781186548,0.));
#16662=DIRECTION('',(-0.707106781186547,0.707106781186548,0.));
#16663=DIRECTION('',(-0.707106781186547,0.707106781186548,0.));
#16664=DIRECTION('',(0.,0.,1.));
#16665=DIRECTION('center_axis',(0.453803790274445,0.891101632774033,0.));
#16666=DIRECTION('ref_axis',(-0.891101632774033,0.453803790274445,0.));
#16667=DIRECTION('',(-0.891101632774033,0.453803790274445,0.));
#16668=DIRECTION('',(-0.891101632774033,0.453803790274445,0.));
#16669=DIRECTION('',(0.,0.,1.));
#16670=DIRECTION('center_axis',(0.154129510678771,0.988050653528412,0.));
#16671=DIRECTION('ref_axis',(-0.988050653528412,0.154129510678771,0.));
#16672=DIRECTION('',(-0.988050653528412,0.154129510678771,0.));
#16673=DIRECTION('',(-0.988050653528412,0.154129510678771,0.));
#16674=DIRECTION('',(0.,0.,1.));
#16675=DIRECTION('center_axis',(-0.154538152690645,0.987986821452069,0.));
#16676=DIRECTION('ref_axis',(-0.987986821452069,-0.154538152690645,0.));
#16677=DIRECTION('',(-0.987986821452069,-0.154538152690645,0.));
#16678=DIRECTION('',(-0.987986821452069,-0.154538152690645,0.));
#16679=DIRECTION('',(0.,0.,1.));
#16680=DIRECTION('center_axis',(-0.453795719344215,0.891105742942366,0.));
#16681=DIRECTION('ref_axis',(-0.891105742942366,-0.453795719344215,0.));
#16682=DIRECTION('',(-0.891105742942366,-0.453795719344215,0.));
#16683=DIRECTION('',(-0.891105742942366,-0.453795719344215,0.));
#16684=DIRECTION('',(0.,0.,1.));
#16685=DIRECTION('center_axis',(-0.707126746648431,0.707086815160915,0.));
#16686=DIRECTION('ref_axis',(-0.707086815160915,-0.707126746648431,0.));
#16687=DIRECTION('',(-0.707086815160915,-0.707126746648431,0.));
#16688=DIRECTION('',(-0.707086815160915,-0.707126746648431,0.));
#16689=DIRECTION('',(0.,0.,1.));
#16690=DIRECTION('center_axis',(-0.891101632774034,0.453803790274444,0.));
#16691=DIRECTION('ref_axis',(-0.453803790274444,-0.891101632774034,0.));
#16692=DIRECTION('',(-0.453803790274444,-0.891101632774034,0.));
#16693=DIRECTION('',(-0.453803790274444,-0.891101632774034,0.));
#16694=DIRECTION('',(0.,0.,1.));
#16695=DIRECTION('center_axis',(-0.987556787788161,0.157262808360811,0.));
#16696=DIRECTION('ref_axis',(-0.157262808360811,-0.987556787788161,0.));
#16697=DIRECTION('',(-0.157262808360811,-0.987556787788161,0.));
#16698=DIRECTION('',(-0.157262808360811,-0.987556787788161,0.));
#16699=DIRECTION('',(0.,0.,1.));
#16700=DIRECTION('center_axis',(-0.987625812488147,-0.156828742605198,0.));
#16701=DIRECTION('ref_axis',(0.156828742605198,-0.987625812488147,0.));
#16702=DIRECTION('',(0.156828742605198,-0.987625812488147,0.));
#16703=DIRECTION('',(0.156828742605198,-0.987625812488147,0.));
#16704=DIRECTION('',(0.,0.,1.));
#16705=DIRECTION('center_axis',(-0.891105742942367,-0.453795719344214,0.));
#16706=DIRECTION('ref_axis',(0.453795719344214,-0.891105742942367,0.));
#16707=DIRECTION('',(0.453795719344214,-0.891105742942367,0.));
#16708=DIRECTION('',(0.453795719344214,-0.891105742942367,0.));
#16709=DIRECTION('',(0.,0.,1.));
#16710=DIRECTION('center_axis',(-0.707106781186548,-0.707106781186548,0.));
#16711=DIRECTION('ref_axis',(0.707106781186548,-0.707106781186548,0.));
#16712=DIRECTION('',(0.707106781186548,-0.707106781186548,0.));
#16713=DIRECTION('',(0.707106781186548,-0.707106781186548,0.));
#16714=DIRECTION('',(0.,0.,1.));
#16715=DIRECTION('center_axis',(-0.453795719344216,-0.891105742942366,0.));
#16716=DIRECTION('ref_axis',(0.891105742942366,-0.453795719344216,0.));
#16717=DIRECTION('',(0.891105742942366,-0.453795719344216,0.));
#16718=DIRECTION('',(0.891105742942366,-0.453795719344216,0.));
#16719=DIRECTION('',(0.,0.,1.));
#16720=DIRECTION('center_axis',(-0.154577247174419,-0.987980705609163,0.));
#16721=DIRECTION('ref_axis',(0.987980705609163,-0.154577247174419,0.));
#16722=DIRECTION('',(0.987980705609163,-0.154577247174419,0.));
#16723=DIRECTION('',(0.987980705609163,-0.154577247174419,0.));
#16724=DIRECTION('',(0.,0.,1.));
#16725=DIRECTION('center_axis',(0.154168506826185,-0.988044569593389,0.));
#16726=DIRECTION('ref_axis',(0.988044569593389,0.154168506826185,0.));
#16727=DIRECTION('',(0.988044569593389,0.154168506826185,0.));
#16728=DIRECTION('',(0.988044569593389,0.154168506826185,0.));
#16729=DIRECTION('center_axis',(0.453671507562961,-0.891168986907393,0.));
#16730=DIRECTION('ref_axis',(0.891168986907393,0.453671507562961,0.));
#16731=DIRECTION('',(0.891168986907393,0.453671507562961,0.));
#16732=DIRECTION('',(0.,0.,1.));
#16733=DIRECTION('',(0.891168986907393,0.453671507562961,0.));
#16734=DIRECTION('',(0.,0.,1.));
#16735=DIRECTION('center_axis',(0.707106781186548,-0.707106781186548,0.));
#16736=DIRECTION('ref_axis',(0.707106781186548,0.707106781186548,0.));
#16737=DIRECTION('',(0.707106781186548,0.707106781186548,0.));
#16738=DIRECTION('',(0.707106781186548,0.707106781186548,0.));
#16739=DIRECTION('',(0.,0.,1.));
#16740=DIRECTION('center_axis',(0.892178558490458,-0.451682875223191,0.));
#16741=DIRECTION('ref_axis',(0.451682875223191,0.892178558490458,0.));
#16742=DIRECTION('',(0.451682875223191,0.892178558490458,0.));
#16743=DIRECTION('',(0.451682875223191,0.892178558490458,0.));
#16744=DIRECTION('',(0.,0.,1.));
#16745=DIRECTION('center_axis',(0.987576081187061,-0.157141604507553,0.));
#16746=DIRECTION('ref_axis',(0.157141604507553,0.987576081187061,0.));
#16747=DIRECTION('',(0.157141604507553,0.987576081187061,0.));
#16748=DIRECTION('',(0.157141604507553,0.987576081187061,0.));
#16749=DIRECTION('',(0.,0.,1.));
#16750=DIRECTION('center_axis',(0.987521667731132,0.157483191996871,0.));
#16751=DIRECTION('ref_axis',(-0.157483191996871,0.987521667731132,0.));
#16752=DIRECTION('',(-0.157483191996871,0.987521667731132,0.));
#16753=DIRECTION('',(-0.157483191996871,0.987521667731132,0.));
#16754=DIRECTION('',(0.,0.,1.));
#16755=DIRECTION('center_axis',(0.8920561898926,0.451924500413839,0.));
#16756=DIRECTION('ref_axis',(-0.451924500413839,0.8920561898926,0.));
#16757=DIRECTION('',(-0.451924500413839,0.8920561898926,0.));
#16758=DIRECTION('',(-0.451924500413839,0.8920561898926,0.));
#16759=DIRECTION('',(0.,0.,1.));
#16760=DIRECTION('center_axis',(0.70710678118653,0.707106781186565,0.));
#16761=DIRECTION('ref_axis',(-0.707106781186565,0.70710678118653,0.));
#16762=DIRECTION('',(-0.707106781186565,0.70710678118653,0.));
#16763=DIRECTION('',(-0.707106781186565,0.70710678118653,0.));
#16764=DIRECTION('',(0.,0.,1.));
#16765=DIRECTION('center_axis',(0.454147058987968,0.890926735939931,0.));
#16766=DIRECTION('ref_axis',(-0.890926735939931,0.454147058987967,0.));
#16767=DIRECTION('',(-0.890926735939931,0.454147058987967,0.));
#16768=DIRECTION('',(-0.890926735939931,0.454147058987967,0.));
#16769=DIRECTION('',(0.,0.,1.));
#16770=DIRECTION('center_axis',(0.156270024804543,0.987714371337983,0.));
#16771=DIRECTION('ref_axis',(-0.987714371337983,0.156270024804543,0.));
#16772=DIRECTION('',(-0.987714371337983,0.156270024804543,0.));
#16773=DIRECTION('',(-0.987714371337983,0.156270024804543,0.));
#16774=DIRECTION('',(0.,0.,1.));
#16775=DIRECTION('center_axis',(-0.156795448176344,0.987631098857858,0.));
#16776=DIRECTION('ref_axis',(-0.987631098857858,-0.156795448176344,0.));
#16777=DIRECTION('',(-0.987631098857858,-0.156795448176344,0.));
#16778=DIRECTION('',(-0.987631098857858,-0.156795448176344,0.));
#16779=DIRECTION('',(0.,0.,1.));
#16780=DIRECTION('center_axis',(-0.453824176250759,0.891091250686662,0.));
#16781=DIRECTION('ref_axis',(-0.891091250686662,-0.453824176250759,0.));
#16782=DIRECTION('',(-0.891091250686662,-0.453824176250759,0.));
#16783=DIRECTION('',(-0.891091250686662,-0.453824176250759,0.));
#16784=DIRECTION('',(0.,0.,1.));
#16785=DIRECTION('center_axis',(-0.707206605675928,0.70700694260264,0.));
#16786=DIRECTION('ref_axis',(-0.70700694260264,-0.707206605675928,0.));
#16787=DIRECTION('',(-0.70700694260264,-0.707206605675928,0.));
#16788=DIRECTION('',(-0.70700694260264,-0.707206605675928,0.));
#16789=DIRECTION('',(0.,0.,1.));
#16790=DIRECTION('center_axis',(-0.891168986907393,0.453671507562961,0.));
#16791=DIRECTION('ref_axis',(-0.453671507562961,-0.891168986907393,0.));
#16792=DIRECTION('',(-0.453671507562961,-0.891168986907393,0.));
#16793=DIRECTION('',(-0.453671507562961,-0.891168986907393,0.));
#16794=DIRECTION('',(0.,0.,1.));
#16795=DIRECTION('center_axis',(-0.987521667731135,0.157483191996854,0.));
#16796=DIRECTION('ref_axis',(-0.157483191996854,-0.987521667731135,0.));
#16797=DIRECTION('',(-0.157483191996854,-0.987521667731135,0.));
#16798=DIRECTION('',(-0.157483191996854,-0.987521667731135,0.));
#16799=DIRECTION('',(0.,0.,1.));
#16800=DIRECTION('center_axis',(-0.987576081187064,-0.157141604507535,0.));
#16801=DIRECTION('ref_axis',(0.157141604507535,-0.987576081187063,0.));
#16802=DIRECTION('',(0.157141604507535,-0.987576081187063,0.));
#16803=DIRECTION('',(0.157141604507535,-0.987576081187063,0.));
#16804=DIRECTION('',(0.,0.,1.));
#16805=DIRECTION('center_axis',(-0.89129218096664,-0.453429430173792,0.));
#16806=DIRECTION('ref_axis',(0.453429430173792,-0.89129218096664,0.));
#16807=DIRECTION('',(0.453429430173792,-0.89129218096664,0.));
#16808=DIRECTION('',(0.453429430173792,-0.89129218096664,0.));
#16809=DIRECTION('',(0.,0.,1.));
#16810=DIRECTION('center_axis',(-0.707206605675946,-0.707006942602622,0.));
#16811=DIRECTION('ref_axis',(0.707006942602622,-0.707206605675946,0.));
#16812=DIRECTION('',(0.707006942602622,-0.707206605675946,0.));
#16813=DIRECTION('',(0.707006942602622,-0.707206605675946,0.));
#16814=DIRECTION('',(0.,0.,1.));
#16815=DIRECTION('center_axis',(-0.453348787683988,-0.891333201841746,0.));
#16816=DIRECTION('ref_axis',(0.891333201841746,-0.453348787683988,0.));
#16817=DIRECTION('',(0.891333201841746,-0.453348787683988,0.));
#16818=DIRECTION('',(0.891333201841746,-0.453348787683988,0.));
#16819=DIRECTION('',(0.,0.,1.));
#16820=DIRECTION('center_axis',(-0.154841266526708,-0.987939361590784,0.));
#16821=DIRECTION('ref_axis',(0.987939361590784,-0.154841266526708,0.));
#16822=DIRECTION('',(0.987939361590784,-0.154841266526708,0.));
#16823=DIRECTION('',(0.987939361590784,-0.154841266526708,0.));
#16824=DIRECTION('',(0.,0.,1.));
#16825=DIRECTION('center_axis',(0.154322069311433,-0.988020596406491,0.));
#16826=DIRECTION('ref_axis',(0.988020596406491,0.154322069311433,0.));
#16827=DIRECTION('',(0.988020596406491,0.154322069311433,0.));
#16828=DIRECTION('',(0.988020596406491,0.154322069311433,0.));
#16829=DIRECTION('center_axis',(0.,1.,0.));
#16830=DIRECTION('ref_axis',(-1.,0.,0.));
#16831=DIRECTION('',(1.,0.,0.));
#16832=DIRECTION('',(0.,0.,1.));
#16833=DIRECTION('',(-1.,0.,0.));
#16834=DIRECTION('',(0.,0.,1.));
#16835=DIRECTION('center_axis',(1.,0.,0.));
#16836=DIRECTION('ref_axis',(0.,1.,0.));
#16837=DIRECTION('',(0.,-1.,0.));
#16838=DIRECTION('',(0.,1.,0.));
#16839=DIRECTION('',(0.,0.,1.));
#16840=DIRECTION('center_axis',(0.,-1.,0.));
#16841=DIRECTION('ref_axis',(1.,0.,0.));
#16842=DIRECTION('',(-1.,0.,0.));
#16843=DIRECTION('',(1.,0.,0.));
#16844=DIRECTION('',(0.,0.,1.));
#16845=DIRECTION('center_axis',(1.,0.,0.));
#16846=DIRECTION('ref_axis',(0.,1.,0.));
#16847=DIRECTION('',(0.,-1.,0.));
#16848=DIRECTION('',(0.,1.,0.));
#16849=DIRECTION('',(0.,0.,1.));
#16850=DIRECTION('center_axis',(5.36375642917643E-17,1.,0.));
#16851=DIRECTION('ref_axis',(-1.,5.36375642917644E-17,0.));
#16852=DIRECTION('',(1.,-5.36375642917644E-17,0.));
#16853=DIRECTION('',(-1.,5.36375642917644E-17,0.));
#16854=DIRECTION('',(0.,0.,1.));
#16855=DIRECTION('center_axis',(-1.,0.,0.));
#16856=DIRECTION('ref_axis',(0.,-1.,0.));
#16857=DIRECTION('',(0.,1.,0.));
#16858=DIRECTION('',(0.,-1.,0.));
#16859=DIRECTION('',(0.,0.,1.));
#16860=DIRECTION('center_axis',(0.,-1.,0.));
#16861=DIRECTION('ref_axis',(1.,0.,0.));
#16862=DIRECTION('',(-1.,0.,0.));
#16863=DIRECTION('',(1.,0.,0.));
#16864=DIRECTION('',(0.,0.,1.));
#16865=DIRECTION('center_axis',(-1.,0.,0.));
#16866=DIRECTION('ref_axis',(0.,-1.,0.));
#16867=DIRECTION('',(0.,1.,0.));
#16868=DIRECTION('',(0.,-1.,0.));
#16869=DIRECTION('',(0.,0.,1.));
#16870=DIRECTION('center_axis',(0.,1.,0.));
#16871=DIRECTION('ref_axis',(-1.,0.,0.));
#16872=DIRECTION('',(1.,0.,0.));
#16873=DIRECTION('',(-1.,0.,0.));
#16874=DIRECTION('',(0.,0.,1.));
#16875=DIRECTION('center_axis',(0.0340250029426855,0.999420981956428,0.));
#16876=DIRECTION('ref_axis',(-0.999420981956428,0.0340250029426855,0.));
#16877=DIRECTION('',(0.999420981956428,-0.0340250029426855,0.));
#16878=DIRECTION('',(-0.999420981956428,0.0340250029426855,0.));
#16879=DIRECTION('',(0.,0.,1.));
#16880=DIRECTION('center_axis',(0.119004240131734,0.992893745992324,0.));
#16881=DIRECTION('ref_axis',(-0.992893745992323,0.119004240131734,0.));
#16882=DIRECTION('',(0.992893745992323,-0.119004240131734,0.));
#16883=DIRECTION('',(-0.992893745992323,0.119004240131734,0.));
#16884=DIRECTION('',(0.,0.,1.));
#16885=DIRECTION('center_axis',(0.198476508508114,0.980105645106908,0.));
#16886=DIRECTION('ref_axis',(-0.980105645106908,0.198476508508114,0.));
#16887=DIRECTION('',(0.980105645106908,-0.198476508508114,0.));
#16888=DIRECTION('',(-0.980105645106908,0.198476508508114,0.));
#16889=DIRECTION('',(0.,0.,1.));
#16890=DIRECTION('center_axis',(0.271375986464936,0.962473414682288,0.));
#16891=DIRECTION('ref_axis',(-0.962473414682288,0.271375986464936,0.));
#16892=DIRECTION('',(0.962473414682288,-0.271375986464936,0.));
#16893=DIRECTION('',(-0.962473414682288,0.271375986464936,0.));
#16894=DIRECTION('',(0.,0.,1.));
#16895=DIRECTION('center_axis',(0.34613179959726,0.938185896988205,0.));
#16896=DIRECTION('ref_axis',(-0.938185896988205,0.34613179959726,0.));
#16897=DIRECTION('',(0.938185896988205,-0.34613179959726,0.));
#16898=DIRECTION('',(-0.938185896988205,0.34613179959726,0.));
#16899=DIRECTION('',(0.,0.,1.));
#16900=DIRECTION('center_axis',(0.422101992989398,0.906548348139457,0.));
#16901=DIRECTION('ref_axis',(-0.906548348139457,0.422101992989398,0.));
#16902=DIRECTION('',(0.906548348139457,-0.422101992989398,0.));
#16903=DIRECTION('',(-0.906548348139457,0.422101992989398,0.));
#16904=DIRECTION('',(0.,0.,1.));
#16905=DIRECTION('center_axis',(0.482016236264219,0.87616228404199,0.));
#16906=DIRECTION('ref_axis',(-0.87616228404199,0.482016236264219,0.));
#16907=DIRECTION('',(0.87616228404199,-0.482016236264219,0.));
#16908=DIRECTION('',(-0.87616228404199,0.482016236264219,0.));
#16909=DIRECTION('',(0.,0.,1.));
#16910=DIRECTION('center_axis',(0.556584166641181,0.83079122855525,0.));
#16911=DIRECTION('ref_axis',(-0.83079122855525,0.556584166641181,0.));
#16912=DIRECTION('',(0.83079122855525,-0.556584166641181,0.));
#16913=DIRECTION('',(-0.83079122855525,0.556584166641181,0.));
#16914=DIRECTION('',(0.,0.,1.));
#16915=DIRECTION('center_axis',(0.618519417067266,0.78576951500473,0.));
#16916=DIRECTION('ref_axis',(-0.78576951500473,0.618519417067266,0.));
#16917=DIRECTION('',(0.78576951500473,-0.618519417067266,0.));
#16918=DIRECTION('',(-0.78576951500473,0.618519417067266,0.));
#16919=DIRECTION('',(0.,0.,1.));
#16920=DIRECTION('center_axis',(0.678638411299915,0.734472536388072,0.));
#16921=DIRECTION('ref_axis',(-0.734472536388072,0.678638411299915,0.));
#16922=DIRECTION('',(0.734472536388072,-0.678638411299915,0.));
#16923=DIRECTION('',(-0.734472536388072,0.678638411299915,0.));
#16924=DIRECTION('',(0.,0.,1.));
#16925=DIRECTION('center_axis',(0.734472536388119,0.678638411299864,0.));
#16926=DIRECTION('ref_axis',(-0.678638411299864,0.734472536388119,0.));
#16927=DIRECTION('',(0.678638411299864,-0.734472536388119,0.));
#16928=DIRECTION('',(-0.678638411299864,0.734472536388119,0.));
#16929=DIRECTION('',(0.,0.,1.));
#16930=DIRECTION('center_axis',(0.785964471737742,0.618271662916886,0.));
#16931=DIRECTION('ref_axis',(-0.618271662916886,0.785964471737742,0.));
#16932=DIRECTION('',(0.618271662916886,-0.785964471737742,0.));
#16933=DIRECTION('',(-0.618271662916886,0.785964471737742,0.));
#16934=DIRECTION('',(0.,0.,1.));
#16935=DIRECTION('center_axis',(0.83063294257365,0.556820361257955,0.));
#16936=DIRECTION('ref_axis',(-0.556820361257955,0.83063294257365,0.));
#16937=DIRECTION('',(0.556820361257955,-0.83063294257365,0.));
#16938=DIRECTION('',(-0.556820361257955,0.83063294257365,0.));
#16939=DIRECTION('',(0.,0.,1.));
#16940=DIRECTION('center_axis',(0.87616228404199,0.482016236264219,0.));
#16941=DIRECTION('ref_axis',(-0.482016236264219,0.87616228404199,0.));
#16942=DIRECTION('',(0.482016236264219,-0.87616228404199,0.));
#16943=DIRECTION('',(-0.482016236264219,0.87616228404199,0.));
#16944=DIRECTION('',(0.,0.,1.));
#16945=DIRECTION('center_axis',(0.906911531662349,0.421321105260409,0.));
#16946=DIRECTION('ref_axis',(-0.421321105260409,0.906911531662349,0.));
#16947=DIRECTION('',(0.421321105260409,-0.906911531662349,0.));
#16948=DIRECTION('',(-0.421321105260409,0.906911531662349,0.));
#16949=DIRECTION('',(0.,0.,1.));
#16950=DIRECTION('center_axis',(0.938794058747318,0.3444789039415,0.));
#16951=DIRECTION('ref_axis',(-0.3444789039415,0.938794058747318,0.));
#16952=DIRECTION('',(0.3444789039415,-0.938794058747318,0.));
#16953=DIRECTION('',(-0.3444789039415,0.938794058747318,0.));
#16954=DIRECTION('',(0.,0.,1.));
#16955=DIRECTION('center_axis',(0.96194601640905,0.273239567988897,0.));
#16956=DIRECTION('ref_axis',(-0.273239567988897,0.961946016409051,0.));
#16957=DIRECTION('',(0.273239567988897,-0.961946016409051,0.));
#16958=DIRECTION('',(-0.273239567988897,0.961946016409051,0.));
#16959=DIRECTION('',(0.,0.,1.));
#16960=DIRECTION('center_axis',(0.980105645106891,0.198476508508201,0.));
#16961=DIRECTION('ref_axis',(-0.198476508508201,0.980105645106891,0.));
#16962=DIRECTION('',(0.198476508508201,-0.980105645106891,0.));
#16963=DIRECTION('',(-0.198476508508201,0.980105645106891,0.));
#16964=DIRECTION('',(0.,0.,1.));
#16965=DIRECTION('center_axis',(0.99299394266786,0.118165264883289,0.));
#16966=DIRECTION('ref_axis',(-0.118165264883289,0.99299394266786,0.));
#16967=DIRECTION('',(0.118165264883289,-0.99299394266786,0.));
#16968=DIRECTION('',(-0.118165264883289,0.99299394266786,0.));
#16969=DIRECTION('',(0.,0.,1.));
#16970=DIRECTION('center_axis',(0.999141912354328,0.0414178581886679,0.));
#16971=DIRECTION('ref_axis',(-0.0414178581886679,0.999141912354328,0.));
#16972=DIRECTION('',(0.0414178581886679,-0.999141912354328,0.));
#16973=DIRECTION('',(-0.0414178581886679,0.999141912354328,0.));
#16974=DIRECTION('',(0.,0.,1.));
#16975=DIRECTION('center_axis',(1.,0.,0.));
#16976=DIRECTION('ref_axis',(0.,1.,0.));
#16977=DIRECTION('',(0.,-1.,0.));
#16978=DIRECTION('',(0.,1.,0.));
#16979=DIRECTION('',(0.,0.,1.));
#16980=DIRECTION('center_axis',(0.999144363137059,-0.0413586945084093,0.));
#16981=DIRECTION('ref_axis',(0.0413586945084093,0.999144363137059,0.));
#16982=DIRECTION('',(-0.0413586945084093,-0.999144363137059,0.));
#16983=DIRECTION('',(0.0413586945084093,0.999144363137059,0.));
#16984=DIRECTION('',(0.,0.,1.));
#16985=DIRECTION('center_axis',(0.992986146750142,-0.118230758951744,0.));
#16986=DIRECTION('ref_axis',(0.118230758951744,0.992986146750142,0.));
#16987=DIRECTION('',(-0.118230758951744,-0.992986146750142,0.));
#16988=DIRECTION('',(0.118230758951744,0.992986146750142,0.));
#16989=DIRECTION('',(0.,0.,1.));
#16990=DIRECTION('center_axis',(0.980093549076841,-0.198536231096399,0.));
#16991=DIRECTION('ref_axis',(0.198536231096399,0.980093549076841,0.));
#16992=DIRECTION('',(-0.198536231096399,-0.980093549076841,0.));
#16993=DIRECTION('',(0.198536231096399,0.980093549076841,0.));
#16994=DIRECTION('',(0.,0.,1.));
#16995=DIRECTION('center_axis',(0.961984048185875,-0.273105640798421,0.));
#16996=DIRECTION('ref_axis',(0.273105640798421,0.961984048185875,0.));
#16997=DIRECTION('',(-0.273105640798421,-0.961984048185875,0.));
#16998=DIRECTION('',(0.273105640798421,0.961984048185875,0.));
#16999=DIRECTION('',(0.,0.,1.));
#17000=DIRECTION('center_axis',(0.938884532766474,-0.344232238658555,0.));
#17001=DIRECTION('ref_axis',(0.344232238658555,0.938884532766474,0.));
#17002=DIRECTION('',(-0.344232238658555,-0.938884532766474,0.));
#17003=DIRECTION('',(0.344232238658555,0.938884532766474,0.));
#17004=DIRECTION('',(0.,0.,1.));
#17005=DIRECTION('center_axis',(0.906884362811865,-0.421379582428145,0.));
#17006=DIRECTION('ref_axis',(0.421379582428145,0.906884362811865,0.));
#17007=DIRECTION('',(-0.421379582428145,-0.906884362811865,0.));
#17008=DIRECTION('',(0.421379582428145,0.906884362811865,0.));
#17009=DIRECTION('',(0.,0.,1.));
#17010=DIRECTION('center_axis',(0.875866766034714,-0.48255301072099,0.));
#17011=DIRECTION('ref_axis',(0.48255301072099,0.875866766034714,0.));
#17012=DIRECTION('',(-0.48255301072099,-0.875866766034714,0.));
#17013=DIRECTION('',(0.48255301072099,0.875866766034714,0.));
#17014=DIRECTION('',(0.,0.,1.));
#17015=DIRECTION('center_axis',(0.830648780239799,-0.55679673480197,0.));
#17016=DIRECTION('ref_axis',(0.55679673480197,0.830648780239798,0.));
#17017=DIRECTION('',(-0.55679673480197,-0.830648780239798,0.));
#17018=DIRECTION('',(0.55679673480197,0.830648780239798,0.));
#17019=DIRECTION('',(0.,0.,1.));
#17020=DIRECTION('center_axis',(0.786240908034422,-0.617920087497734,0.));
#17021=DIRECTION('ref_axis',(0.617920087497734,0.786240908034422,0.));
#17022=DIRECTION('',(-0.617920087497734,-0.786240908034422,0.));
#17023=DIRECTION('',(0.617920087497734,0.786240908034422,0.));
#17024=DIRECTION('',(0.,0.,1.));
#17025=DIRECTION('center_axis',(0.734463185483874,-0.678648531398161,0.));
#17026=DIRECTION('ref_axis',(0.678648531398161,0.734463185483874,0.));
#17027=DIRECTION('',(-0.678648531398161,-0.734463185483874,0.));
#17028=DIRECTION('',(0.678648531398161,0.734463185483874,0.));
#17029=DIRECTION('',(0.,0.,1.));
#17030=DIRECTION('center_axis',(0.678548036750336,-0.734556030417193,0.));
#17031=DIRECTION('ref_axis',(0.734556030417193,0.678548036750336,0.));
#17032=DIRECTION('',(-0.734556030417193,-0.678548036750336,0.));
#17033=DIRECTION('',(0.734556030417193,0.678548036750336,0.));
#17034=DIRECTION('',(0.,0.,1.));
#17035=DIRECTION('center_axis',(0.618418654641694,-0.785848819806429,0.));
#17036=DIRECTION('ref_axis',(0.785848819806429,0.618418654641694,0.));
#17037=DIRECTION('',(-0.785848819806429,-0.618418654641694,0.));
#17038=DIRECTION('',(0.785848819806429,0.618418654641694,0.));
#17039=DIRECTION('',(0.,0.,1.));
#17040=DIRECTION('center_axis',(0.556115152407207,-0.831105250412431,0.));
#17041=DIRECTION('ref_axis',(0.831105250412431,0.556115152407207,0.));
#17042=DIRECTION('',(-0.831105250412431,-0.556115152407207,0.));
#17043=DIRECTION('',(0.831105250412431,0.556115152407207,0.));
#17044=DIRECTION('',(0.,0.,1.));
#17045=DIRECTION('center_axis',(0.482733186244234,-0.875767475360035,0.));
#17046=DIRECTION('ref_axis',(0.875767475360035,0.482733186244234,0.));
#17047=DIRECTION('',(-0.875767475360035,-0.482733186244234,0.));
#17048=DIRECTION('',(0.875767475360035,0.482733186244234,0.));
#17049=DIRECTION('',(0.,0.,1.));
#17050=DIRECTION('center_axis',(0.422442080339296,-0.906389920927306,0.));
#17051=DIRECTION('ref_axis',(0.906389920927306,0.422442080339296,0.));
#17052=DIRECTION('',(-0.906389920927306,-0.422442080339296,0.));
#17053=DIRECTION('',(0.906389920927306,0.422442080339296,0.));
#17054=DIRECTION('',(0.,0.,1.));
#17055=DIRECTION('center_axis',(0.345339396649936,-0.938477863948563,0.));
#17056=DIRECTION('ref_axis',(0.938477863948563,0.345339396649936,0.));
#17057=DIRECTION('',(-0.938477863948563,-0.345339396649936,0.));
#17058=DIRECTION('',(0.938477863948563,0.345339396649936,0.));
#17059=DIRECTION('',(0.,0.,1.));
#17060=DIRECTION('center_axis',(0.272051163436184,-0.962282788203665,0.));
#17061=DIRECTION('ref_axis',(0.962282788203665,0.272051163436184,0.));
#17062=DIRECTION('',(-0.962282788203665,-0.272051163436184,0.));
#17063=DIRECTION('',(0.962282788203665,0.272051163436184,0.));
#17064=DIRECTION('',(0.,0.,1.));
#17065=DIRECTION('center_axis',(0.19741968225566,-0.980319064926351,0.));
#17066=DIRECTION('ref_axis',(0.980319064926351,0.19741968225566,0.));
#17067=DIRECTION('',(-0.980319064926351,-0.19741968225566,0.));
#17068=DIRECTION('',(0.980319064926351,0.19741968225566,0.));
#17069=DIRECTION('',(0.,0.,1.));
#17070=DIRECTION('center_axis',(0.119643629502157,-0.992816902515036,0.));
#17071=DIRECTION('ref_axis',(0.992816902515036,0.119643629502157,0.));
#17072=DIRECTION('',(-0.992816902515036,-0.119643629502157,0.));
#17073=DIRECTION('',(0.992816902515036,0.119643629502157,0.));
#17074=DIRECTION('',(0.,0.,1.));
#17075=DIRECTION('center_axis',(0.0349887261266097,-0.999387707070703,0.));
#17076=DIRECTION('ref_axis',(0.999387707070703,0.0349887261266097,0.));
#17077=DIRECTION('',(-0.999387707070703,-0.0349887261266097,0.));
#17078=DIRECTION('',(0.999387707070703,0.0349887261266097,0.));
#17079=DIRECTION('',(0.,0.,1.));
#17080=DIRECTION('center_axis',(0.,-1.,0.));
#17081=DIRECTION('ref_axis',(1.,0.,0.));
#17082=DIRECTION('',(-1.,0.,0.));
#17083=DIRECTION('',(1.,0.,0.));
#17084=DIRECTION('',(0.,0.,1.));
#17085=DIRECTION('center_axis',(-0.0351869454322923,-0.999380747698866,
0.));
#17086=DIRECTION('ref_axis',(0.999380747698866,-0.0351869454322923,0.));
#17087=DIRECTION('',(-0.999380747698866,0.0351869454322923,0.));
#17088=DIRECTION('',(0.999380747698866,-0.0351869454322923,0.));
#17089=DIRECTION('',(0.,0.,1.));
#17090=DIRECTION('center_axis',(-0.118872100413945,-0.992909574806879,0.));
#17091=DIRECTION('ref_axis',(0.992909574806879,-0.118872100413945,0.));
#17092=DIRECTION('',(-0.992909574806879,0.118872100413945,0.));
#17093=DIRECTION('',(0.992909574806879,-0.118872100413945,0.));
#17094=DIRECTION('',(0.,0.,1.));
#17095=DIRECTION('center_axis',(-0.197479112724895,-0.980307094760304,0.));
#17096=DIRECTION('ref_axis',(0.980307094760304,-0.197479112724895,0.));
#17097=DIRECTION('',(-0.980307094760304,0.197479112724895,0.));
#17098=DIRECTION('',(0.980307094760304,-0.197479112724895,0.));
#17099=DIRECTION('',(0.,0.,1.));
#17100=DIRECTION('center_axis',(-0.273797842685304,-0.961787264077079,0.));
#17101=DIRECTION('ref_axis',(0.961787264077079,-0.273797842685304,0.));
#17102=DIRECTION('',(-0.961787264077079,0.273797842685304,0.));
#17103=DIRECTION('',(0.961787264077079,-0.273797842685304,0.));
#17104=DIRECTION('',(0.,0.,1.));
#17105=DIRECTION('center_axis',(-0.343426609261944,-0.939179516413579,0.));
#17106=DIRECTION('ref_axis',(0.939179516413579,-0.343426609261944,0.));
#17107=DIRECTION('',(-0.939179516413579,0.343426609261944,0.));
#17108=DIRECTION('',(0.939179516413579,-0.343426609261944,0.));
#17109=DIRECTION('',(0.,0.,1.));
#17110=DIRECTION('center_axis',(-0.421719339760624,-0.906726418756983,0.));
#17111=DIRECTION('ref_axis',(0.906726418756983,-0.421719339760623,0.));
#17112=DIRECTION('',(-0.906726418756983,0.421719339760623,0.));
#17113=DIRECTION('',(0.906726418756983,-0.421719339760623,0.));
#17114=DIRECTION('',(0.,0.,1.));
#17115=DIRECTION('center_axis',(-0.483248770967667,-0.875483081137631,0.));
#17116=DIRECTION('ref_axis',(0.875483081137631,-0.483248770967667,0.));
#17117=DIRECTION('',(-0.875483081137631,0.483248770967667,0.));
#17118=DIRECTION('',(0.875483081137631,-0.483248770967667,0.));
#17119=DIRECTION('',(0.,0.,1.));
#17120=DIRECTION('center_axis',(-0.556351326541134,-0.830947171278608,0.));
#17121=DIRECTION('ref_axis',(0.830947171278608,-0.556351326541134,0.));
#17122=DIRECTION('',(-0.830947171278608,0.556351326541134,0.));
#17123=DIRECTION('',(0.830947171278608,-0.556351326541134,0.));
#17124=DIRECTION('',(0.,0.,1.));
#17125=DIRECTION('center_axis',(-0.617819301921537,-0.786320106682504,0.));
#17126=DIRECTION('ref_axis',(0.786320106682504,-0.617819301921537,0.));
#17127=DIRECTION('',(-0.786320106682504,0.617819301921537,0.));
#17128=DIRECTION('',(0.786320106682504,-0.617819301921537,0.));
#17129=DIRECTION('',(0.,0.,1.));
#17130=DIRECTION('center_axis',(-0.678560688091607,-0.734544343505989,0.));
#17131=DIRECTION('ref_axis',(0.734544343505989,-0.678560688091607,0.));
#17132=DIRECTION('',(-0.734544343505989,0.678560688091607,0.));
#17133=DIRECTION('',(0.734544343505989,-0.678560688091607,0.));
#17134=DIRECTION('',(0.,0.,1.));
#17135=DIRECTION('center_axis',(-0.734536559860347,-0.678569113818575,0.));
#17136=DIRECTION('ref_axis',(0.678569113818575,-0.734536559860347,0.));
#17137=DIRECTION('',(-0.678569113818575,0.734536559860347,0.));
#17138=DIRECTION('',(0.678569113818575,-0.734536559860347,0.));
#17139=DIRECTION('',(0.,0.,1.));
#17140=DIRECTION('center_axis',(-0.786322581689156,-0.617816151881529,0.));
#17141=DIRECTION('ref_axis',(0.617816151881529,-0.786322581689156,0.));
#17142=DIRECTION('',(-0.617816151881529,0.786322581689156,0.));
#17143=DIRECTION('',(0.617816151881529,-0.786322581689156,0.));
#17144=DIRECTION('',(0.,0.,1.));
#17145=DIRECTION('center_axis',(-0.830970075339682,-0.556317116301452,0.));
#17146=DIRECTION('ref_axis',(0.556317116301452,-0.830970075339682,0.));
#17147=DIRECTION('',(-0.556317116301452,0.830970075339682,0.));
#17148=DIRECTION('',(0.556317116301452,-0.830970075339682,0.));
#17149=DIRECTION('',(0.,0.,1.));
#17150=DIRECTION('center_axis',(-0.875471211599562,-0.48327027392588,0.));
#17151=DIRECTION('ref_axis',(0.48327027392588,-0.875471211599562,0.));
#17152=DIRECTION('',(-0.48327027392588,0.875471211599562,0.));
#17153=DIRECTION('',(0.48327027392588,-0.875471211599562,0.));
#17154=DIRECTION('',(0.,0.,1.));
#17155=DIRECTION('center_axis',(-0.906722517989796,-0.421727726584634,0.));
#17156=DIRECTION('ref_axis',(0.421727726584634,-0.906722517989796,0.));
#17157=DIRECTION('',(-0.421727726584634,0.906722517989796,0.));
#17158=DIRECTION('',(0.421727726584634,-0.906722517989796,0.));
#17159=DIRECTION('',(0.,0.,1.));
#17160=DIRECTION('center_axis',(-0.939173517469926,-0.343443014317028,0.));
#17161=DIRECTION('ref_axis',(0.343443014317028,-0.939173517469926,0.));
#17162=DIRECTION('',(-0.343443014317028,0.939173517469926,0.));
#17163=DIRECTION('',(0.343443014317028,-0.939173517469926,0.));
#17164=DIRECTION('',(0.,0.,1.));
#17165=DIRECTION('center_axis',(-0.961792424309082,-0.273779715358278,0.));
#17166=DIRECTION('ref_axis',(0.273779715358278,-0.961792424309081,0.));
#17167=DIRECTION('',(-0.273779715358278,0.961792424309081,0.));
#17168=DIRECTION('',(0.273779715358278,-0.961792424309081,0.));
#17169=DIRECTION('',(0.,0.,1.));
#17170=DIRECTION('center_axis',(-0.980307094760304,-0.197479112724895,0.));
#17171=DIRECTION('ref_axis',(0.197479112724895,-0.980307094760304,0.));
#17172=DIRECTION('',(-0.197479112724895,0.980307094760304,0.));
#17173=DIRECTION('',(0.197479112724895,-0.980307094760304,0.));
#17174=DIRECTION('',(0.,0.,1.));
#17175=DIRECTION('center_axis',(-0.992910291759261,-0.118866111733069,0.));
#17176=DIRECTION('ref_axis',(0.118866111733069,-0.992910291759261,0.));
#17177=DIRECTION('',(-0.118866111733069,0.992910291759261,0.));
#17178=DIRECTION('',(0.118866111733069,-0.992910291759261,0.));
#17179=DIRECTION('',(0.,0.,1.));
#17180=DIRECTION('center_axis',(-0.999380612619485,-0.0351907817518055,
0.));
#17181=DIRECTION('ref_axis',(0.0351907817518055,-0.999380612619485,0.));
#17182=DIRECTION('',(-0.0351907817518055,0.999380612619485,0.));
#17183=DIRECTION('',(0.0351907817518055,-0.999380612619485,0.));
#17184=DIRECTION('',(0.,0.,1.));
#17185=DIRECTION('center_axis',(-1.,0.,0.));
#17186=DIRECTION('ref_axis',(0.,-1.,0.));
#17187=DIRECTION('',(0.,1.,0.));
#17188=DIRECTION('',(0.,-1.,0.));
#17189=DIRECTION('',(0.,0.,1.));
#17190=DIRECTION('center_axis',(-0.999378837890199,0.0352411460829011,0.));
#17191=DIRECTION('ref_axis',(-0.0352411460829011,-0.999378837890199,0.));
#17192=DIRECTION('',(0.0352411460829011,0.999378837890198,0.));
#17193=DIRECTION('',(-0.0352411460829011,-0.999378837890198,0.));
#17194=DIRECTION('',(0.,0.,1.));
#17195=DIRECTION('center_axis',(-0.992918171089133,0.11880027576151,0.));
#17196=DIRECTION('ref_axis',(-0.11880027576151,-0.992918171089133,0.));
#17197=DIRECTION('',(0.11880027576151,0.992918171089133,0.));
#17198=DIRECTION('',(-0.11880027576151,-0.992918171089133,0.));
#17199=DIRECTION('',(0.,0.,1.));
#17200=DIRECTION('center_axis',(-0.980319064926351,0.19741968225566,0.));
#17201=DIRECTION('ref_axis',(-0.19741968225566,-0.980319064926351,0.));
#17202=DIRECTION('',(0.19741968225566,0.980319064926351,0.));
#17203=DIRECTION('',(-0.19741968225566,-0.980319064926351,0.));
#17204=DIRECTION('',(0.,0.,1.));
#17205=DIRECTION('center_axis',(-0.96175421218628,0.273913919584144,0.));
#17206=DIRECTION('ref_axis',(-0.273913919584144,-0.961754212186279,0.));
#17207=DIRECTION('',(0.273913919584144,0.961754212186279,0.));
#17208=DIRECTION('',(-0.273913919584144,-0.961754212186279,0.));
#17209=DIRECTION('',(0.,0.,1.));
#17210=DIRECTION('center_axis',(-0.939083430056768,0.343689265751515,0.));
#17211=DIRECTION('ref_axis',(-0.343689265751515,-0.939083430056768,0.));
#17212=DIRECTION('',(0.343689265751515,0.939083430056768,0.));
#17213=DIRECTION('',(-0.343689265751515,-0.939083430056768,0.));
#17214=DIRECTION('',(0.,0.,1.));
#17215=DIRECTION('center_axis',(-0.906749726898065,0.421669221986008,0.));
#17216=DIRECTION('ref_axis',(-0.421669221986008,-0.906749726898065,0.));
#17217=DIRECTION('',(0.421669221986008,0.906749726898065,0.));
#17218=DIRECTION('',(-0.421669221986008,-0.906749726898065,0.));
#17219=DIRECTION('',(0.,0.,1.));
#17220=DIRECTION('center_axis',(-0.875767475360035,0.482733186244234,0.));
#17221=DIRECTION('ref_axis',(-0.482733186244234,-0.875767475360035,0.));
#17222=DIRECTION('',(0.482733186244234,0.875767475360035,0.));
#17223=DIRECTION('',(-0.482733186244234,-0.875767475360035,0.));
#17224=DIRECTION('',(0.,0.,1.));
#17225=DIRECTION('center_axis',(-0.830954258830318,0.556340740672258,0.));
#17226=DIRECTION('ref_axis',(-0.556340740672258,-0.830954258830318,0.));
#17227=DIRECTION('',(0.556340740672258,0.830954258830318,0.));
#17228=DIRECTION('',(-0.556340740672258,-0.830954258830318,0.));
#17229=DIRECTION('',(0.,0.,1.));
#17230=DIRECTION('center_axis',(-0.786046209623933,0.618167741261098,0.));
#17231=DIRECTION('ref_axis',(-0.618167741261098,-0.786046209623933,0.));
#17232=DIRECTION('',(0.618167741261098,0.786046209623933,0.));
#17233=DIRECTION('',(-0.618167741261098,-0.786046209623933,0.));
#17234=DIRECTION('',(0.,0.,1.));
#17235=DIRECTION('center_axis',(-0.73454590951009,0.678558992882708,0.));
#17236=DIRECTION('ref_axis',(-0.678558992882708,-0.73454590951009,0.));
#17237=DIRECTION('',(0.678558992882708,0.73454590951009,0.));
#17238=DIRECTION('',(-0.678558992882708,-0.73454590951009,0.));
#17239=DIRECTION('',(0.,0.,1.));
#17240=DIRECTION('center_axis',(-0.67865106144984,0.734460847692377,0.));
#17241=DIRECTION('ref_axis',(-0.734460847692377,-0.67865106144984,0.));
#17242=DIRECTION('',(0.734460847692377,0.67865106144984,0.));
#17243=DIRECTION('',(-0.734460847692377,-0.67865106144984,0.));
#17244=DIRECTION('',(0.,0.,1.));
#17245=DIRECTION('center_axis',(-0.617920087497706,0.786240908034445,0.));
#17246=DIRECTION('ref_axis',(-0.786240908034445,-0.617920087497706,0.));
#17247=DIRECTION('',(0.786240908034445,0.617920087497706,0.));
#17248=DIRECTION('',(-0.786240908034445,-0.617920087497706,0.));
#17249=DIRECTION('',(0.,0.,1.));
#17250=DIRECTION('center_axis',(-0.556820361257871,0.830632942573707,0.));
#17251=DIRECTION('ref_axis',(-0.830632942573706,-0.556820361257871,0.));
#17252=DIRECTION('',(0.830632942573707,0.556820361257871,0.));
#17253=DIRECTION('',(-0.830632942573707,-0.556820361257871,0.));
#17254=DIRECTION('',(0.,0.,1.));
#17255=DIRECTION('center_axis',(-0.482531520272044,0.875878605711973,0.));
#17256=DIRECTION('ref_axis',(-0.875878605711973,-0.482531520272044,0.));
#17257=DIRECTION('',(0.875878605711973,0.482531520272044,0.));
#17258=DIRECTION('',(-0.875878605711973,-0.482531520272044,0.));
#17259=DIRECTION('',(0.,0.,1.));
#17260=DIRECTION('center_axis',(-0.421379582428182,0.906884362811848,0.));
#17261=DIRECTION('ref_axis',(-0.906884362811848,-0.421379582428182,0.));
#17262=DIRECTION('',(0.906884362811848,0.421379582428182,0.));
#17263=DIRECTION('',(-0.906884362811848,-0.421379582428182,0.));
#17264=DIRECTION('',(0.,0.,1.));
#17265=DIRECTION('center_axis',(-0.344215806021567,0.938890557458601,0.));
#17266=DIRECTION('ref_axis',(-0.938890557458601,-0.344215806021567,0.));
#17267=DIRECTION('',(0.938890557458601,0.344215806021567,0.));
#17268=DIRECTION('',(-0.938890557458601,-0.344215806021567,0.));
#17269=DIRECTION('',(0.,0.,1.));
#17270=DIRECTION('center_axis',(-0.27311902784753,0.961980247524667,0.));
#17271=DIRECTION('ref_axis',(-0.961980247524667,-0.27311902784753,0.));
#17272=DIRECTION('',(0.961980247524667,0.27311902784753,0.));
#17273=DIRECTION('',(-0.961980247524667,-0.27311902784753,0.));
#17274=DIRECTION('',(0.,0.,1.));
#17275=DIRECTION('center_axis',(-0.198536231096312,0.980093549076858,0.));
#17276=DIRECTION('ref_axis',(-0.980093549076858,-0.198536231096312,0.));
#17277=DIRECTION('',(0.980093549076858,0.198536231096312,0.));
#17278=DIRECTION('',(-0.980093549076858,-0.198536231096312,0.));
#17279=DIRECTION('',(0.,0.,1.));
#17280=DIRECTION('center_axis',(-0.118236716532687,0.992985437387462,0.));
#17281=DIRECTION('ref_axis',(-0.992985437387462,-0.118236716532687,0.));
#17282=DIRECTION('',(0.992985437387462,0.118236716532687,0.));
#17283=DIRECTION('',(-0.992985437387462,-0.118236716532687,0.));
#17284=DIRECTION('',(0.,0.,1.));
#17285=DIRECTION('center_axis',(-0.0342177754769107,0.999414400457294,0.));
#17286=DIRECTION('ref_axis',(-0.999414400457294,-0.0342177754769107,0.));
#17287=DIRECTION('',(0.999414400457294,0.0342177754769107,0.));
#17288=DIRECTION('',(-0.999414400457294,-0.0342177754769107,0.));
#17289=DIRECTION('center_axis',(0.,0.,1.));
#17290=DIRECTION('ref_axis',(1.,0.,0.));
#17291=DIRECTION('center_axis',(0.,0.,1.));
#17292=DIRECTION('ref_axis',(1.,0.,0.));
#17293=DIRECTION('axis',(0.,0.,1.));
#17294=DIRECTION('refdir',(1.,0.,0.));
#17295=DIRECTION('center_axis',(1.,0.,0.));
#17296=DIRECTION('ref_axis',(0.,-1.,0.));
#17297=DIRECTION('',(0.,-1.,0.));
#17298=DIRECTION('',(0.,0.,-1.));
#17299=DIRECTION('',(0.,1.,0.));
#17300=DIRECTION('',(0.,0.,-1.));
#17301=DIRECTION('center_axis',(0.,1.,0.));
#17302=DIRECTION('ref_axis',(1.,0.,0.));
#17303=DIRECTION('',(1.,0.,0.));
#17304=DIRECTION('',(0.,0.,-1.));
#17305=DIRECTION('',(-1.,0.,0.));
#17306=DIRECTION('center_axis',(-1.,0.,0.));
#17307=DIRECTION('ref_axis',(0.,1.,0.));
#17308=DIRECTION('',(0.,1.,0.));
#17309=DIRECTION('',(0.,0.,-1.));
#17310=DIRECTION('',(0.,-1.,0.));
#17311=DIRECTION('center_axis',(0.,-1.,0.));
#17312=DIRECTION('ref_axis',(-1.,0.,0.));
#17313=DIRECTION('',(-1.,0.,0.));
#17314=DIRECTION('',(1.,0.,0.));
#17315=DIRECTION('center_axis',(1.,0.,0.));
#17316=DIRECTION('ref_axis',(0.,-1.,0.));
#17317=DIRECTION('',(0.,-1.,0.));
#17318=DIRECTION('',(0.,0.,-1.));
#17319=DIRECTION('',(0.,1.,0.));
#17320=DIRECTION('',(0.,0.,-1.));
#17321=DIRECTION('center_axis',(0.,1.,0.));
#17322=DIRECTION('ref_axis',(1.,0.,0.));
#17323=DIRECTION('',(1.,0.,0.));
#17324=DIRECTION('',(0.,0.,-1.));
#17325=DIRECTION('',(-1.,0.,0.));
#17326=DIRECTION('center_axis',(-1.,0.,0.));
#17327=DIRECTION('ref_axis',(0.,1.,0.));
#17328=DIRECTION('',(0.,1.,0.));
#17329=DIRECTION('',(0.,0.,-1.));
#17330=DIRECTION('',(0.,-1.,0.));
#17331=DIRECTION('center_axis',(0.,-1.,0.));
#17332=DIRECTION('ref_axis',(-1.,0.,0.));
#17333=DIRECTION('',(-1.,0.,0.));
#17334=DIRECTION('',(1.,0.,0.));
#17335=DIRECTION('center_axis',(0.453803790274446,-0.891101632774033,0.));
#17336=DIRECTION('ref_axis',(0.891101632774033,0.453803790274446,0.));
#17337=DIRECTION('',(0.891101632774033,0.453803790274446,0.));
#17338=DIRECTION('',(0.,0.,1.));
#17339=DIRECTION('',(0.891101632774033,0.453803790274446,0.));
#17340=DIRECTION('',(0.,0.,1.));
#17341=DIRECTION('center_axis',(0.707086815160916,-0.70712674664843,0.));
#17342=DIRECTION('ref_axis',(0.70712674664843,0.707086815160916,0.));
#17343=DIRECTION('',(0.70712674664843,0.707086815160916,0.));
#17344=DIRECTION('',(0.70712674664843,0.707086815160916,0.));
#17345=DIRECTION('',(0.,0.,1.));
#17346=DIRECTION('center_axis',(0.891105742942366,-0.453795719344216,0.));
#17347=DIRECTION('ref_axis',(0.453795719344216,0.891105742942366,0.));
#17348=DIRECTION('',(0.453795719344216,0.891105742942366,0.));
#17349=DIRECTION('',(0.453795719344216,0.891105742942366,0.));
#17350=DIRECTION('',(0.,0.,1.));
#17351=DIRECTION('center_axis',(0.98805207681248,-0.154120386407978,0.));
#17352=DIRECTION('ref_axis',(0.154120386407978,0.98805207681248,0.));
#17353=DIRECTION('',(0.154120386407978,0.98805207681248,0.));
#17354=DIRECTION('',(0.154120386407978,0.98805207681248,0.));
#17355=DIRECTION('',(0.,0.,1.));
#17356=DIRECTION('center_axis',(0.987985386562192,0.154547325889372,0.));
#17357=DIRECTION('ref_axis',(-0.154547325889372,0.987985386562192,0.));
#17358=DIRECTION('',(-0.154547325889372,0.987985386562192,0.));
#17359=DIRECTION('',(-0.154547325889372,0.987985386562192,0.));
#17360=DIRECTION('',(0.,0.,1.));
#17361=DIRECTION('center_axis',(0.891101632774033,0.453803790274446,0.));
#17362=DIRECTION('ref_axis',(-0.453803790274446,0.891101632774033,0.));
#17363=DIRECTION('',(-0.453803790274446,0.891101632774033,0.));
#17364=DIRECTION('',(-0.453803790274446,0.891101632774033,0.));
#17365=DIRECTION('',(0.,0.,1.));
#17366=DIRECTION('center_axis',(0.707106781186548,0.707106781186547,0.));
#17367=DIRECTION('ref_axis',(-0.707106781186547,0.707106781186548,0.));
#17368=DIRECTION('',(-0.707106781186547,0.707106781186548,0.));
#17369=DIRECTION('',(-0.707106781186547,0.707106781186548,0.));
#17370=DIRECTION('',(0.,0.,1.));
#17371=DIRECTION('center_axis',(0.453803790274445,0.891101632774033,0.));
#17372=DIRECTION('ref_axis',(-0.891101632774033,0.453803790274445,0.));
#17373=DIRECTION('',(-0.891101632774033,0.453803790274445,0.));
#17374=DIRECTION('',(-0.891101632774033,0.453803790274445,0.));
#17375=DIRECTION('',(0.,0.,1.));
#17376=DIRECTION('center_axis',(0.154129510678771,0.988050653528412,0.));
#17377=DIRECTION('ref_axis',(-0.988050653528412,0.154129510678771,0.));
#17378=DIRECTION('',(-0.988050653528412,0.154129510678771,0.));
#17379=DIRECTION('',(-0.988050653528412,0.154129510678771,0.));
#17380=DIRECTION('',(0.,0.,1.));
#17381=DIRECTION('center_axis',(-0.154538152690645,0.987986821452069,0.));
#17382=DIRECTION('ref_axis',(-0.987986821452069,-0.154538152690645,0.));
#17383=DIRECTION('',(-0.987986821452069,-0.154538152690645,0.));
#17384=DIRECTION('',(-0.987986821452069,-0.154538152690645,0.));
#17385=DIRECTION('',(0.,0.,1.));
#17386=DIRECTION('center_axis',(-0.453795719344215,0.891105742942366,0.));
#17387=DIRECTION('ref_axis',(-0.891105742942366,-0.453795719344215,0.));
#17388=DIRECTION('',(-0.891105742942366,-0.453795719344215,0.));
#17389=DIRECTION('',(-0.891105742942366,-0.453795719344215,0.));
#17390=DIRECTION('',(0.,0.,1.));
#17391=DIRECTION('center_axis',(-0.707126746648431,0.707086815160915,0.));
#17392=DIRECTION('ref_axis',(-0.707086815160915,-0.707126746648431,0.));
#17393=DIRECTION('',(-0.707086815160915,-0.707126746648431,0.));
#17394=DIRECTION('',(-0.707086815160915,-0.707126746648431,0.));
#17395=DIRECTION('',(0.,0.,1.));
#17396=DIRECTION('center_axis',(-0.891101632774034,0.453803790274444,0.));
#17397=DIRECTION('ref_axis',(-0.453803790274444,-0.891101632774034,0.));
#17398=DIRECTION('',(-0.453803790274444,-0.891101632774034,0.));
#17399=DIRECTION('',(-0.453803790274444,-0.891101632774034,0.));
#17400=DIRECTION('',(0.,0.,1.));
#17401=DIRECTION('center_axis',(-0.987556787788161,0.157262808360811,0.));
#17402=DIRECTION('ref_axis',(-0.157262808360811,-0.987556787788161,0.));
#17403=DIRECTION('',(-0.157262808360811,-0.987556787788161,0.));
#17404=DIRECTION('',(-0.157262808360811,-0.987556787788161,0.));
#17405=DIRECTION('',(0.,0.,1.));
#17406=DIRECTION('center_axis',(-0.987625812488147,-0.156828742605198,0.));
#17407=DIRECTION('ref_axis',(0.156828742605198,-0.987625812488147,0.));
#17408=DIRECTION('',(0.156828742605198,-0.987625812488147,0.));
#17409=DIRECTION('',(0.156828742605198,-0.987625812488147,0.));
#17410=DIRECTION('',(0.,0.,1.));
#17411=DIRECTION('center_axis',(-0.891105742942367,-0.453795719344214,0.));
#17412=DIRECTION('ref_axis',(0.453795719344214,-0.891105742942367,0.));
#17413=DIRECTION('',(0.453795719344214,-0.891105742942367,0.));
#17414=DIRECTION('',(0.453795719344214,-0.891105742942367,0.));
#17415=DIRECTION('',(0.,0.,1.));
#17416=DIRECTION('center_axis',(-0.707106781186548,-0.707106781186548,0.));
#17417=DIRECTION('ref_axis',(0.707106781186548,-0.707106781186548,0.));
#17418=DIRECTION('',(0.707106781186548,-0.707106781186548,0.));
#17419=DIRECTION('',(0.707106781186548,-0.707106781186548,0.));
#17420=DIRECTION('',(0.,0.,1.));
#17421=DIRECTION('center_axis',(-0.453795719344216,-0.891105742942366,0.));
#17422=DIRECTION('ref_axis',(0.891105742942366,-0.453795719344216,0.));
#17423=DIRECTION('',(0.891105742942366,-0.453795719344216,0.));
#17424=DIRECTION('',(0.891105742942366,-0.453795719344216,0.));
#17425=DIRECTION('',(0.,0.,1.));
#17426=DIRECTION('center_axis',(-0.154577247174419,-0.987980705609163,0.));
#17427=DIRECTION('ref_axis',(0.987980705609163,-0.154577247174419,0.));
#17428=DIRECTION('',(0.987980705609163,-0.154577247174419,0.));
#17429=DIRECTION('',(0.987980705609163,-0.154577247174419,0.));
#17430=DIRECTION('',(0.,0.,1.));
#17431=DIRECTION('center_axis',(0.154168506826185,-0.988044569593389,0.));
#17432=DIRECTION('ref_axis',(0.988044569593389,0.154168506826185,0.));
#17433=DIRECTION('',(0.988044569593389,0.154168506826185,0.));
#17434=DIRECTION('',(0.988044569593389,0.154168506826185,0.));
#17435=DIRECTION('center_axis',(1.,0.,0.));
#17436=DIRECTION('ref_axis',(0.,1.,0.));
#17437=DIRECTION('',(0.,1.,0.));
#17438=DIRECTION('',(0.,0.,1.));
#17439=DIRECTION('',(0.,1.,0.));
#17440=DIRECTION('',(0.,0.,1.));
#17441=DIRECTION('center_axis',(0.,-1.,0.));
#17442=DIRECTION('ref_axis',(1.,0.,0.));
#17443=DIRECTION('',(1.,0.,0.));
#17444=DIRECTION('',(1.,0.,0.));
#17445=DIRECTION('',(0.,0.,1.));
#17446=DIRECTION('center_axis',(1.,0.,0.));
#17447=DIRECTION('ref_axis',(0.,1.,0.));
#17448=DIRECTION('',(0.,1.,0.));
#17449=DIRECTION('',(0.,1.,0.));
#17450=DIRECTION('',(0.,0.,1.));
#17451=DIRECTION('center_axis',(0.,1.,0.));
#17452=DIRECTION('ref_axis',(-1.,0.,0.));
#17453=DIRECTION('',(-1.,0.,0.));
#17454=DIRECTION('',(-1.,0.,0.));
#17455=DIRECTION('',(0.,0.,1.));
#17456=DIRECTION('center_axis',(1.,0.,0.));
#17457=DIRECTION('ref_axis',(0.,1.,0.));
#17458=DIRECTION('',(0.,1.,0.));
#17459=DIRECTION('',(0.,1.,0.));
#17460=DIRECTION('',(0.,0.,1.));
#17461=DIRECTION('center_axis',(0.,-1.,0.));
#17462=DIRECTION('ref_axis',(1.,0.,0.));
#17463=DIRECTION('',(1.,0.,0.));
#17464=DIRECTION('',(1.,0.,0.));
#17465=DIRECTION('',(0.,0.,1.));
#17466=DIRECTION('center_axis',(1.,0.,0.));
#17467=DIRECTION('ref_axis',(0.,1.,0.));
#17468=DIRECTION('',(0.,1.,0.));
#17469=DIRECTION('',(0.,1.,0.));
#17470=DIRECTION('',(0.,0.,1.));
#17471=DIRECTION('center_axis',(0.,1.,0.));
#17472=DIRECTION('ref_axis',(-1.,0.,0.));
#17473=DIRECTION('',(-1.,0.,0.));
#17474=DIRECTION('',(-1.,0.,0.));
#17475=DIRECTION('',(0.,0.,1.));
#17476=DIRECTION('center_axis',(1.,0.,0.));
#17477=DIRECTION('ref_axis',(0.,1.,0.));
#17478=DIRECTION('',(0.,1.,0.));
#17479=DIRECTION('',(0.,1.,0.));
#17480=DIRECTION('',(0.,0.,1.));
#17481=DIRECTION('center_axis',(0.,1.,0.));
#17482=DIRECTION('ref_axis',(-1.,0.,0.));
#17483=DIRECTION('',(-1.,0.,0.));
#17484=DIRECTION('',(-1.,0.,0.));
#17485=DIRECTION('',(0.,0.,1.));
#17486=DIRECTION('center_axis',(-1.,0.,0.));
#17487=DIRECTION('ref_axis',(0.,-1.,0.));
#17488=DIRECTION('',(0.,-1.,0.));
#17489=DIRECTION('',(0.,-1.,0.));
#17490=DIRECTION('',(0.,0.,1.));
#17491=DIRECTION('center_axis',(0.,1.,0.));
#17492=DIRECTION('ref_axis',(-1.,0.,0.));
#17493=DIRECTION('',(-1.,0.,0.));
#17494=DIRECTION('',(-1.,0.,0.));
#17495=DIRECTION('',(0.,0.,1.));
#17496=DIRECTION('center_axis',(-1.,0.,0.));
#17497=DIRECTION('ref_axis',(0.,-1.,0.));
#17498=DIRECTION('',(0.,-1.,0.));
#17499=DIRECTION('',(0.,-1.,0.));
#17500=DIRECTION('',(0.,0.,1.));
#17501=DIRECTION('center_axis',(0.,-1.,0.));
#17502=DIRECTION('ref_axis',(1.,0.,0.));
#17503=DIRECTION('',(1.,0.,0.));
#17504=DIRECTION('',(1.,0.,0.));
#17505=DIRECTION('',(0.,0.,1.));
#17506=DIRECTION('center_axis',(-1.,0.,0.));
#17507=DIRECTION('ref_axis',(0.,-1.,0.));
#17508=DIRECTION('',(0.,-1.,0.));
#17509=DIRECTION('',(0.,-1.,0.));
#17510=DIRECTION('',(0.,0.,1.));
#17511=DIRECTION('center_axis',(0.,1.,0.));
#17512=DIRECTION('ref_axis',(-1.,0.,0.));
#17513=DIRECTION('',(-1.,0.,0.));
#17514=DIRECTION('',(-1.,0.,0.));
#17515=DIRECTION('',(0.,0.,1.));
#17516=DIRECTION('center_axis',(-1.,0.,0.));
#17517=DIRECTION('ref_axis',(0.,-1.,0.));
#17518=DIRECTION('',(0.,-1.,0.));
#17519=DIRECTION('',(0.,-1.,0.));
#17520=DIRECTION('',(0.,0.,1.));
#17521=DIRECTION('center_axis',(0.,-1.,0.));
#17522=DIRECTION('ref_axis',(1.,0.,0.));
#17523=DIRECTION('',(1.,0.,0.));
#17524=DIRECTION('',(1.,0.,0.));
#17525=DIRECTION('',(0.,0.,1.));
#17526=DIRECTION('center_axis',(-1.,0.,0.));
#17527=DIRECTION('ref_axis',(0.,-1.,0.));
#17528=DIRECTION('',(0.,-1.,0.));
#17529=DIRECTION('',(0.,-1.,0.));
#17530=DIRECTION('',(0.,0.,1.));
#17531=DIRECTION('center_axis',(0.,-1.,0.));
#17532=DIRECTION('ref_axis',(1.,0.,0.));
#17533=DIRECTION('',(1.,0.,0.));
#17534=DIRECTION('',(1.,0.,0.));
#17535=DIRECTION('center_axis',(0.453941034325249,-0.891031726346331,0.));
#17536=DIRECTION('ref_axis',(0.891031726346331,0.453941034325249,0.));
#17537=DIRECTION('',(0.891031726346331,0.453941034325249,0.));
#17538=DIRECTION('',(0.,0.,1.));
#17539=DIRECTION('',(0.891031726346331,0.453941034325249,0.));
#17540=DIRECTION('',(0.,0.,1.));
#17541=DIRECTION('center_axis',(0.70705686717966,-0.707156691670301,0.));
#17542=DIRECTION('ref_axis',(0.707156691670301,0.70705686717966,0.));
#17543=DIRECTION('',(0.707156691670301,0.707056867179659,0.));
#17544=DIRECTION('',(0.707156691670301,0.707056867179659,0.));
#17545=DIRECTION('',(0.,0.,1.));
#17546=DIRECTION('center_axis',(0.892129634609177,-0.451779498264471,0.));
#17547=DIRECTION('ref_axis',(0.451779498264471,0.892129634609176,0.));
#17548=DIRECTION('',(0.451779498264471,0.892129634609176,0.));
#17549=DIRECTION('',(0.451779498264471,0.892129634609176,0.));
#17550=DIRECTION('',(0.,0.,1.));
#17551=DIRECTION('center_axis',(0.987582488489118,-0.157101331724592,0.));
#17552=DIRECTION('ref_axis',(0.157101331724592,0.987582488489118,0.));
#17553=DIRECTION('',(0.157101331724592,0.987582488489118,0.));
#17554=DIRECTION('',(0.157101331724592,0.987582488489118,0.));
#17555=DIRECTION('',(0.,0.,1.));
#17556=DIRECTION('center_axis',(0.987513226696157,0.157536113637932,0.));
#17557=DIRECTION('ref_axis',(-0.157536113637932,0.987513226696157,0.));
#17558=DIRECTION('',(-0.157536113637932,0.987513226696157,0.));
#17559=DIRECTION('',(-0.157536113637932,0.987513226696157,0.));
#17560=DIRECTION('',(0.,0.,1.));
#17561=DIRECTION('center_axis',(0.892125556201772,0.451787551811335,0.));
#17562=DIRECTION('ref_axis',(-0.451787551811335,0.892125556201772,0.));
#17563=DIRECTION('',(-0.451787551811335,0.892125556201772,0.));
#17564=DIRECTION('',(-0.451787551811335,0.892125556201772,0.));
#17565=DIRECTION('',(0.,0.,1.));
#17566=DIRECTION('center_axis',(0.707076834050707,0.707136727054132,0.));
#17567=DIRECTION('ref_axis',(-0.707136727054131,0.707076834050707,0.));
#17568=DIRECTION('',(-0.707136727054131,0.707076834050707,0.));
#17569=DIRECTION('',(-0.707136727054131,0.707076834050707,0.));
#17570=DIRECTION('',(0.,0.,1.));
#17571=DIRECTION('center_axis',(0.453941034325248,0.891031726346332,0.));
#17572=DIRECTION('ref_axis',(-0.891031726346332,0.453941034325248,0.));
#17573=DIRECTION('',(-0.891031726346332,0.453941034325248,0.));
#17574=DIRECTION('',(-0.891031726346332,0.453941034325248,0.));
#17575=DIRECTION('',(0.,0.,1.));
#17576=DIRECTION('center_axis',(0.154068702357478,0.988060137316491,0.));
#17577=DIRECTION('ref_axis',(-0.988060137316491,0.154068702357478,0.));
#17578=DIRECTION('',(-0.988060137316491,0.154068702357478,0.));
#17579=DIRECTION('',(-0.988060137316491,0.154068702357478,0.));
#17580=DIRECTION('',(0.,0.,1.));
#17581=DIRECTION('center_axis',(-0.154587088850586,0.987979165752346,0.));
#17582=DIRECTION('ref_axis',(-0.987979165752346,-0.154587088850586,0.));
#17583=DIRECTION('',(-0.987979165752346,-0.154587088850586,0.));
#17584=DIRECTION('',(-0.987979165752346,-0.154587088850586,0.));
#17585=DIRECTION('',(0.,0.,1.));
#17586=DIRECTION('center_axis',(-0.453618222075949,0.891196111190267,0.));
#17587=DIRECTION('ref_axis',(-0.891196111190267,-0.453618222075949,0.));
#17588=DIRECTION('',(-0.891196111190267,-0.453618222075949,0.));
#17589=DIRECTION('',(-0.891196111190267,-0.453618222075949,0.));
#17590=DIRECTION('',(0.,0.,1.));
#17591=DIRECTION('center_axis',(-0.70717666276909,0.707036892697102,0.));
#17592=DIRECTION('ref_axis',(-0.707036892697102,-0.70717666276909,0.));
#17593=DIRECTION('',(-0.707036892697102,-0.70717666276909,0.));
#17594=DIRECTION('',(-0.707036892697102,-0.70717666276909,0.));
#17595=DIRECTION('',(0.,0.,1.));
#17596=DIRECTION('center_axis',(-0.891238821092399,0.453534302757609,0.));
#17597=DIRECTION('ref_axis',(-0.453534302757609,-0.891238821092399,0.));
#17598=DIRECTION('',(-0.453534302757609,-0.891238821092399,0.));
#17599=DIRECTION('',(-0.453534302757609,-0.891238821092399,0.));
#17600=DIRECTION('',(0.,0.,1.));
#17601=DIRECTION('center_axis',(-0.98751322669616,0.157536113637915,0.));
#17602=DIRECTION('ref_axis',(-0.157536113637915,-0.98751322669616,0.));
#17603=DIRECTION('',(-0.157536113637915,-0.98751322669616,0.));
#17604=DIRECTION('',(-0.157536113637915,-0.98751322669616,0.));
#17605=DIRECTION('',(0.,0.,1.));
#17606=DIRECTION('center_axis',(-0.987582488489121,-0.157101331724575,0.));
#17607=DIRECTION('ref_axis',(0.157101331724575,-0.987582488489121,0.));
#17608=DIRECTION('',(0.157101331724575,-0.987582488489121,0.));
#17609=DIRECTION('',(0.157101331724575,-0.987582488489121,0.));
#17610=DIRECTION('',(0.,0.,1.));
#17611=DIRECTION('center_axis',(-0.891242927012595,-0.453526234136486,0.));
#17612=DIRECTION('ref_axis',(0.453526234136486,-0.891242927012595,0.));
#17613=DIRECTION('',(0.453526234136486,-0.891242927012595,0.));
#17614=DIRECTION('',(0.453526234136486,-0.891242927012595,0.));
#17615=DIRECTION('',(0.,0.,1.));
#17616=DIRECTION('center_axis',(-0.707156698717067,-0.707056860131898,0.));
#17617=DIRECTION('ref_axis',(0.707056860131898,-0.707156698717067,0.));
#17618=DIRECTION('',(0.707056860131898,-0.707156698717067,0.));
#17619=DIRECTION('',(0.707056860131898,-0.707156698717067,0.));
#17620=DIRECTION('',(0.,0.,1.));
#17621=DIRECTION('center_axis',(-0.45361822207595,-0.891196111190267,0.));
#17622=DIRECTION('ref_axis',(0.891196111190266,-0.45361822207595,0.));
#17623=DIRECTION('',(0.891196111190266,-0.45361822207595,0.));
#17624=DIRECTION('',(0.891196111190266,-0.45361822207595,0.));
#17625=DIRECTION('',(0.,0.,1.));
#17626=DIRECTION('center_axis',(-0.154626195107758,-0.987973046082988,0.));
#17627=DIRECTION('ref_axis',(0.987973046082988,-0.154626195107758,0.));
#17628=DIRECTION('',(0.987973046082988,-0.154626195107758,0.));
#17629=DIRECTION('',(0.987973046082988,-0.154626195107758,0.));
#17630=DIRECTION('',(0.,0.,1.));
#17631=DIRECTION('center_axis',(0.154107683868443,-0.988054058122684,0.));
#17632=DIRECTION('ref_axis',(0.988054058122684,0.154107683868443,0.));
#17633=DIRECTION('',(0.988054058122684,0.154107683868443,0.));
#17634=DIRECTION('',(0.988054058122684,0.154107683868443,0.));
#17635=DIRECTION('center_axis',(1.,0.,0.));
#17636=DIRECTION('ref_axis',(0.,1.,0.));
#17637=DIRECTION('',(0.,1.,0.));
#17638=DIRECTION('',(0.,0.,1.));
#17639=DIRECTION('',(0.,1.,0.));
#17640=DIRECTION('',(0.,0.,1.));
#17641=DIRECTION('center_axis',(0.,-1.,0.));
#17642=DIRECTION('ref_axis',(1.,0.,0.));
#17643=DIRECTION('',(1.,0.,0.));
#17644=DIRECTION('',(1.,0.,0.));
#17645=DIRECTION('',(0.,0.,1.));
#17646=DIRECTION('center_axis',(1.,0.,0.));
#17647=DIRECTION('ref_axis',(0.,1.,0.));
#17648=DIRECTION('',(0.,1.,0.));
#17649=DIRECTION('',(0.,1.,0.));
#17650=DIRECTION('',(0.,0.,1.));
#17651=DIRECTION('center_axis',(0.,1.,0.));
#17652=DIRECTION('ref_axis',(-1.,0.,0.));
#17653=DIRECTION('',(-1.,0.,0.));
#17654=DIRECTION('',(-1.,0.,0.));
#17655=DIRECTION('',(0.,0.,1.));
#17656=DIRECTION('center_axis',(1.,0.,0.));
#17657=DIRECTION('ref_axis',(0.,1.,0.));
#17658=DIRECTION('',(0.,1.,0.));
#17659=DIRECTION('',(0.,1.,0.));
#17660=DIRECTION('',(0.,0.,1.));
#17661=DIRECTION('center_axis',(0.,-1.,0.));
#17662=DIRECTION('ref_axis',(1.,0.,0.));
#17663=DIRECTION('',(1.,0.,0.));
#17664=DIRECTION('',(1.,0.,0.));
#17665=DIRECTION('',(0.,0.,1.));
#17666=DIRECTION('center_axis',(1.,0.,0.));
#17667=DIRECTION('ref_axis',(0.,1.,0.));
#17668=DIRECTION('',(0.,1.,0.));
#17669=DIRECTION('',(0.,1.,0.));
#17670=DIRECTION('',(0.,0.,1.));
#17671=DIRECTION('center_axis',(0.,1.,0.));
#17672=DIRECTION('ref_axis',(-1.,0.,0.));
#17673=DIRECTION('',(-1.,0.,0.));
#17674=DIRECTION('',(-1.,0.,0.));
#17675=DIRECTION('',(0.,0.,1.));
#17676=DIRECTION('center_axis',(1.,0.,0.));
#17677=DIRECTION('ref_axis',(0.,1.,0.));
#17678=DIRECTION('',(0.,1.,0.));
#17679=DIRECTION('',(0.,1.,0.));
#17680=DIRECTION('',(0.,0.,1.));
#17681=DIRECTION('center_axis',(0.,1.,0.));
#17682=DIRECTION('ref_axis',(-1.,0.,0.));
#17683=DIRECTION('',(-1.,0.,0.));
#17684=DIRECTION('',(-1.,0.,0.));
#17685=DIRECTION('',(0.,0.,1.));
#17686=DIRECTION('center_axis',(-1.,0.,0.));
#17687=DIRECTION('ref_axis',(0.,-1.,0.));
#17688=DIRECTION('',(0.,-1.,0.));
#17689=DIRECTION('',(0.,-1.,0.));
#17690=DIRECTION('',(0.,0.,1.));
#17691=DIRECTION('center_axis',(0.,1.,0.));
#17692=DIRECTION('ref_axis',(-1.,0.,0.));
#17693=DIRECTION('',(-1.,0.,0.));
#17694=DIRECTION('',(-1.,0.,0.));
#17695=DIRECTION('',(0.,0.,1.));
#17696=DIRECTION('center_axis',(-1.,0.,0.));
#17697=DIRECTION('ref_axis',(0.,-1.,0.));
#17698=DIRECTION('',(0.,-1.,0.));
#17699=DIRECTION('',(0.,-1.,0.));
#17700=DIRECTION('',(0.,0.,1.));
#17701=DIRECTION('center_axis',(0.,-1.,0.));
#17702=DIRECTION('ref_axis',(1.,0.,0.));
#17703=DIRECTION('',(1.,0.,0.));
#17704=DIRECTION('',(1.,0.,0.));
#17705=DIRECTION('',(0.,0.,1.));
#17706=DIRECTION('center_axis',(-1.,0.,0.));
#17707=DIRECTION('ref_axis',(0.,-1.,0.));
#17708=DIRECTION('',(0.,-1.,0.));
#17709=DIRECTION('',(0.,-1.,0.));
#17710=DIRECTION('',(0.,0.,1.));
#17711=DIRECTION('center_axis',(0.,1.,0.));
#17712=DIRECTION('ref_axis',(-1.,0.,0.));
#17713=DIRECTION('',(-1.,0.,0.));
#17714=DIRECTION('',(-1.,0.,0.));
#17715=DIRECTION('',(0.,0.,1.));
#17716=DIRECTION('center_axis',(-1.,0.,0.));
#17717=DIRECTION('ref_axis',(0.,-1.,0.));
#17718=DIRECTION('',(0.,-1.,0.));
#17719=DIRECTION('',(0.,-1.,0.));
#17720=DIRECTION('',(0.,0.,1.));
#17721=DIRECTION('center_axis',(0.,-1.,0.));
#17722=DIRECTION('ref_axis',(1.,0.,0.));
#17723=DIRECTION('',(1.,0.,0.));
#17724=DIRECTION('',(1.,0.,0.));
#17725=DIRECTION('',(0.,0.,1.));
#17726=DIRECTION('center_axis',(-1.,0.,0.));
#17727=DIRECTION('ref_axis',(0.,-1.,0.));
#17728=DIRECTION('',(0.,-1.,0.));
#17729=DIRECTION('',(0.,-1.,0.));
#17730=DIRECTION('',(0.,0.,1.));
#17731=DIRECTION('center_axis',(0.,-1.,0.));
#17732=DIRECTION('ref_axis',(1.,0.,0.));
#17733=DIRECTION('',(1.,0.,0.));
#17734=DIRECTION('',(1.,0.,0.));
#17735=DIRECTION('center_axis',(1.,0.,0.));
#17736=DIRECTION('ref_axis',(0.,1.,0.));
#17737=DIRECTION('',(0.,1.,0.));
#17738=DIRECTION('',(0.,0.,1.));
#17739=DIRECTION('',(0.,1.,0.));
#17740=DIRECTION('',(0.,0.,1.));
#17741=DIRECTION('center_axis',(0.,-1.,0.));
#17742=DIRECTION('ref_axis',(1.,0.,0.));
#17743=DIRECTION('',(1.,0.,0.));
#17744=DIRECTION('',(1.,0.,0.));
#17745=DIRECTION('',(0.,0.,1.));
#17746=DIRECTION('center_axis',(1.,0.,0.));
#17747=DIRECTION('ref_axis',(0.,1.,0.));
#17748=DIRECTION('',(0.,1.,0.));
#17749=DIRECTION('',(0.,1.,0.));
#17750=DIRECTION('',(0.,0.,1.));
#17751=DIRECTION('center_axis',(0.,1.,0.));
#17752=DIRECTION('ref_axis',(-1.,0.,0.));
#17753=DIRECTION('',(-1.,0.,0.));
#17754=DIRECTION('',(-1.,0.,0.));
#17755=DIRECTION('',(0.,0.,1.));
#17756=DIRECTION('center_axis',(1.,0.,0.));
#17757=DIRECTION('ref_axis',(0.,1.,0.));
#17758=DIRECTION('',(0.,1.,0.));
#17759=DIRECTION('',(0.,1.,0.));
#17760=DIRECTION('',(0.,0.,1.));
#17761=DIRECTION('center_axis',(0.,-1.,0.));
#17762=DIRECTION('ref_axis',(1.,0.,0.));
#17763=DIRECTION('',(1.,0.,0.));
#17764=DIRECTION('',(1.,0.,0.));
#17765=DIRECTION('',(0.,0.,1.));
#17766=DIRECTION('center_axis',(1.,0.,0.));
#17767=DIRECTION('ref_axis',(0.,1.,0.));
#17768=DIRECTION('',(0.,1.,0.));
#17769=DIRECTION('',(0.,1.,0.));
#17770=DIRECTION('',(0.,0.,1.));
#17771=DIRECTION('center_axis',(0.,1.,0.));
#17772=DIRECTION('ref_axis',(-1.,0.,0.));
#17773=DIRECTION('',(-1.,0.,0.));
#17774=DIRECTION('',(-1.,0.,0.));
#17775=DIRECTION('',(0.,0.,1.));
#17776=DIRECTION('center_axis',(1.,0.,0.));
#17777=DIRECTION('ref_axis',(0.,1.,0.));
#17778=DIRECTION('',(0.,1.,0.));
#17779=DIRECTION('',(0.,1.,0.));
#17780=DIRECTION('',(0.,0.,1.));
#17781=DIRECTION('center_axis',(0.,1.,0.));
#17782=DIRECTION('ref_axis',(-1.,0.,0.));
#17783=DIRECTION('',(-1.,0.,0.));
#17784=DIRECTION('',(-1.,0.,0.));
#17785=DIRECTION('',(0.,0.,1.));
#17786=DIRECTION('center_axis',(-1.,0.,0.));
#17787=DIRECTION('ref_axis',(0.,-1.,0.));
#17788=DIRECTION('',(0.,-1.,0.));
#17789=DIRECTION('',(0.,-1.,0.));
#17790=DIRECTION('',(0.,0.,1.));
#17791=DIRECTION('center_axis',(0.,1.,0.));
#17792=DIRECTION('ref_axis',(-1.,0.,0.));
#17793=DIRECTION('',(-1.,0.,0.));
#17794=DIRECTION('',(-1.,0.,0.));
#17795=DIRECTION('',(0.,0.,1.));
#17796=DIRECTION('center_axis',(-1.,0.,0.));
#17797=DIRECTION('ref_axis',(0.,-1.,0.));
#17798=DIRECTION('',(0.,-1.,0.));
#17799=DIRECTION('',(0.,-1.,0.));
#17800=DIRECTION('',(0.,0.,1.));
#17801=DIRECTION('center_axis',(0.,-1.,0.));
#17802=DIRECTION('ref_axis',(1.,0.,0.));
#17803=DIRECTION('',(1.,0.,0.));
#17804=DIRECTION('',(1.,0.,0.));
#17805=DIRECTION('',(0.,0.,1.));
#17806=DIRECTION('center_axis',(-1.,0.,0.));
#17807=DIRECTION('ref_axis',(0.,-1.,0.));
#17808=DIRECTION('',(0.,-1.,0.));
#17809=DIRECTION('',(0.,-1.,0.));
#17810=DIRECTION('',(0.,0.,1.));
#17811=DIRECTION('center_axis',(0.,1.,0.));
#17812=DIRECTION('ref_axis',(-1.,0.,0.));
#17813=DIRECTION('',(-1.,0.,0.));
#17814=DIRECTION('',(-1.,0.,0.));
#17815=DIRECTION('',(0.,0.,1.));
#17816=DIRECTION('center_axis',(-1.,0.,0.));
#17817=DIRECTION('ref_axis',(0.,-1.,0.));
#17818=DIRECTION('',(0.,-1.,0.));
#17819=DIRECTION('',(0.,-1.,0.));
#17820=DIRECTION('',(0.,0.,1.));
#17821=DIRECTION('center_axis',(0.,-1.,0.));
#17822=DIRECTION('ref_axis',(1.,0.,0.));
#17823=DIRECTION('',(1.,0.,0.));
#17824=DIRECTION('',(1.,0.,0.));
#17825=DIRECTION('',(0.,0.,1.));
#17826=DIRECTION('center_axis',(-1.,0.,0.));
#17827=DIRECTION('ref_axis',(0.,-1.,0.));
#17828=DIRECTION('',(0.,-1.,0.));
#17829=DIRECTION('',(0.,-1.,0.));
#17830=DIRECTION('',(0.,0.,1.));
#17831=DIRECTION('center_axis',(0.,-1.,0.));
#17832=DIRECTION('ref_axis',(1.,0.,0.));
#17833=DIRECTION('',(1.,0.,0.));
#17834=DIRECTION('',(1.,0.,0.));
#17835=DIRECTION('center_axis',(1.,0.,0.));
#17836=DIRECTION('ref_axis',(0.,1.,0.));
#17837=DIRECTION('',(0.,1.,0.));
#17838=DIRECTION('',(0.,0.,1.));
#17839=DIRECTION('',(0.,1.,0.));
#17840=DIRECTION('',(0.,0.,1.));
#17841=DIRECTION('center_axis',(0.,-1.,0.));
#17842=DIRECTION('ref_axis',(1.,0.,0.));
#17843=DIRECTION('',(1.,0.,0.));
#17844=DIRECTION('',(1.,0.,0.));
#17845=DIRECTION('',(0.,0.,1.));
#17846=DIRECTION('center_axis',(1.,0.,0.));
#17847=DIRECTION('ref_axis',(0.,1.,0.));
#17848=DIRECTION('',(0.,1.,0.));
#17849=DIRECTION('',(0.,1.,0.));
#17850=DIRECTION('',(0.,0.,1.));
#17851=DIRECTION('center_axis',(0.,1.,0.));
#17852=DIRECTION('ref_axis',(-1.,0.,0.));
#17853=DIRECTION('',(-1.,0.,0.));
#17854=DIRECTION('',(-1.,0.,0.));
#17855=DIRECTION('',(0.,0.,1.));
#17856=DIRECTION('center_axis',(1.,0.,0.));
#17857=DIRECTION('ref_axis',(0.,1.,0.));
#17858=DIRECTION('',(0.,1.,0.));
#17859=DIRECTION('',(0.,1.,0.));
#17860=DIRECTION('',(0.,0.,1.));
#17861=DIRECTION('center_axis',(0.,-1.,0.));
#17862=DIRECTION('ref_axis',(1.,0.,0.));
#17863=DIRECTION('',(1.,0.,0.));
#17864=DIRECTION('',(1.,0.,0.));
#17865=DIRECTION('',(0.,0.,1.));
#17866=DIRECTION('center_axis',(1.,0.,0.));
#17867=DIRECTION('ref_axis',(0.,1.,0.));
#17868=DIRECTION('',(0.,1.,0.));
#17869=DIRECTION('',(0.,1.,0.));
#17870=DIRECTION('',(0.,0.,1.));
#17871=DIRECTION('center_axis',(0.,1.,0.));
#17872=DIRECTION('ref_axis',(-1.,0.,0.));
#17873=DIRECTION('',(-1.,0.,0.));
#17874=DIRECTION('',(-1.,0.,0.));
#17875=DIRECTION('',(0.,0.,1.));
#17876=DIRECTION('center_axis',(1.,0.,0.));
#17877=DIRECTION('ref_axis',(0.,1.,0.));
#17878=DIRECTION('',(0.,1.,0.));
#17879=DIRECTION('',(0.,1.,0.));
#17880=DIRECTION('',(0.,0.,1.));
#17881=DIRECTION('center_axis',(0.,1.,0.));
#17882=DIRECTION('ref_axis',(-1.,0.,0.));
#17883=DIRECTION('',(-1.,0.,0.));
#17884=DIRECTION('',(-1.,0.,0.));
#17885=DIRECTION('',(0.,0.,1.));
#17886=DIRECTION('center_axis',(-1.,0.,0.));
#17887=DIRECTION('ref_axis',(0.,-1.,0.));
#17888=DIRECTION('',(0.,-1.,0.));
#17889=DIRECTION('',(0.,-1.,0.));
#17890=DIRECTION('',(0.,0.,1.));
#17891=DIRECTION('center_axis',(0.,1.,0.));
#17892=DIRECTION('ref_axis',(-1.,0.,0.));
#17893=DIRECTION('',(-1.,0.,0.));
#17894=DIRECTION('',(-1.,0.,0.));
#17895=DIRECTION('',(0.,0.,1.));
#17896=DIRECTION('center_axis',(-1.,0.,0.));
#17897=DIRECTION('ref_axis',(0.,-1.,0.));
#17898=DIRECTION('',(0.,-1.,0.));
#17899=DIRECTION('',(0.,-1.,0.));
#17900=DIRECTION('',(0.,0.,1.));
#17901=DIRECTION('center_axis',(0.,-1.,0.));
#17902=DIRECTION('ref_axis',(1.,0.,0.));
#17903=DIRECTION('',(1.,0.,0.));
#17904=DIRECTION('',(1.,0.,0.));
#17905=DIRECTION('',(0.,0.,1.));
#17906=DIRECTION('center_axis',(-1.,0.,0.));
#17907=DIRECTION('ref_axis',(0.,-1.,0.));
#17908=DIRECTION('',(0.,-1.,0.));
#17909=DIRECTION('',(0.,-1.,0.));
#17910=DIRECTION('',(0.,0.,1.));
#17911=DIRECTION('center_axis',(0.,1.,0.));
#17912=DIRECTION('ref_axis',(-1.,0.,0.));
#17913=DIRECTION('',(-1.,0.,0.));
#17914=DIRECTION('',(-1.,0.,0.));
#17915=DIRECTION('',(0.,0.,1.));
#17916=DIRECTION('center_axis',(-1.,0.,0.));
#17917=DIRECTION('ref_axis',(0.,-1.,0.));
#17918=DIRECTION('',(0.,-1.,0.));
#17919=DIRECTION('',(0.,-1.,0.));
#17920=DIRECTION('',(0.,0.,1.));
#17921=DIRECTION('center_axis',(0.,-1.,0.));
#17922=DIRECTION('ref_axis',(1.,0.,0.));
#17923=DIRECTION('',(1.,0.,0.));
#17924=DIRECTION('',(1.,0.,0.));
#17925=DIRECTION('',(0.,0.,1.));
#17926=DIRECTION('center_axis',(-1.,0.,0.));
#17927=DIRECTION('ref_axis',(0.,-1.,0.));
#17928=DIRECTION('',(0.,-1.,0.));
#17929=DIRECTION('',(0.,-1.,0.));
#17930=DIRECTION('',(0.,0.,1.));
#17931=DIRECTION('center_axis',(0.,-1.,0.));
#17932=DIRECTION('ref_axis',(1.,0.,0.));
#17933=DIRECTION('',(1.,0.,0.));
#17934=DIRECTION('',(1.,0.,0.));
#17935=DIRECTION('center_axis',(0.453671507562961,-0.891168986907393,0.));
#17936=DIRECTION('ref_axis',(0.891168986907393,0.453671507562961,0.));
#17937=DIRECTION('',(0.891168986907393,0.453671507562961,0.));
#17938=DIRECTION('',(0.,0.,1.));
#17939=DIRECTION('',(0.891168986907393,0.453671507562961,0.));
#17940=DIRECTION('',(0.,0.,1.));
#17941=DIRECTION('center_axis',(0.707106781186548,-0.707106781186548,0.));
#17942=DIRECTION('ref_axis',(0.707106781186548,0.707106781186548,0.));
#17943=DIRECTION('',(0.707106781186548,0.707106781186548,0.));
#17944=DIRECTION('',(0.707106781186548,0.707106781186548,0.));
#17945=DIRECTION('',(0.,0.,1.));
#17946=DIRECTION('center_axis',(0.892178558490458,-0.451682875223191,0.));
#17947=DIRECTION('ref_axis',(0.451682875223191,0.892178558490458,0.));
#17948=DIRECTION('',(0.451682875223191,0.892178558490458,0.));
#17949=DIRECTION('',(0.451682875223191,0.892178558490458,0.));
#17950=DIRECTION('',(0.,0.,1.));
#17951=DIRECTION('center_axis',(0.987576081187061,-0.157141604507553,0.));
#17952=DIRECTION('ref_axis',(0.157141604507553,0.987576081187061,0.));
#17953=DIRECTION('',(0.157141604507553,0.987576081187061,0.));
#17954=DIRECTION('',(0.157141604507553,0.987576081187061,0.));
#17955=DIRECTION('',(0.,0.,1.));
#17956=DIRECTION('center_axis',(0.987521667731132,0.157483191996871,0.));
#17957=DIRECTION('ref_axis',(-0.157483191996871,0.987521667731132,0.));
#17958=DIRECTION('',(-0.157483191996871,0.987521667731132,0.));
#17959=DIRECTION('',(-0.157483191996871,0.987521667731132,0.));
#17960=DIRECTION('',(0.,0.,1.));
#17961=DIRECTION('center_axis',(0.8920561898926,0.451924500413839,0.));
#17962=DIRECTION('ref_axis',(-0.451924500413839,0.8920561898926,0.));
#17963=DIRECTION('',(-0.451924500413839,0.8920561898926,0.));
#17964=DIRECTION('',(-0.451924500413839,0.8920561898926,0.));
#17965=DIRECTION('',(0.,0.,1.));
#17966=DIRECTION('center_axis',(0.70710678118653,0.707106781186565,0.));
#17967=DIRECTION('ref_axis',(-0.707106781186565,0.70710678118653,0.));
#17968=DIRECTION('',(-0.707106781186565,0.70710678118653,0.));
#17969=DIRECTION('',(-0.707106781186565,0.70710678118653,0.));
#17970=DIRECTION('',(0.,0.,1.));
#17971=DIRECTION('center_axis',(0.454147058987968,0.890926735939931,0.));
#17972=DIRECTION('ref_axis',(-0.890926735939931,0.454147058987967,0.));
#17973=DIRECTION('',(-0.890926735939931,0.454147058987967,0.));
#17974=DIRECTION('',(-0.890926735939931,0.454147058987967,0.));
#17975=DIRECTION('',(0.,0.,1.));
#17976=DIRECTION('center_axis',(0.156270024804543,0.987714371337983,0.));
#17977=DIRECTION('ref_axis',(-0.987714371337983,0.156270024804543,0.));
#17978=DIRECTION('',(-0.987714371337983,0.156270024804543,0.));
#17979=DIRECTION('',(-0.987714371337983,0.156270024804543,0.));
#17980=DIRECTION('',(0.,0.,1.));
#17981=DIRECTION('center_axis',(-0.156795448176344,0.987631098857858,0.));
#17982=DIRECTION('ref_axis',(-0.987631098857858,-0.156795448176344,0.));
#17983=DIRECTION('',(-0.987631098857858,-0.156795448176344,0.));
#17984=DIRECTION('',(-0.987631098857858,-0.156795448176344,0.));
#17985=DIRECTION('',(0.,0.,1.));
#17986=DIRECTION('center_axis',(-0.453824176250759,0.891091250686662,0.));
#17987=DIRECTION('ref_axis',(-0.891091250686662,-0.453824176250759,0.));
#17988=DIRECTION('',(-0.891091250686662,-0.453824176250759,0.));
#17989=DIRECTION('',(-0.891091250686662,-0.453824176250759,0.));
#17990=DIRECTION('',(0.,0.,1.));
#17991=DIRECTION('center_axis',(-0.707206605675928,0.70700694260264,0.));
#17992=DIRECTION('ref_axis',(-0.70700694260264,-0.707206605675928,0.));
#17993=DIRECTION('',(-0.70700694260264,-0.707206605675928,0.));
#17994=DIRECTION('',(-0.70700694260264,-0.707206605675928,0.));
#17995=DIRECTION('',(0.,0.,1.));
#17996=DIRECTION('center_axis',(-0.891168986907393,0.453671507562961,0.));
#17997=DIRECTION('ref_axis',(-0.453671507562961,-0.891168986907393,0.));
#17998=DIRECTION('',(-0.453671507562961,-0.891168986907393,0.));
#17999=DIRECTION('',(-0.453671507562961,-0.891168986907393,0.));
#18000=DIRECTION('',(0.,0.,1.));
#18001=DIRECTION('center_axis',(-0.987521667731135,0.157483191996854,0.));
#18002=DIRECTION('ref_axis',(-0.157483191996854,-0.987521667731135,0.));
#18003=DIRECTION('',(-0.157483191996854,-0.987521667731135,0.));
#18004=DIRECTION('',(-0.157483191996854,-0.987521667731135,0.));
#18005=DIRECTION('',(0.,0.,1.));
#18006=DIRECTION('center_axis',(-0.987576081187064,-0.157141604507535,0.));
#18007=DIRECTION('ref_axis',(0.157141604507535,-0.987576081187063,0.));
#18008=DIRECTION('',(0.157141604507535,-0.987576081187063,0.));
#18009=DIRECTION('',(0.157141604507535,-0.987576081187063,0.));
#18010=DIRECTION('',(0.,0.,1.));
#18011=DIRECTION('center_axis',(-0.89129218096664,-0.453429430173792,0.));
#18012=DIRECTION('ref_axis',(0.453429430173792,-0.89129218096664,0.));
#18013=DIRECTION('',(0.453429430173792,-0.89129218096664,0.));
#18014=DIRECTION('',(0.453429430173792,-0.89129218096664,0.));
#18015=DIRECTION('',(0.,0.,1.));
#18016=DIRECTION('center_axis',(-0.707206605675946,-0.707006942602622,0.));
#18017=DIRECTION('ref_axis',(0.707006942602622,-0.707206605675946,0.));
#18018=DIRECTION('',(0.707006942602622,-0.707206605675946,0.));
#18019=DIRECTION('',(0.707006942602622,-0.707206605675946,0.));
#18020=DIRECTION('',(0.,0.,1.));
#18021=DIRECTION('center_axis',(-0.453348787683988,-0.891333201841746,0.));
#18022=DIRECTION('ref_axis',(0.891333201841746,-0.453348787683988,0.));
#18023=DIRECTION('',(0.891333201841746,-0.453348787683988,0.));
#18024=DIRECTION('',(0.891333201841746,-0.453348787683988,0.));
#18025=DIRECTION('',(0.,0.,1.));
#18026=DIRECTION('center_axis',(-0.154841266526708,-0.987939361590784,0.));
#18027=DIRECTION('ref_axis',(0.987939361590784,-0.154841266526708,0.));
#18028=DIRECTION('',(0.987939361590784,-0.154841266526708,0.));
#18029=DIRECTION('',(0.987939361590784,-0.154841266526708,0.));
#18030=DIRECTION('',(0.,0.,1.));
#18031=DIRECTION('center_axis',(0.154322069311433,-0.988020596406491,0.));
#18032=DIRECTION('ref_axis',(0.988020596406491,0.154322069311433,0.));
#18033=DIRECTION('',(0.988020596406491,0.154322069311433,0.));
#18034=DIRECTION('',(0.988020596406491,0.154322069311433,0.));
#18035=DIRECTION('center_axis',(1.,0.,0.));
#18036=DIRECTION('ref_axis',(0.,1.,0.));
#18037=DIRECTION('',(0.,1.,0.));
#18038=DIRECTION('',(0.,0.,1.));
#18039=DIRECTION('',(0.,1.,0.));
#18040=DIRECTION('',(0.,0.,1.));
#18041=DIRECTION('center_axis',(0.,-1.,0.));
#18042=DIRECTION('ref_axis',(1.,0.,0.));
#18043=DIRECTION('',(1.,0.,0.));
#18044=DIRECTION('',(1.,0.,0.));
#18045=DIRECTION('',(0.,0.,1.));
#18046=DIRECTION('center_axis',(1.,0.,0.));
#18047=DIRECTION('ref_axis',(0.,1.,0.));
#18048=DIRECTION('',(0.,1.,0.));
#18049=DIRECTION('',(0.,1.,0.));
#18050=DIRECTION('',(0.,0.,1.));
#18051=DIRECTION('center_axis',(0.,1.,0.));
#18052=DIRECTION('ref_axis',(-1.,0.,0.));
#18053=DIRECTION('',(-1.,0.,0.));
#18054=DIRECTION('',(-1.,0.,0.));
#18055=DIRECTION('',(0.,0.,1.));
#18056=DIRECTION('center_axis',(1.,0.,0.));
#18057=DIRECTION('ref_axis',(0.,1.,0.));
#18058=DIRECTION('',(0.,1.,0.));
#18059=DIRECTION('',(0.,1.,0.));
#18060=DIRECTION('',(0.,0.,1.));
#18061=DIRECTION('center_axis',(0.,-1.,0.));
#18062=DIRECTION('ref_axis',(1.,0.,0.));
#18063=DIRECTION('',(1.,0.,0.));
#18064=DIRECTION('',(1.,0.,0.));
#18065=DIRECTION('',(0.,0.,1.));
#18066=DIRECTION('center_axis',(1.,0.,0.));
#18067=DIRECTION('ref_axis',(0.,1.,0.));
#18068=DIRECTION('',(0.,1.,0.));
#18069=DIRECTION('',(0.,1.,0.));
#18070=DIRECTION('',(0.,0.,1.));
#18071=DIRECTION('center_axis',(0.,1.,0.));
#18072=DIRECTION('ref_axis',(-1.,0.,0.));
#18073=DIRECTION('',(-1.,0.,0.));
#18074=DIRECTION('',(-1.,0.,0.));
#18075=DIRECTION('',(0.,0.,1.));
#18076=DIRECTION('center_axis',(1.,0.,0.));
#18077=DIRECTION('ref_axis',(0.,1.,0.));
#18078=DIRECTION('',(0.,1.,0.));
#18079=DIRECTION('',(0.,1.,0.));
#18080=DIRECTION('',(0.,0.,1.));
#18081=DIRECTION('center_axis',(0.,1.,0.));
#18082=DIRECTION('ref_axis',(-1.,0.,0.));
#18083=DIRECTION('',(-1.,0.,0.));
#18084=DIRECTION('',(-1.,0.,0.));
#18085=DIRECTION('',(0.,0.,1.));
#18086=DIRECTION('center_axis',(-1.,0.,0.));
#18087=DIRECTION('ref_axis',(0.,-1.,0.));
#18088=DIRECTION('',(0.,-1.,0.));
#18089=DIRECTION('',(0.,-1.,0.));
#18090=DIRECTION('',(0.,0.,1.));
#18091=DIRECTION('center_axis',(0.,1.,0.));
#18092=DIRECTION('ref_axis',(-1.,0.,0.));
#18093=DIRECTION('',(-1.,0.,0.));
#18094=DIRECTION('',(-1.,0.,0.));
#18095=DIRECTION('',(0.,0.,1.));
#18096=DIRECTION('center_axis',(-1.,0.,0.));
#18097=DIRECTION('ref_axis',(0.,-1.,0.));
#18098=DIRECTION('',(0.,-1.,0.));
#18099=DIRECTION('',(0.,-1.,0.));
#18100=DIRECTION('',(0.,0.,1.));
#18101=DIRECTION('center_axis',(0.,-1.,0.));
#18102=DIRECTION('ref_axis',(1.,0.,0.));
#18103=DIRECTION('',(1.,0.,0.));
#18104=DIRECTION('',(1.,0.,0.));
#18105=DIRECTION('',(0.,0.,1.));
#18106=DIRECTION('center_axis',(-1.,0.,0.));
#18107=DIRECTION('ref_axis',(0.,-1.,0.));
#18108=DIRECTION('',(0.,-1.,0.));
#18109=DIRECTION('',(0.,-1.,0.));
#18110=DIRECTION('',(0.,0.,1.));
#18111=DIRECTION('center_axis',(0.,1.,0.));
#18112=DIRECTION('ref_axis',(-1.,0.,0.));
#18113=DIRECTION('',(-1.,0.,0.));
#18114=DIRECTION('',(-1.,0.,0.));
#18115=DIRECTION('',(0.,0.,1.));
#18116=DIRECTION('center_axis',(-1.,0.,0.));
#18117=DIRECTION('ref_axis',(0.,-1.,0.));
#18118=DIRECTION('',(0.,-1.,0.));
#18119=DIRECTION('',(0.,-1.,0.));
#18120=DIRECTION('',(0.,0.,1.));
#18121=DIRECTION('center_axis',(0.,-1.,0.));
#18122=DIRECTION('ref_axis',(1.,0.,0.));
#18123=DIRECTION('',(1.,0.,0.));
#18124=DIRECTION('',(1.,0.,0.));
#18125=DIRECTION('',(0.,0.,1.));
#18126=DIRECTION('center_axis',(-1.,0.,0.));
#18127=DIRECTION('ref_axis',(0.,-1.,0.));
#18128=DIRECTION('',(0.,-1.,0.));
#18129=DIRECTION('',(0.,-1.,0.));
#18130=DIRECTION('',(0.,0.,1.));
#18131=DIRECTION('center_axis',(0.,-1.,0.));
#18132=DIRECTION('ref_axis',(1.,0.,0.));
#18133=DIRECTION('',(1.,0.,0.));
#18134=DIRECTION('',(1.,0.,0.));
#18135=DIRECTION('center_axis',(0.453534302757609,-0.891238821092399,0.));
#18136=DIRECTION('ref_axis',(0.891238821092399,0.453534302757609,0.));
#18137=DIRECTION('',(0.891238821092399,0.453534302757609,0.));
#18138=DIRECTION('',(0.,0.,1.));
#18139=DIRECTION('',(0.891238821092399,0.453534302757609,0.));
#18140=DIRECTION('',(0.,0.,1.));
#18141=DIRECTION('center_axis',(0.707136727054132,-0.707076834050706,0.));
#18142=DIRECTION('ref_axis',(0.707076834050706,0.707136727054132,0.));
#18143=DIRECTION('',(0.707076834050706,0.707136727054132,0.));
#18144=DIRECTION('',(0.707076834050706,0.707136727054132,0.));
#18145=DIRECTION('',(0.,0.,1.));
#18146=DIRECTION('center_axis',(0.891155047861642,-0.453698887667487,0.));
#18147=DIRECTION('ref_axis',(0.453698887667487,0.891155047861642,0.));
#18148=DIRECTION('',(0.453698887667487,0.891155047861642,0.));
#18149=DIRECTION('',(0.453698887667487,0.891155047861642,0.));
#18150=DIRECTION('',(0.,0.,1.));
#18151=DIRECTION('center_axis',(0.988045907422023,-0.154159932623853,0.));
#18152=DIRECTION('ref_axis',(0.154159932623853,0.988045907422023,0.));
#18153=DIRECTION('',(0.154159932623853,0.988045907422023,0.));
#18154=DIRECTION('',(0.154159932623853,0.988045907422023,0.));
#18155=DIRECTION('',(0.,0.,1.));
#18156=DIRECTION('center_axis',(0.98799351422776,0.154495358648345,0.));
#18157=DIRECTION('ref_axis',(-0.154495358648345,0.98799351422776,0.));
#18158=DIRECTION('',(-0.154495358648345,0.98799351422776,0.));
#18159=DIRECTION('',(-0.154495358648345,0.98799351422776,0.));
#18160=DIRECTION('',(0.,0.,1.));
#18161=DIRECTION('center_axis',(0.891031726346331,0.453941034325249,0.));
#18162=DIRECTION('ref_axis',(-0.453941034325249,0.891031726346331,0.));
#18163=DIRECTION('',(-0.453941034325249,0.891031726346331,0.));
#18164=DIRECTION('',(-0.453941034325249,0.891031726346331,0.));
#18165=DIRECTION('',(0.,0.,1.));
#18166=DIRECTION('center_axis',(0.707136727054114,0.707076834050724,0.));
#18167=DIRECTION('ref_axis',(-0.707076834050724,0.707136727054114,0.));
#18168=DIRECTION('',(-0.707076834050724,0.707136727054114,0.));
#18169=DIRECTION('',(-0.707076834050724,0.707136727054114,0.));
#18170=DIRECTION('',(0.,0.,1.));
#18171=DIRECTION('center_axis',(0.454009784988966,0.890996697600094,0.));
#18172=DIRECTION('ref_axis',(-0.890996697600094,0.454009784988966,0.));
#18173=DIRECTION('',(-0.890996697600094,0.454009784988966,0.));
#18174=DIRECTION('',(-0.890996697600094,0.454009784988966,0.));
#18175=DIRECTION('',(0.,0.,1.));
#18176=DIRECTION('center_axis',(0.15633165876561,0.987704618024839,0.));
#18177=DIRECTION('ref_axis',(-0.987704618024839,0.15633165876561,0.));
#18178=DIRECTION('',(-0.987704618024839,0.15633165876561,0.));
#18179=DIRECTION('',(-0.987704618024839,0.15633165876561,0.));
#18180=DIRECTION('',(0.,0.,1.));
#18181=DIRECTION('center_axis',(-0.156745847887581,0.987638972079374,0.));
#18182=DIRECTION('ref_axis',(-0.987638972079374,-0.156745847887581,0.));
#18183=DIRECTION('',(-0.987638972079374,-0.156745847887581,0.));
#18184=DIRECTION('',(-0.987638972079374,-0.156745847887581,0.));
#18185=DIRECTION('',(0.,0.,1.));
#18186=DIRECTION('center_axis',(-0.454001712296655,0.8910008110163,0.));
#18187=DIRECTION('ref_axis',(-0.8910008110163,-0.454001712296655,0.));
#18188=DIRECTION('',(-0.8910008110163,-0.454001712296655,0.));
#18189=DIRECTION('',(-0.8910008110163,-0.454001712296655,0.));
#18190=DIRECTION('',(0.,0.,1.));
#18191=DIRECTION('center_axis',(-0.707156691670284,0.707056867179677,0.));
#18192=DIRECTION('ref_axis',(-0.707056867179677,-0.707156691670284,0.));
#18193=DIRECTION('',(-0.707056867179677,-0.707156691670283,0.));
#18194=DIRECTION('',(-0.707056867179677,-0.707156691670283,0.));
#18195=DIRECTION('',(0.,0.,1.));
#18196=DIRECTION('center_axis',(-0.891031726346332,0.453941034325247,0.));
#18197=DIRECTION('ref_axis',(-0.453941034325247,-0.891031726346332,0.));
#18198=DIRECTION('',(-0.453941034325247,-0.891031726346332,0.));
#18199=DIRECTION('',(-0.453941034325247,-0.891031726346332,0.));
#18200=DIRECTION('',(0.,0.,1.));
#18201=DIRECTION('center_axis',(-0.987565199930966,0.157209973873515,0.));
#18202=DIRECTION('ref_axis',(-0.157209973873515,-0.987565199930966,0.));
#18203=DIRECTION('',(-0.157209973873515,-0.987565199930966,0.));
#18204=DIRECTION('',(-0.157209973873515,-0.987565199930966,0.));
#18205=DIRECTION('',(0.,0.,1.));
#18206=DIRECTION('center_axis',(-0.98761942712131,-0.156868949038923,0.));
#18207=DIRECTION('ref_axis',(0.156868949038923,-0.98761942712131,0.));
#18208=DIRECTION('',(0.156868949038923,-0.98761942712131,0.));
#18209=DIRECTION('',(0.156868949038923,-0.98761942712131,0.));
#18210=DIRECTION('',(0.,0.,1.));
#18211=DIRECTION('center_axis',(-0.891155047861642,-0.453698887667486,0.));
#18212=DIRECTION('ref_axis',(0.453698887667486,-0.891155047861642,0.));
#18213=DIRECTION('',(0.453698887667486,-0.891155047861642,0.));
#18214=DIRECTION('',(0.453698887667486,-0.891155047861642,0.));
#18215=DIRECTION('',(0.,0.,1.));
#18216=DIRECTION('center_axis',(-0.707156691670301,-0.70705686717966,0.));
#18217=DIRECTION('ref_axis',(0.707056867179659,-0.707156691670301,0.));
#18218=DIRECTION('',(0.707056867179659,-0.707156691670301,0.));
#18219=DIRECTION('',(0.707056867179659,-0.707156691670301,0.));
#18220=DIRECTION('',(0.,0.,1.));
#18221=DIRECTION('center_axis',(-0.453526234136486,-0.891242927012595,0.));
#18222=DIRECTION('ref_axis',(0.891242927012595,-0.453526234136486,0.));
#18223=DIRECTION('',(0.891242927012595,-0.453526234136486,0.));
#18224=DIRECTION('',(0.891242927012595,-0.453526234136486,0.));
#18225=DIRECTION('',(0.,0.,1.));
#18226=DIRECTION('center_axis',(-0.154792253851818,-0.987947042177603,0.));
#18227=DIRECTION('ref_axis',(0.987947042177603,-0.154792253851818,0.));
#18228=DIRECTION('',(0.987947042177603,-0.154792253851818,0.));
#18229=DIRECTION('',(0.987947042177603,-0.154792253851818,0.));
#18230=DIRECTION('',(0.,0.,1.));
#18231=DIRECTION('center_axis',(0.154382972754658,-0.988011081781695,0.));
#18232=DIRECTION('ref_axis',(0.988011081781695,0.154382972754658,0.));
#18233=DIRECTION('',(0.988011081781695,0.154382972754658,0.));
#18234=DIRECTION('',(0.988011081781695,0.154382972754658,0.));
#18235=DIRECTION('center_axis',(1.,0.,0.));
#18236=DIRECTION('ref_axis',(0.,1.,0.));
#18237=DIRECTION('',(0.,1.,0.));
#18238=DIRECTION('',(0.,0.,1.));
#18239=DIRECTION('',(0.,1.,0.));
#18240=DIRECTION('',(0.,0.,1.));
#18241=DIRECTION('center_axis',(0.,-1.,0.));
#18242=DIRECTION('ref_axis',(1.,0.,0.));
#18243=DIRECTION('',(1.,0.,0.));
#18244=DIRECTION('',(1.,0.,0.));
#18245=DIRECTION('',(0.,0.,1.));
#18246=DIRECTION('center_axis',(1.,0.,0.));
#18247=DIRECTION('ref_axis',(0.,1.,0.));
#18248=DIRECTION('',(0.,1.,0.));
#18249=DIRECTION('',(0.,1.,0.));
#18250=DIRECTION('',(0.,0.,1.));
#18251=DIRECTION('center_axis',(0.,1.,0.));
#18252=DIRECTION('ref_axis',(-1.,0.,0.));
#18253=DIRECTION('',(-1.,0.,0.));
#18254=DIRECTION('',(-1.,0.,0.));
#18255=DIRECTION('',(0.,0.,1.));
#18256=DIRECTION('center_axis',(1.,0.,0.));
#18257=DIRECTION('ref_axis',(0.,1.,0.));
#18258=DIRECTION('',(0.,1.,0.));
#18259=DIRECTION('',(0.,1.,0.));
#18260=DIRECTION('',(0.,0.,1.));
#18261=DIRECTION('center_axis',(0.,-1.,0.));
#18262=DIRECTION('ref_axis',(1.,0.,0.));
#18263=DIRECTION('',(1.,0.,0.));
#18264=DIRECTION('',(1.,0.,0.));
#18265=DIRECTION('',(0.,0.,1.));
#18266=DIRECTION('center_axis',(1.,0.,0.));
#18267=DIRECTION('ref_axis',(0.,1.,0.));
#18268=DIRECTION('',(0.,1.,0.));
#18269=DIRECTION('',(0.,1.,0.));
#18270=DIRECTION('',(0.,0.,1.));
#18271=DIRECTION('center_axis',(0.,1.,0.));
#18272=DIRECTION('ref_axis',(-1.,0.,0.));
#18273=DIRECTION('',(-1.,0.,0.));
#18274=DIRECTION('',(-1.,0.,0.));
#18275=DIRECTION('',(0.,0.,1.));
#18276=DIRECTION('center_axis',(1.,0.,0.));
#18277=DIRECTION('ref_axis',(0.,1.,0.));
#18278=DIRECTION('',(0.,1.,0.));
#18279=DIRECTION('',(0.,1.,0.));
#18280=DIRECTION('',(0.,0.,1.));
#18281=DIRECTION('center_axis',(0.,1.,0.));
#18282=DIRECTION('ref_axis',(-1.,0.,0.));
#18283=DIRECTION('',(-1.,0.,0.));
#18284=DIRECTION('',(-1.,0.,0.));
#18285=DIRECTION('',(0.,0.,1.));
#18286=DIRECTION('center_axis',(-1.,0.,0.));
#18287=DIRECTION('ref_axis',(0.,-1.,0.));
#18288=DIRECTION('',(0.,-1.,0.));
#18289=DIRECTION('',(0.,-1.,0.));
#18290=DIRECTION('',(0.,0.,1.));
#18291=DIRECTION('center_axis',(0.,1.,0.));
#18292=DIRECTION('ref_axis',(-1.,0.,0.));
#18293=DIRECTION('',(-1.,0.,0.));
#18294=DIRECTION('',(-1.,0.,0.));
#18295=DIRECTION('',(0.,0.,1.));
#18296=DIRECTION('center_axis',(-1.,0.,0.));
#18297=DIRECTION('ref_axis',(0.,-1.,0.));
#18298=DIRECTION('',(0.,-1.,0.));
#18299=DIRECTION('',(0.,-1.,0.));
#18300=DIRECTION('',(0.,0.,1.));
#18301=DIRECTION('center_axis',(0.,-1.,0.));
#18302=DIRECTION('ref_axis',(1.,0.,0.));
#18303=DIRECTION('',(1.,0.,0.));
#18304=DIRECTION('',(1.,0.,0.));
#18305=DIRECTION('',(0.,0.,1.));
#18306=DIRECTION('center_axis',(-1.,0.,0.));
#18307=DIRECTION('ref_axis',(0.,-1.,0.));
#18308=DIRECTION('',(0.,-1.,0.));
#18309=DIRECTION('',(0.,-1.,0.));
#18310=DIRECTION('',(0.,0.,1.));
#18311=DIRECTION('center_axis',(0.,1.,0.));
#18312=DIRECTION('ref_axis',(-1.,0.,0.));
#18313=DIRECTION('',(-1.,0.,0.));
#18314=DIRECTION('',(-1.,0.,0.));
#18315=DIRECTION('',(0.,0.,1.));
#18316=DIRECTION('center_axis',(-1.,0.,0.));
#18317=DIRECTION('ref_axis',(0.,-1.,0.));
#18318=DIRECTION('',(0.,-1.,0.));
#18319=DIRECTION('',(0.,-1.,0.));
#18320=DIRECTION('',(0.,0.,1.));
#18321=DIRECTION('center_axis',(0.,-1.,0.));
#18322=DIRECTION('ref_axis',(1.,0.,0.));
#18323=DIRECTION('',(1.,0.,0.));
#18324=DIRECTION('',(1.,0.,0.));
#18325=DIRECTION('',(0.,0.,1.));
#18326=DIRECTION('center_axis',(-1.,0.,0.));
#18327=DIRECTION('ref_axis',(0.,-1.,0.));
#18328=DIRECTION('',(0.,-1.,0.));
#18329=DIRECTION('',(0.,-1.,0.));
#18330=DIRECTION('',(0.,0.,1.));
#18331=DIRECTION('center_axis',(0.,-1.,0.));
#18332=DIRECTION('ref_axis',(1.,0.,0.));
#18333=DIRECTION('',(1.,0.,0.));
#18334=DIRECTION('',(1.,0.,0.));
#18335=DIRECTION('center_axis',(1.,0.,0.));
#18336=DIRECTION('ref_axis',(0.,1.,0.));
#18337=DIRECTION('',(0.,1.,0.));
#18338=DIRECTION('',(0.,0.,1.));
#18339=DIRECTION('',(0.,1.,0.));
#18340=DIRECTION('',(0.,0.,1.));
#18341=DIRECTION('center_axis',(0.,-1.,0.));
#18342=DIRECTION('ref_axis',(1.,0.,0.));
#18343=DIRECTION('',(1.,0.,0.));
#18344=DIRECTION('',(1.,0.,0.));
#18345=DIRECTION('',(0.,0.,1.));
#18346=DIRECTION('center_axis',(1.,0.,0.));
#18347=DIRECTION('ref_axis',(0.,1.,0.));
#18348=DIRECTION('',(0.,1.,0.));
#18349=DIRECTION('',(0.,1.,0.));
#18350=DIRECTION('',(0.,0.,1.));
#18351=DIRECTION('center_axis',(0.,1.,0.));
#18352=DIRECTION('ref_axis',(-1.,0.,0.));
#18353=DIRECTION('',(-1.,0.,0.));
#18354=DIRECTION('',(-1.,0.,0.));
#18355=DIRECTION('',(0.,0.,1.));
#18356=DIRECTION('center_axis',(1.,0.,0.));
#18357=DIRECTION('ref_axis',(0.,1.,0.));
#18358=DIRECTION('',(0.,1.,0.));
#18359=DIRECTION('',(0.,1.,0.));
#18360=DIRECTION('',(0.,0.,1.));
#18361=DIRECTION('center_axis',(0.,-1.,0.));
#18362=DIRECTION('ref_axis',(1.,0.,0.));
#18363=DIRECTION('',(1.,0.,0.));
#18364=DIRECTION('',(1.,0.,0.));
#18365=DIRECTION('',(0.,0.,1.));
#18366=DIRECTION('center_axis',(1.,0.,0.));
#18367=DIRECTION('ref_axis',(0.,1.,0.));
#18368=DIRECTION('',(0.,1.,0.));
#18369=DIRECTION('',(0.,1.,0.));
#18370=DIRECTION('',(0.,0.,1.));
#18371=DIRECTION('center_axis',(0.,1.,0.));
#18372=DIRECTION('ref_axis',(-1.,0.,0.));
#18373=DIRECTION('',(-1.,0.,0.));
#18374=DIRECTION('',(-1.,0.,0.));
#18375=DIRECTION('',(0.,0.,1.));
#18376=DIRECTION('center_axis',(1.,0.,0.));
#18377=DIRECTION('ref_axis',(0.,1.,0.));
#18378=DIRECTION('',(0.,1.,0.));
#18379=DIRECTION('',(0.,1.,0.));
#18380=DIRECTION('',(0.,0.,1.));
#18381=DIRECTION('center_axis',(0.,1.,0.));
#18382=DIRECTION('ref_axis',(-1.,0.,0.));
#18383=DIRECTION('',(-1.,0.,0.));
#18384=DIRECTION('',(-1.,0.,0.));
#18385=DIRECTION('',(0.,0.,1.));
#18386=DIRECTION('center_axis',(-1.,0.,0.));
#18387=DIRECTION('ref_axis',(0.,-1.,0.));
#18388=DIRECTION('',(0.,-1.,0.));
#18389=DIRECTION('',(0.,-1.,0.));
#18390=DIRECTION('',(0.,0.,1.));
#18391=DIRECTION('center_axis',(0.,1.,0.));
#18392=DIRECTION('ref_axis',(-1.,0.,0.));
#18393=DIRECTION('',(-1.,0.,0.));
#18394=DIRECTION('',(-1.,0.,0.));
#18395=DIRECTION('',(0.,0.,1.));
#18396=DIRECTION('center_axis',(-1.,0.,0.));
#18397=DIRECTION('ref_axis',(0.,-1.,0.));
#18398=DIRECTION('',(0.,-1.,0.));
#18399=DIRECTION('',(0.,-1.,0.));
#18400=DIRECTION('',(0.,0.,1.));
#18401=DIRECTION('center_axis',(0.,-1.,0.));
#18402=DIRECTION('ref_axis',(1.,0.,0.));
#18403=DIRECTION('',(1.,0.,0.));
#18404=DIRECTION('',(1.,0.,0.));
#18405=DIRECTION('',(0.,0.,1.));
#18406=DIRECTION('center_axis',(-1.,0.,0.));
#18407=DIRECTION('ref_axis',(0.,-1.,0.));
#18408=DIRECTION('',(0.,-1.,0.));
#18409=DIRECTION('',(0.,-1.,0.));
#18410=DIRECTION('',(0.,0.,1.));
#18411=DIRECTION('center_axis',(0.,1.,0.));
#18412=DIRECTION('ref_axis',(-1.,0.,0.));
#18413=DIRECTION('',(-1.,0.,0.));
#18414=DIRECTION('',(-1.,0.,0.));
#18415=DIRECTION('',(0.,0.,1.));
#18416=DIRECTION('center_axis',(-1.,0.,0.));
#18417=DIRECTION('ref_axis',(0.,-1.,0.));
#18418=DIRECTION('',(0.,-1.,0.));
#18419=DIRECTION('',(0.,-1.,0.));
#18420=DIRECTION('',(0.,0.,1.));
#18421=DIRECTION('center_axis',(0.,-1.,0.));
#18422=DIRECTION('ref_axis',(1.,0.,0.));
#18423=DIRECTION('',(1.,0.,0.));
#18424=DIRECTION('',(1.,0.,0.));
#18425=DIRECTION('',(0.,0.,1.));
#18426=DIRECTION('center_axis',(-1.,0.,0.));
#18427=DIRECTION('ref_axis',(0.,-1.,0.));
#18428=DIRECTION('',(0.,-1.,0.));
#18429=DIRECTION('',(0.,-1.,0.));
#18430=DIRECTION('',(0.,0.,1.));
#18431=DIRECTION('center_axis',(0.,-1.,0.));
#18432=DIRECTION('ref_axis',(1.,0.,0.));
#18433=DIRECTION('',(1.,0.,0.));
#18434=DIRECTION('',(1.,0.,0.));
#18435=DIRECTION('center_axis',(1.,0.,0.));
#18436=DIRECTION('ref_axis',(0.,1.,0.));
#18437=DIRECTION('',(0.,1.,0.));
#18438=DIRECTION('',(0.,0.,1.));
#18439=DIRECTION('',(0.,1.,0.));
#18440=DIRECTION('',(0.,0.,1.));
#18441=DIRECTION('center_axis',(0.,-1.,0.));
#18442=DIRECTION('ref_axis',(1.,0.,0.));
#18443=DIRECTION('',(1.,0.,0.));
#18444=DIRECTION('',(1.,0.,0.));
#18445=DIRECTION('',(0.,0.,1.));
#18446=DIRECTION('center_axis',(1.,0.,0.));
#18447=DIRECTION('ref_axis',(0.,1.,0.));
#18448=DIRECTION('',(0.,1.,0.));
#18449=DIRECTION('',(0.,1.,0.));
#18450=DIRECTION('',(0.,0.,1.));
#18451=DIRECTION('center_axis',(0.,1.,0.));
#18452=DIRECTION('ref_axis',(-1.,0.,0.));
#18453=DIRECTION('',(-1.,0.,0.));
#18454=DIRECTION('',(-1.,0.,0.));
#18455=DIRECTION('',(0.,0.,1.));
#18456=DIRECTION('center_axis',(1.,0.,0.));
#18457=DIRECTION('ref_axis',(0.,1.,0.));
#18458=DIRECTION('',(0.,1.,0.));
#18459=DIRECTION('',(0.,1.,0.));
#18460=DIRECTION('',(0.,0.,1.));
#18461=DIRECTION('center_axis',(0.,-1.,0.));
#18462=DIRECTION('ref_axis',(1.,0.,0.));
#18463=DIRECTION('',(1.,0.,0.));
#18464=DIRECTION('',(1.,0.,0.));
#18465=DIRECTION('',(0.,0.,1.));
#18466=DIRECTION('center_axis',(1.,0.,0.));
#18467=DIRECTION('ref_axis',(0.,1.,0.));
#18468=DIRECTION('',(0.,1.,0.));
#18469=DIRECTION('',(0.,1.,0.));
#18470=DIRECTION('',(0.,0.,1.));
#18471=DIRECTION('center_axis',(0.,1.,0.));
#18472=DIRECTION('ref_axis',(-1.,0.,0.));
#18473=DIRECTION('',(-1.,0.,0.));
#18474=DIRECTION('',(-1.,0.,0.));
#18475=DIRECTION('',(0.,0.,1.));
#18476=DIRECTION('center_axis',(1.,0.,0.));
#18477=DIRECTION('ref_axis',(0.,1.,0.));
#18478=DIRECTION('',(0.,1.,0.));
#18479=DIRECTION('',(0.,1.,0.));
#18480=DIRECTION('',(0.,0.,1.));
#18481=DIRECTION('center_axis',(0.,1.,0.));
#18482=DIRECTION('ref_axis',(-1.,0.,0.));
#18483=DIRECTION('',(-1.,0.,0.));
#18484=DIRECTION('',(-1.,0.,0.));
#18485=DIRECTION('',(0.,0.,1.));
#18486=DIRECTION('center_axis',(-1.,0.,0.));
#18487=DIRECTION('ref_axis',(0.,-1.,0.));
#18488=DIRECTION('',(0.,-1.,0.));
#18489=DIRECTION('',(0.,-1.,0.));
#18490=DIRECTION('',(0.,0.,1.));
#18491=DIRECTION('center_axis',(0.,1.,0.));
#18492=DIRECTION('ref_axis',(-1.,0.,0.));
#18493=DIRECTION('',(-1.,0.,0.));
#18494=DIRECTION('',(-1.,0.,0.));
#18495=DIRECTION('',(0.,0.,1.));
#18496=DIRECTION('center_axis',(-1.,0.,0.));
#18497=DIRECTION('ref_axis',(0.,-1.,0.));
#18498=DIRECTION('',(0.,-1.,0.));
#18499=DIRECTION('',(0.,-1.,0.));
#18500=DIRECTION('',(0.,0.,1.));
#18501=DIRECTION('center_axis',(0.,-1.,0.));
#18502=DIRECTION('ref_axis',(1.,0.,0.));
#18503=DIRECTION('',(1.,0.,0.));
#18504=DIRECTION('',(1.,0.,0.));
#18505=DIRECTION('',(0.,0.,1.));
#18506=DIRECTION('center_axis',(-1.,0.,0.));
#18507=DIRECTION('ref_axis',(0.,-1.,0.));
#18508=DIRECTION('',(0.,-1.,0.));
#18509=DIRECTION('',(0.,-1.,0.));
#18510=DIRECTION('',(0.,0.,1.));
#18511=DIRECTION('center_axis',(0.,1.,0.));
#18512=DIRECTION('ref_axis',(-1.,0.,0.));
#18513=DIRECTION('',(-1.,0.,0.));
#18514=DIRECTION('',(-1.,0.,0.));
#18515=DIRECTION('',(0.,0.,1.));
#18516=DIRECTION('center_axis',(-1.,0.,0.));
#18517=DIRECTION('ref_axis',(0.,-1.,0.));
#18518=DIRECTION('',(0.,-1.,0.));
#18519=DIRECTION('',(0.,-1.,0.));
#18520=DIRECTION('',(0.,0.,1.));
#18521=DIRECTION('center_axis',(0.,-1.,0.));
#18522=DIRECTION('ref_axis',(1.,0.,0.));
#18523=DIRECTION('',(1.,0.,0.));
#18524=DIRECTION('',(1.,0.,0.));
#18525=DIRECTION('',(0.,0.,1.));
#18526=DIRECTION('center_axis',(-1.,0.,0.));
#18527=DIRECTION('ref_axis',(0.,-1.,0.));
#18528=DIRECTION('',(0.,-1.,0.));
#18529=DIRECTION('',(0.,-1.,0.));
#18530=DIRECTION('',(0.,0.,1.));
#18531=DIRECTION('center_axis',(0.,-1.,0.));
#18532=DIRECTION('ref_axis',(1.,0.,0.));
#18533=DIRECTION('',(1.,0.,0.));
#18534=DIRECTION('',(1.,0.,0.));
#18535=DIRECTION('center_axis',(1.,0.,0.));
#18536=DIRECTION('ref_axis',(0.,1.,0.));
#18537=DIRECTION('',(0.,1.,0.));
#18538=DIRECTION('',(0.,0.,1.));
#18539=DIRECTION('',(0.,1.,0.));
#18540=DIRECTION('',(0.,0.,1.));
#18541=DIRECTION('center_axis',(0.,-1.,0.));
#18542=DIRECTION('ref_axis',(1.,0.,0.));
#18543=DIRECTION('',(1.,0.,0.));
#18544=DIRECTION('',(1.,0.,0.));
#18545=DIRECTION('',(0.,0.,1.));
#18546=DIRECTION('center_axis',(1.,0.,0.));
#18547=DIRECTION('ref_axis',(0.,1.,0.));
#18548=DIRECTION('',(0.,1.,0.));
#18549=DIRECTION('',(0.,1.,0.));
#18550=DIRECTION('',(0.,0.,1.));
#18551=DIRECTION('center_axis',(0.,1.,0.));
#18552=DIRECTION('ref_axis',(-1.,0.,0.));
#18553=DIRECTION('',(-1.,0.,0.));
#18554=DIRECTION('',(-1.,0.,0.));
#18555=DIRECTION('',(0.,0.,1.));
#18556=DIRECTION('center_axis',(1.,0.,0.));
#18557=DIRECTION('ref_axis',(0.,1.,0.));
#18558=DIRECTION('',(0.,1.,0.));
#18559=DIRECTION('',(0.,1.,0.));
#18560=DIRECTION('',(0.,0.,1.));
#18561=DIRECTION('center_axis',(0.,-1.,0.));
#18562=DIRECTION('ref_axis',(1.,0.,0.));
#18563=DIRECTION('',(1.,0.,0.));
#18564=DIRECTION('',(1.,0.,0.));
#18565=DIRECTION('',(0.,0.,1.));
#18566=DIRECTION('center_axis',(1.,0.,0.));
#18567=DIRECTION('ref_axis',(0.,1.,0.));
#18568=DIRECTION('',(0.,1.,0.));
#18569=DIRECTION('',(0.,1.,0.));
#18570=DIRECTION('',(0.,0.,1.));
#18571=DIRECTION('center_axis',(0.,1.,0.));
#18572=DIRECTION('ref_axis',(-1.,0.,0.));
#18573=DIRECTION('',(-1.,0.,0.));
#18574=DIRECTION('',(-1.,0.,0.));
#18575=DIRECTION('',(0.,0.,1.));
#18576=DIRECTION('center_axis',(1.,0.,0.));
#18577=DIRECTION('ref_axis',(0.,1.,0.));
#18578=DIRECTION('',(0.,1.,0.));
#18579=DIRECTION('',(0.,1.,0.));
#18580=DIRECTION('',(0.,0.,1.));
#18581=DIRECTION('center_axis',(0.,1.,0.));
#18582=DIRECTION('ref_axis',(-1.,0.,0.));
#18583=DIRECTION('',(-1.,0.,0.));
#18584=DIRECTION('',(-1.,0.,0.));
#18585=DIRECTION('',(0.,0.,1.));
#18586=DIRECTION('center_axis',(-1.,0.,0.));
#18587=DIRECTION('ref_axis',(0.,-1.,0.));
#18588=DIRECTION('',(0.,-1.,0.));
#18589=DIRECTION('',(0.,-1.,0.));
#18590=DIRECTION('',(0.,0.,1.));
#18591=DIRECTION('center_axis',(0.,1.,0.));
#18592=DIRECTION('ref_axis',(-1.,0.,0.));
#18593=DIRECTION('',(-1.,0.,0.));
#18594=DIRECTION('',(-1.,0.,0.));
#18595=DIRECTION('',(0.,0.,1.));
#18596=DIRECTION('center_axis',(-1.,0.,0.));
#18597=DIRECTION('ref_axis',(0.,-1.,0.));
#18598=DIRECTION('',(0.,-1.,0.));
#18599=DIRECTION('',(0.,-1.,0.));
#18600=DIRECTION('',(0.,0.,1.));
#18601=DIRECTION('center_axis',(0.,-1.,0.));
#18602=DIRECTION('ref_axis',(1.,0.,0.));
#18603=DIRECTION('',(1.,0.,0.));
#18604=DIRECTION('',(1.,0.,0.));
#18605=DIRECTION('',(0.,0.,1.));
#18606=DIRECTION('center_axis',(-1.,0.,0.));
#18607=DIRECTION('ref_axis',(0.,-1.,0.));
#18608=DIRECTION('',(0.,-1.,0.));
#18609=DIRECTION('',(0.,-1.,0.));
#18610=DIRECTION('',(0.,0.,1.));
#18611=DIRECTION('center_axis',(0.,1.,0.));
#18612=DIRECTION('ref_axis',(-1.,0.,0.));
#18613=DIRECTION('',(-1.,0.,0.));
#18614=DIRECTION('',(-1.,0.,0.));
#18615=DIRECTION('',(0.,0.,1.));
#18616=DIRECTION('center_axis',(-1.,0.,0.));
#18617=DIRECTION('ref_axis',(0.,-1.,0.));
#18618=DIRECTION('',(0.,-1.,0.));
#18619=DIRECTION('',(0.,-1.,0.));
#18620=DIRECTION('',(0.,0.,1.));
#18621=DIRECTION('center_axis',(0.,-1.,0.));
#18622=DIRECTION('ref_axis',(1.,0.,0.));
#18623=DIRECTION('',(1.,0.,0.));
#18624=DIRECTION('',(1.,0.,0.));
#18625=DIRECTION('',(0.,0.,1.));
#18626=DIRECTION('center_axis',(-1.,0.,0.));
#18627=DIRECTION('ref_axis',(0.,-1.,0.));
#18628=DIRECTION('',(0.,-1.,0.));
#18629=DIRECTION('',(0.,-1.,0.));
#18630=DIRECTION('',(0.,0.,1.));
#18631=DIRECTION('center_axis',(0.,-1.,0.));
#18632=DIRECTION('ref_axis',(1.,0.,0.));
#18633=DIRECTION('',(1.,0.,0.));
#18634=DIRECTION('',(1.,0.,0.));
#18635=DIRECTION('center_axis',(0.,1.,0.));
#18636=DIRECTION('ref_axis',(-1.,0.,0.));
#18637=DIRECTION('',(1.,0.,0.));
#18638=DIRECTION('',(0.,0.,1.));
#18639=DIRECTION('',(-1.,0.,0.));
#18640=DIRECTION('',(0.,0.,1.));
#18641=DIRECTION('center_axis',(0.0340250029426855,0.999420981956428,0.));
#18642=DIRECTION('ref_axis',(-0.999420981956428,0.0340250029426855,0.));
#18643=DIRECTION('',(0.999420981956428,-0.0340250029426855,0.));
#18644=DIRECTION('',(-0.999420981956428,0.0340250029426855,0.));
#18645=DIRECTION('',(0.,0.,1.));
#18646=DIRECTION('center_axis',(0.119004240131734,0.992893745992324,0.));
#18647=DIRECTION('ref_axis',(-0.992893745992323,0.119004240131734,0.));
#18648=DIRECTION('',(0.992893745992323,-0.119004240131734,0.));
#18649=DIRECTION('',(-0.992893745992323,0.119004240131734,0.));
#18650=DIRECTION('',(0.,0.,1.));
#18651=DIRECTION('center_axis',(0.198476508508114,0.980105645106908,0.));
#18652=DIRECTION('ref_axis',(-0.980105645106908,0.198476508508114,0.));
#18653=DIRECTION('',(0.980105645106908,-0.198476508508114,0.));
#18654=DIRECTION('',(-0.980105645106908,0.198476508508114,0.));
#18655=DIRECTION('',(0.,0.,1.));
#18656=DIRECTION('center_axis',(0.271375986464936,0.962473414682288,0.));
#18657=DIRECTION('ref_axis',(-0.962473414682288,0.271375986464936,0.));
#18658=DIRECTION('',(0.962473414682288,-0.271375986464936,0.));
#18659=DIRECTION('',(-0.962473414682288,0.271375986464936,0.));
#18660=DIRECTION('',(0.,0.,1.));
#18661=DIRECTION('center_axis',(0.34613179959726,0.938185896988205,0.));
#18662=DIRECTION('ref_axis',(-0.938185896988205,0.34613179959726,0.));
#18663=DIRECTION('',(0.938185896988205,-0.34613179959726,0.));
#18664=DIRECTION('',(-0.938185896988205,0.34613179959726,0.));
#18665=DIRECTION('',(0.,0.,1.));
#18666=DIRECTION('center_axis',(0.422101992989398,0.906548348139457,0.));
#18667=DIRECTION('ref_axis',(-0.906548348139457,0.422101992989398,0.));
#18668=DIRECTION('',(0.906548348139457,-0.422101992989398,0.));
#18669=DIRECTION('',(-0.906548348139457,0.422101992989398,0.));
#18670=DIRECTION('',(0.,0.,1.));
#18671=DIRECTION('center_axis',(0.482016236264219,0.87616228404199,0.));
#18672=DIRECTION('ref_axis',(-0.87616228404199,0.482016236264219,0.));
#18673=DIRECTION('',(0.87616228404199,-0.482016236264219,0.));
#18674=DIRECTION('',(-0.87616228404199,0.482016236264219,0.));
#18675=DIRECTION('',(0.,0.,1.));
#18676=DIRECTION('center_axis',(0.556584166641181,0.83079122855525,0.));
#18677=DIRECTION('ref_axis',(-0.83079122855525,0.556584166641181,0.));
#18678=DIRECTION('',(0.83079122855525,-0.556584166641181,0.));
#18679=DIRECTION('',(-0.83079122855525,0.556584166641181,0.));
#18680=DIRECTION('',(0.,0.,1.));
#18681=DIRECTION('center_axis',(0.618519417067266,0.78576951500473,0.));
#18682=DIRECTION('ref_axis',(-0.78576951500473,0.618519417067266,0.));
#18683=DIRECTION('',(0.78576951500473,-0.618519417067266,0.));
#18684=DIRECTION('',(-0.78576951500473,0.618519417067266,0.));
#18685=DIRECTION('',(0.,0.,1.));
#18686=DIRECTION('center_axis',(0.678638411299915,0.734472536388072,0.));
#18687=DIRECTION('ref_axis',(-0.734472536388072,0.678638411299915,0.));
#18688=DIRECTION('',(0.734472536388072,-0.678638411299915,0.));
#18689=DIRECTION('',(-0.734472536388072,0.678638411299915,0.));
#18690=DIRECTION('',(0.,0.,1.));
#18691=DIRECTION('center_axis',(0.734472536388119,0.678638411299864,0.));
#18692=DIRECTION('ref_axis',(-0.678638411299864,0.734472536388119,0.));
#18693=DIRECTION('',(0.678638411299864,-0.734472536388119,0.));
#18694=DIRECTION('',(-0.678638411299864,0.734472536388119,0.));
#18695=DIRECTION('',(0.,0.,1.));
#18696=DIRECTION('center_axis',(0.785964471737742,0.618271662916886,0.));
#18697=DIRECTION('ref_axis',(-0.618271662916886,0.785964471737742,0.));
#18698=DIRECTION('',(0.618271662916886,-0.785964471737742,0.));
#18699=DIRECTION('',(-0.618271662916886,0.785964471737742,0.));
#18700=DIRECTION('',(0.,0.,1.));
#18701=DIRECTION('center_axis',(0.83063294257365,0.556820361257955,0.));
#18702=DIRECTION('ref_axis',(-0.556820361257955,0.83063294257365,0.));
#18703=DIRECTION('',(0.556820361257955,-0.83063294257365,0.));
#18704=DIRECTION('',(-0.556820361257955,0.83063294257365,0.));
#18705=DIRECTION('',(0.,0.,1.));
#18706=DIRECTION('center_axis',(0.87616228404199,0.482016236264219,0.));
#18707=DIRECTION('ref_axis',(-0.482016236264219,0.87616228404199,0.));
#18708=DIRECTION('',(0.482016236264219,-0.87616228404199,0.));
#18709=DIRECTION('',(-0.482016236264219,0.87616228404199,0.));
#18710=DIRECTION('',(0.,0.,1.));
#18711=DIRECTION('center_axis',(0.906911531662349,0.421321105260409,0.));
#18712=DIRECTION('ref_axis',(-0.421321105260409,0.906911531662349,0.));
#18713=DIRECTION('',(0.421321105260409,-0.906911531662349,0.));
#18714=DIRECTION('',(-0.421321105260409,0.906911531662349,0.));
#18715=DIRECTION('',(0.,0.,1.));
#18716=DIRECTION('center_axis',(0.938794058747318,0.3444789039415,0.));
#18717=DIRECTION('ref_axis',(-0.3444789039415,0.938794058747318,0.));
#18718=DIRECTION('',(0.3444789039415,-0.938794058747318,0.));
#18719=DIRECTION('',(-0.3444789039415,0.938794058747318,0.));
#18720=DIRECTION('',(0.,0.,1.));
#18721=DIRECTION('center_axis',(0.96194601640905,0.273239567988897,0.));
#18722=DIRECTION('ref_axis',(-0.273239567988897,0.961946016409051,0.));
#18723=DIRECTION('',(0.273239567988897,-0.961946016409051,0.));
#18724=DIRECTION('',(-0.273239567988897,0.961946016409051,0.));
#18725=DIRECTION('',(0.,0.,1.));
#18726=DIRECTION('center_axis',(0.980105645106891,0.198476508508201,0.));
#18727=DIRECTION('ref_axis',(-0.198476508508201,0.980105645106891,0.));
#18728=DIRECTION('',(0.198476508508201,-0.980105645106891,0.));
#18729=DIRECTION('',(-0.198476508508201,0.980105645106891,0.));
#18730=DIRECTION('',(0.,0.,1.));
#18731=DIRECTION('center_axis',(0.99299394266786,0.118165264883289,0.));
#18732=DIRECTION('ref_axis',(-0.118165264883289,0.99299394266786,0.));
#18733=DIRECTION('',(0.118165264883289,-0.99299394266786,0.));
#18734=DIRECTION('',(-0.118165264883289,0.99299394266786,0.));
#18735=DIRECTION('',(0.,0.,1.));
#18736=DIRECTION('center_axis',(0.999141912354328,0.0414178581886679,0.));
#18737=DIRECTION('ref_axis',(-0.0414178581886679,0.999141912354328,0.));
#18738=DIRECTION('',(0.0414178581886679,-0.999141912354328,0.));
#18739=DIRECTION('',(-0.0414178581886679,0.999141912354328,0.));
#18740=DIRECTION('',(0.,0.,1.));
#18741=DIRECTION('center_axis',(1.,0.,0.));
#18742=DIRECTION('ref_axis',(0.,1.,0.));
#18743=DIRECTION('',(0.,-1.,0.));
#18744=DIRECTION('',(0.,1.,0.));
#18745=DIRECTION('',(0.,0.,1.));
#18746=DIRECTION('center_axis',(0.999144363137059,-0.0413586945084093,0.));
#18747=DIRECTION('ref_axis',(0.0413586945084093,0.999144363137059,0.));
#18748=DIRECTION('',(-0.0413586945084093,-0.999144363137059,0.));
#18749=DIRECTION('',(0.0413586945084093,0.999144363137059,0.));
#18750=DIRECTION('',(0.,0.,1.));
#18751=DIRECTION('center_axis',(0.992986146750142,-0.118230758951744,0.));
#18752=DIRECTION('ref_axis',(0.118230758951744,0.992986146750142,0.));
#18753=DIRECTION('',(-0.118230758951744,-0.992986146750142,0.));
#18754=DIRECTION('',(0.118230758951744,0.992986146750142,0.));
#18755=DIRECTION('',(0.,0.,1.));
#18756=DIRECTION('center_axis',(0.980093549076841,-0.198536231096399,0.));
#18757=DIRECTION('ref_axis',(0.198536231096399,0.980093549076841,0.));
#18758=DIRECTION('',(-0.198536231096399,-0.980093549076841,0.));
#18759=DIRECTION('',(0.198536231096399,0.980093549076841,0.));
#18760=DIRECTION('',(0.,0.,1.));
#18761=DIRECTION('center_axis',(0.961984048185875,-0.273105640798421,0.));
#18762=DIRECTION('ref_axis',(0.273105640798421,0.961984048185875,0.));
#18763=DIRECTION('',(-0.273105640798421,-0.961984048185875,0.));
#18764=DIRECTION('',(0.273105640798421,0.961984048185875,0.));
#18765=DIRECTION('',(0.,0.,1.));
#18766=DIRECTION('center_axis',(0.938884532766474,-0.344232238658555,0.));
#18767=DIRECTION('ref_axis',(0.344232238658555,0.938884532766474,0.));
#18768=DIRECTION('',(-0.344232238658555,-0.938884532766474,0.));
#18769=DIRECTION('',(0.344232238658555,0.938884532766474,0.));
#18770=DIRECTION('',(0.,0.,1.));
#18771=DIRECTION('center_axis',(0.906884362811865,-0.421379582428145,0.));
#18772=DIRECTION('ref_axis',(0.421379582428145,0.906884362811865,0.));
#18773=DIRECTION('',(-0.421379582428145,-0.906884362811865,0.));
#18774=DIRECTION('',(0.421379582428145,0.906884362811865,0.));
#18775=DIRECTION('',(0.,0.,1.));
#18776=DIRECTION('center_axis',(0.875866766034714,-0.48255301072099,0.));
#18777=DIRECTION('ref_axis',(0.48255301072099,0.875866766034714,0.));
#18778=DIRECTION('',(-0.48255301072099,-0.875866766034714,0.));
#18779=DIRECTION('',(0.48255301072099,0.875866766034714,0.));
#18780=DIRECTION('',(0.,0.,1.));
#18781=DIRECTION('center_axis',(0.830648780239799,-0.55679673480197,0.));
#18782=DIRECTION('ref_axis',(0.55679673480197,0.830648780239798,0.));
#18783=DIRECTION('',(-0.55679673480197,-0.830648780239798,0.));
#18784=DIRECTION('',(0.55679673480197,0.830648780239798,0.));
#18785=DIRECTION('',(0.,0.,1.));
#18786=DIRECTION('center_axis',(0.786240908034422,-0.617920087497734,0.));
#18787=DIRECTION('ref_axis',(0.617920087497734,0.786240908034422,0.));
#18788=DIRECTION('',(-0.617920087497734,-0.786240908034422,0.));
#18789=DIRECTION('',(0.617920087497734,0.786240908034422,0.));
#18790=DIRECTION('',(0.,0.,1.));
#18791=DIRECTION('center_axis',(0.734463185483874,-0.678648531398161,0.));
#18792=DIRECTION('ref_axis',(0.678648531398161,0.734463185483874,0.));
#18793=DIRECTION('',(-0.678648531398161,-0.734463185483874,0.));
#18794=DIRECTION('',(0.678648531398161,0.734463185483874,0.));
#18795=DIRECTION('',(0.,0.,1.));
#18796=DIRECTION('center_axis',(0.678548036750336,-0.734556030417193,0.));
#18797=DIRECTION('ref_axis',(0.734556030417193,0.678548036750336,0.));
#18798=DIRECTION('',(-0.734556030417193,-0.678548036750336,0.));
#18799=DIRECTION('',(0.734556030417193,0.678548036750336,0.));
#18800=DIRECTION('',(0.,0.,1.));
#18801=DIRECTION('center_axis',(0.618418654641694,-0.785848819806429,0.));
#18802=DIRECTION('ref_axis',(0.785848819806429,0.618418654641694,0.));
#18803=DIRECTION('',(-0.785848819806429,-0.618418654641694,0.));
#18804=DIRECTION('',(0.785848819806429,0.618418654641694,0.));
#18805=DIRECTION('',(0.,0.,1.));
#18806=DIRECTION('center_axis',(0.556115152407207,-0.831105250412431,0.));
#18807=DIRECTION('ref_axis',(0.831105250412431,0.556115152407207,0.));
#18808=DIRECTION('',(-0.831105250412431,-0.556115152407207,0.));
#18809=DIRECTION('',(0.831105250412431,0.556115152407207,0.));
#18810=DIRECTION('',(0.,0.,1.));
#18811=DIRECTION('center_axis',(0.482733186244234,-0.875767475360035,0.));
#18812=DIRECTION('ref_axis',(0.875767475360035,0.482733186244234,0.));
#18813=DIRECTION('',(-0.875767475360035,-0.482733186244234,0.));
#18814=DIRECTION('',(0.875767475360035,0.482733186244234,0.));
#18815=DIRECTION('',(0.,0.,1.));
#18816=DIRECTION('center_axis',(0.422442080339296,-0.906389920927306,0.));
#18817=DIRECTION('ref_axis',(0.906389920927306,0.422442080339296,0.));
#18818=DIRECTION('',(-0.906389920927306,-0.422442080339296,0.));
#18819=DIRECTION('',(0.906389920927306,0.422442080339296,0.));
#18820=DIRECTION('',(0.,0.,1.));
#18821=DIRECTION('center_axis',(0.345339396649936,-0.938477863948563,0.));
#18822=DIRECTION('ref_axis',(0.938477863948563,0.345339396649936,0.));
#18823=DIRECTION('',(-0.938477863948563,-0.345339396649936,0.));
#18824=DIRECTION('',(0.938477863948563,0.345339396649936,0.));
#18825=DIRECTION('',(0.,0.,1.));
#18826=DIRECTION('center_axis',(0.272051163436184,-0.962282788203665,0.));
#18827=DIRECTION('ref_axis',(0.962282788203665,0.272051163436184,0.));
#18828=DIRECTION('',(-0.962282788203665,-0.272051163436184,0.));
#18829=DIRECTION('',(0.962282788203665,0.272051163436184,0.));
#18830=DIRECTION('',(0.,0.,1.));
#18831=DIRECTION('center_axis',(0.19741968225566,-0.980319064926351,0.));
#18832=DIRECTION('ref_axis',(0.980319064926351,0.19741968225566,0.));
#18833=DIRECTION('',(-0.980319064926351,-0.19741968225566,0.));
#18834=DIRECTION('',(0.980319064926351,0.19741968225566,0.));
#18835=DIRECTION('',(0.,0.,1.));
#18836=DIRECTION('center_axis',(0.119643629502157,-0.992816902515036,0.));
#18837=DIRECTION('ref_axis',(0.992816902515036,0.119643629502157,0.));
#18838=DIRECTION('',(-0.992816902515036,-0.119643629502157,0.));
#18839=DIRECTION('',(0.992816902515036,0.119643629502157,0.));
#18840=DIRECTION('',(0.,0.,1.));
#18841=DIRECTION('center_axis',(0.0349887261266097,-0.999387707070703,0.));
#18842=DIRECTION('ref_axis',(0.999387707070703,0.0349887261266097,0.));
#18843=DIRECTION('',(-0.999387707070703,-0.0349887261266097,0.));
#18844=DIRECTION('',(0.999387707070703,0.0349887261266097,0.));
#18845=DIRECTION('',(0.,0.,1.));
#18846=DIRECTION('center_axis',(0.,-1.,0.));
#18847=DIRECTION('ref_axis',(1.,0.,0.));
#18848=DIRECTION('',(-1.,0.,0.));
#18849=DIRECTION('',(1.,0.,0.));
#18850=DIRECTION('',(0.,0.,1.));
#18851=DIRECTION('center_axis',(-0.0351869454322923,-0.999380747698866,
0.));
#18852=DIRECTION('ref_axis',(0.999380747698866,-0.0351869454322923,0.));
#18853=DIRECTION('',(-0.999380747698866,0.0351869454322923,0.));
#18854=DIRECTION('',(0.999380747698866,-0.0351869454322923,0.));
#18855=DIRECTION('',(0.,0.,1.));
#18856=DIRECTION('center_axis',(-0.118872100413945,-0.992909574806879,0.));
#18857=DIRECTION('ref_axis',(0.992909574806879,-0.118872100413945,0.));
#18858=DIRECTION('',(-0.992909574806879,0.118872100413945,0.));
#18859=DIRECTION('',(0.992909574806879,-0.118872100413945,0.));
#18860=DIRECTION('',(0.,0.,1.));
#18861=DIRECTION('center_axis',(-0.197479112724895,-0.980307094760304,0.));
#18862=DIRECTION('ref_axis',(0.980307094760304,-0.197479112724895,0.));
#18863=DIRECTION('',(-0.980307094760304,0.197479112724895,0.));
#18864=DIRECTION('',(0.980307094760304,-0.197479112724895,0.));
#18865=DIRECTION('',(0.,0.,1.));
#18866=DIRECTION('center_axis',(-0.273797842685304,-0.961787264077079,0.));
#18867=DIRECTION('ref_axis',(0.961787264077079,-0.273797842685304,0.));
#18868=DIRECTION('',(-0.961787264077079,0.273797842685304,0.));
#18869=DIRECTION('',(0.961787264077079,-0.273797842685304,0.));
#18870=DIRECTION('',(0.,0.,1.));
#18871=DIRECTION('center_axis',(-0.343426609261944,-0.939179516413579,0.));
#18872=DIRECTION('ref_axis',(0.939179516413579,-0.343426609261944,0.));
#18873=DIRECTION('',(-0.939179516413579,0.343426609261944,0.));
#18874=DIRECTION('',(0.939179516413579,-0.343426609261944,0.));
#18875=DIRECTION('',(0.,0.,1.));
#18876=DIRECTION('center_axis',(-0.421719339760624,-0.906726418756983,0.));
#18877=DIRECTION('ref_axis',(0.906726418756983,-0.421719339760623,0.));
#18878=DIRECTION('',(-0.906726418756983,0.421719339760623,0.));
#18879=DIRECTION('',(0.906726418756983,-0.421719339760623,0.));
#18880=DIRECTION('',(0.,0.,1.));
#18881=DIRECTION('center_axis',(-0.483248770967667,-0.875483081137631,0.));
#18882=DIRECTION('ref_axis',(0.875483081137631,-0.483248770967667,0.));
#18883=DIRECTION('',(-0.875483081137631,0.483248770967667,0.));
#18884=DIRECTION('',(0.875483081137631,-0.483248770967667,0.));
#18885=DIRECTION('',(0.,0.,1.));
#18886=DIRECTION('center_axis',(-0.556351326541134,-0.830947171278608,0.));
#18887=DIRECTION('ref_axis',(0.830947171278608,-0.556351326541134,0.));
#18888=DIRECTION('',(-0.830947171278608,0.556351326541134,0.));
#18889=DIRECTION('',(0.830947171278608,-0.556351326541134,0.));
#18890=DIRECTION('',(0.,0.,1.));
#18891=DIRECTION('center_axis',(-0.617819301921537,-0.786320106682504,0.));
#18892=DIRECTION('ref_axis',(0.786320106682504,-0.617819301921537,0.));
#18893=DIRECTION('',(-0.786320106682504,0.617819301921537,0.));
#18894=DIRECTION('',(0.786320106682504,-0.617819301921537,0.));
#18895=DIRECTION('',(0.,0.,1.));
#18896=DIRECTION('center_axis',(-0.678560688091607,-0.734544343505989,0.));
#18897=DIRECTION('ref_axis',(0.734544343505989,-0.678560688091607,0.));
#18898=DIRECTION('',(-0.734544343505989,0.678560688091607,0.));
#18899=DIRECTION('',(0.734544343505989,-0.678560688091607,0.));
#18900=DIRECTION('',(0.,0.,1.));
#18901=DIRECTION('center_axis',(-0.734536559860347,-0.678569113818575,0.));
#18902=DIRECTION('ref_axis',(0.678569113818575,-0.734536559860347,0.));
#18903=DIRECTION('',(-0.678569113818575,0.734536559860347,0.));
#18904=DIRECTION('',(0.678569113818575,-0.734536559860347,0.));
#18905=DIRECTION('',(0.,0.,1.));
#18906=DIRECTION('center_axis',(-0.786322581689156,-0.617816151881529,0.));
#18907=DIRECTION('ref_axis',(0.617816151881529,-0.786322581689156,0.));
#18908=DIRECTION('',(-0.617816151881529,0.786322581689156,0.));
#18909=DIRECTION('',(0.617816151881529,-0.786322581689156,0.));
#18910=DIRECTION('',(0.,0.,1.));
#18911=DIRECTION('center_axis',(-0.830970075339682,-0.556317116301452,0.));
#18912=DIRECTION('ref_axis',(0.556317116301452,-0.830970075339682,0.));
#18913=DIRECTION('',(-0.556317116301452,0.830970075339682,0.));
#18914=DIRECTION('',(0.556317116301452,-0.830970075339682,0.));
#18915=DIRECTION('',(0.,0.,1.));
#18916=DIRECTION('center_axis',(-0.875471211599562,-0.48327027392588,0.));
#18917=DIRECTION('ref_axis',(0.48327027392588,-0.875471211599562,0.));
#18918=DIRECTION('',(-0.48327027392588,0.875471211599562,0.));
#18919=DIRECTION('',(0.48327027392588,-0.875471211599562,0.));
#18920=DIRECTION('',(0.,0.,1.));
#18921=DIRECTION('center_axis',(-0.906722517989796,-0.421727726584634,0.));
#18922=DIRECTION('ref_axis',(0.421727726584634,-0.906722517989796,0.));
#18923=DIRECTION('',(-0.421727726584634,0.906722517989796,0.));
#18924=DIRECTION('',(0.421727726584634,-0.906722517989796,0.));
#18925=DIRECTION('',(0.,0.,1.));
#18926=DIRECTION('center_axis',(-0.939173517469926,-0.343443014317028,0.));
#18927=DIRECTION('ref_axis',(0.343443014317028,-0.939173517469926,0.));
#18928=DIRECTION('',(-0.343443014317028,0.939173517469926,0.));
#18929=DIRECTION('',(0.343443014317028,-0.939173517469926,0.));
#18930=DIRECTION('',(0.,0.,1.));
#18931=DIRECTION('center_axis',(-0.961792424309082,-0.273779715358278,0.));
#18932=DIRECTION('ref_axis',(0.273779715358278,-0.961792424309081,0.));
#18933=DIRECTION('',(-0.273779715358278,0.961792424309081,0.));
#18934=DIRECTION('',(0.273779715358278,-0.961792424309081,0.));
#18935=DIRECTION('',(0.,0.,1.));
#18936=DIRECTION('center_axis',(-0.980307094760304,-0.197479112724895,0.));
#18937=DIRECTION('ref_axis',(0.197479112724895,-0.980307094760304,0.));
#18938=DIRECTION('',(-0.197479112724895,0.980307094760304,0.));
#18939=DIRECTION('',(0.197479112724895,-0.980307094760304,0.));
#18940=DIRECTION('',(0.,0.,1.));
#18941=DIRECTION('center_axis',(-0.992910291759261,-0.118866111733069,0.));
#18942=DIRECTION('ref_axis',(0.118866111733069,-0.992910291759261,0.));
#18943=DIRECTION('',(-0.118866111733069,0.992910291759261,0.));
#18944=DIRECTION('',(0.118866111733069,-0.992910291759261,0.));
#18945=DIRECTION('',(0.,0.,1.));
#18946=DIRECTION('center_axis',(-0.999380612619485,-0.0351907817518055,
0.));
#18947=DIRECTION('ref_axis',(0.0351907817518055,-0.999380612619485,0.));
#18948=DIRECTION('',(-0.0351907817518055,0.999380612619485,0.));
#18949=DIRECTION('',(0.0351907817518055,-0.999380612619485,0.));
#18950=DIRECTION('',(0.,0.,1.));
#18951=DIRECTION('center_axis',(-1.,0.,0.));
#18952=DIRECTION('ref_axis',(0.,-1.,0.));
#18953=DIRECTION('',(0.,1.,0.));
#18954=DIRECTION('',(0.,-1.,0.));
#18955=DIRECTION('',(0.,0.,1.));
#18956=DIRECTION('center_axis',(-0.999378837890199,0.0352411460829011,0.));
#18957=DIRECTION('ref_axis',(-0.0352411460829011,-0.999378837890199,0.));
#18958=DIRECTION('',(0.0352411460829011,0.999378837890198,0.));
#18959=DIRECTION('',(-0.0352411460829011,-0.999378837890198,0.));
#18960=DIRECTION('',(0.,0.,1.));
#18961=DIRECTION('center_axis',(-0.992918171089133,0.11880027576151,0.));
#18962=DIRECTION('ref_axis',(-0.11880027576151,-0.992918171089133,0.));
#18963=DIRECTION('',(0.11880027576151,0.992918171089133,0.));
#18964=DIRECTION('',(-0.11880027576151,-0.992918171089133,0.));
#18965=DIRECTION('',(0.,0.,1.));
#18966=DIRECTION('center_axis',(-0.980319064926351,0.19741968225566,0.));
#18967=DIRECTION('ref_axis',(-0.19741968225566,-0.980319064926351,0.));
#18968=DIRECTION('',(0.19741968225566,0.980319064926351,0.));
#18969=DIRECTION('',(-0.19741968225566,-0.980319064926351,0.));
#18970=DIRECTION('',(0.,0.,1.));
#18971=DIRECTION('center_axis',(-0.96175421218628,0.273913919584144,0.));
#18972=DIRECTION('ref_axis',(-0.273913919584144,-0.961754212186279,0.));
#18973=DIRECTION('',(0.273913919584144,0.961754212186279,0.));
#18974=DIRECTION('',(-0.273913919584144,-0.961754212186279,0.));
#18975=DIRECTION('',(0.,0.,1.));
#18976=DIRECTION('center_axis',(-0.939083430056768,0.343689265751515,0.));
#18977=DIRECTION('ref_axis',(-0.343689265751515,-0.939083430056768,0.));
#18978=DIRECTION('',(0.343689265751515,0.939083430056768,0.));
#18979=DIRECTION('',(-0.343689265751515,-0.939083430056768,0.));
#18980=DIRECTION('',(0.,0.,1.));
#18981=DIRECTION('center_axis',(-0.906749726898065,0.421669221986008,0.));
#18982=DIRECTION('ref_axis',(-0.421669221986008,-0.906749726898065,0.));
#18983=DIRECTION('',(0.421669221986008,0.906749726898065,0.));
#18984=DIRECTION('',(-0.421669221986008,-0.906749726898065,0.));
#18985=DIRECTION('',(0.,0.,1.));
#18986=DIRECTION('center_axis',(-0.875767475360035,0.482733186244234,0.));
#18987=DIRECTION('ref_axis',(-0.482733186244234,-0.875767475360035,0.));
#18988=DIRECTION('',(0.482733186244234,0.875767475360035,0.));
#18989=DIRECTION('',(-0.482733186244234,-0.875767475360035,0.));
#18990=DIRECTION('',(0.,0.,1.));
#18991=DIRECTION('center_axis',(-0.830954258830318,0.556340740672258,0.));
#18992=DIRECTION('ref_axis',(-0.556340740672258,-0.830954258830318,0.));
#18993=DIRECTION('',(0.556340740672258,0.830954258830318,0.));
#18994=DIRECTION('',(-0.556340740672258,-0.830954258830318,0.));
#18995=DIRECTION('',(0.,0.,1.));
#18996=DIRECTION('center_axis',(-0.786046209623933,0.618167741261098,0.));
#18997=DIRECTION('ref_axis',(-0.618167741261098,-0.786046209623933,0.));
#18998=DIRECTION('',(0.618167741261098,0.786046209623933,0.));
#18999=DIRECTION('',(-0.618167741261098,-0.786046209623933,0.));
#19000=DIRECTION('',(0.,0.,1.));
#19001=DIRECTION('center_axis',(-0.73454590951009,0.678558992882708,0.));
#19002=DIRECTION('ref_axis',(-0.678558992882708,-0.73454590951009,0.));
#19003=DIRECTION('',(0.678558992882708,0.73454590951009,0.));
#19004=DIRECTION('',(-0.678558992882708,-0.73454590951009,0.));
#19005=DIRECTION('',(0.,0.,1.));
#19006=DIRECTION('center_axis',(-0.67865106144984,0.734460847692377,0.));
#19007=DIRECTION('ref_axis',(-0.734460847692377,-0.67865106144984,0.));
#19008=DIRECTION('',(0.734460847692377,0.67865106144984,0.));
#19009=DIRECTION('',(-0.734460847692377,-0.67865106144984,0.));
#19010=DIRECTION('',(0.,0.,1.));
#19011=DIRECTION('center_axis',(-0.617920087497706,0.786240908034445,0.));
#19012=DIRECTION('ref_axis',(-0.786240908034445,-0.617920087497706,0.));
#19013=DIRECTION('',(0.786240908034445,0.617920087497706,0.));
#19014=DIRECTION('',(-0.786240908034445,-0.617920087497706,0.));
#19015=DIRECTION('',(0.,0.,1.));
#19016=DIRECTION('center_axis',(-0.556820361257871,0.830632942573707,0.));
#19017=DIRECTION('ref_axis',(-0.830632942573706,-0.556820361257871,0.));
#19018=DIRECTION('',(0.830632942573707,0.556820361257871,0.));
#19019=DIRECTION('',(-0.830632942573707,-0.556820361257871,0.));
#19020=DIRECTION('',(0.,0.,1.));
#19021=DIRECTION('center_axis',(-0.482531520272044,0.875878605711973,0.));
#19022=DIRECTION('ref_axis',(-0.875878605711973,-0.482531520272044,0.));
#19023=DIRECTION('',(0.875878605711973,0.482531520272044,0.));
#19024=DIRECTION('',(-0.875878605711973,-0.482531520272044,0.));
#19025=DIRECTION('',(0.,0.,1.));
#19026=DIRECTION('center_axis',(-0.421379582428182,0.906884362811848,0.));
#19027=DIRECTION('ref_axis',(-0.906884362811848,-0.421379582428182,0.));
#19028=DIRECTION('',(0.906884362811848,0.421379582428182,0.));
#19029=DIRECTION('',(-0.906884362811848,-0.421379582428182,0.));
#19030=DIRECTION('',(0.,0.,1.));
#19031=DIRECTION('center_axis',(-0.344215806021567,0.938890557458601,0.));
#19032=DIRECTION('ref_axis',(-0.938890557458601,-0.344215806021567,0.));
#19033=DIRECTION('',(0.938890557458601,0.344215806021567,0.));
#19034=DIRECTION('',(-0.938890557458601,-0.344215806021567,0.));
#19035=DIRECTION('',(0.,0.,1.));
#19036=DIRECTION('center_axis',(-0.27311902784753,0.961980247524667,0.));
#19037=DIRECTION('ref_axis',(-0.961980247524667,-0.27311902784753,0.));
#19038=DIRECTION('',(0.961980247524667,0.27311902784753,0.));
#19039=DIRECTION('',(-0.961980247524667,-0.27311902784753,0.));
#19040=DIRECTION('',(0.,0.,1.));
#19041=DIRECTION('center_axis',(-0.198536231096312,0.980093549076858,0.));
#19042=DIRECTION('ref_axis',(-0.980093549076858,-0.198536231096312,0.));
#19043=DIRECTION('',(0.980093549076858,0.198536231096312,0.));
#19044=DIRECTION('',(-0.980093549076858,-0.198536231096312,0.));
#19045=DIRECTION('',(0.,0.,1.));
#19046=DIRECTION('center_axis',(-0.118236716532687,0.992985437387462,0.));
#19047=DIRECTION('ref_axis',(-0.992985437387462,-0.118236716532687,0.));
#19048=DIRECTION('',(0.992985437387462,0.118236716532687,0.));
#19049=DIRECTION('',(-0.992985437387462,-0.118236716532687,0.));
#19050=DIRECTION('',(0.,0.,1.));
#19051=DIRECTION('center_axis',(-0.0342177754769107,0.999414400457294,0.));
#19052=DIRECTION('ref_axis',(-0.999414400457294,-0.0342177754769107,0.));
#19053=DIRECTION('',(0.999414400457294,0.0342177754769107,0.));
#19054=DIRECTION('',(-0.999414400457294,-0.0342177754769107,0.));
#19055=DIRECTION('center_axis',(0.,0.,1.));
#19056=DIRECTION('ref_axis',(1.,0.,0.));
#19057=DIRECTION('center_axis',(0.,0.,1.));
#19058=DIRECTION('ref_axis',(1.,0.,0.));
#19059=DIRECTION('',(0.,0.,1.));
#19060=DIRECTION('',(1.,0.,0.));
#19061=DIRECTION('',(-3.0184188481996E-16,1.49845880706609E-46,0.99999999999999));
#19062=DIRECTION('',(0.999999999999997,7.21644966006356E-16,3.01841884819962E-16));
#19063=DIRECTION('',(0.,0.,1.));
#19064=DIRECTION('',(1.,-8.88178419700125E-16,-1.54074395550979E-33));
#19065=DIRECTION('',(0.,0.,1.));
#19066=DIRECTION('',(1.,1.11022302462516E-15,0.));
#19067=CARTESIAN_POINT('',(0.,0.,0.));
#19068=CARTESIAN_POINT('',(0.,0.,0.));
#19069=CARTESIAN_POINT('Origin',(3.65457,5.9104,0.));
#19070=CARTESIAN_POINT('',(3.65457,5.9104,0.));
#19071=CARTESIAN_POINT('',(4.10104,6.13777,0.));
#19072=CARTESIAN_POINT('',(4.10104,6.13777,0.));
#19073=CARTESIAN_POINT('',(4.10104,6.13777,3.));
#19074=CARTESIAN_POINT('',(4.10104,6.13777,0.));
#19075=CARTESIAN_POINT('',(3.65457,5.9104,3.));
#19076=CARTESIAN_POINT('',(4.10104,6.13777,3.));
#19077=CARTESIAN_POINT('',(3.65457,5.9104,0.));
#19078=CARTESIAN_POINT('Origin',(3.3004,5.55625,0.));
#19079=CARTESIAN_POINT('',(3.3004,5.55625,0.));
#19080=CARTESIAN_POINT('',(3.65457,5.9104,0.));
#19081=CARTESIAN_POINT('',(3.3004,5.55625,3.));
#19082=CARTESIAN_POINT('',(3.65457,5.9104,3.));
#19083=CARTESIAN_POINT('',(3.3004,5.55625,0.));
#19084=CARTESIAN_POINT('Origin',(3.07303,5.10977,0.));
#19085=CARTESIAN_POINT('',(3.07303,5.10977,0.));
#19086=CARTESIAN_POINT('',(3.3004,5.55625,0.));
#19087=CARTESIAN_POINT('',(3.07303,5.10977,3.));
#19088=CARTESIAN_POINT('',(3.3004,5.55625,3.));
#19089=CARTESIAN_POINT('',(3.07303,5.10977,0.));
#19090=CARTESIAN_POINT('Origin',(2.99586,4.61504,0.));
#19091=CARTESIAN_POINT('',(2.99586,4.61504,0.));
#19092=CARTESIAN_POINT('',(3.07303,5.10977,0.));
#19093=CARTESIAN_POINT('',(2.99586,4.61504,3.));
#19094=CARTESIAN_POINT('',(3.07303,5.10977,3.));
#19095=CARTESIAN_POINT('',(2.99586,4.61504,0.));
#19096=CARTESIAN_POINT('Origin',(3.07303,4.12171,0.));
#19097=CARTESIAN_POINT('',(3.07303,4.12171,0.));
#19098=CARTESIAN_POINT('',(2.99586,4.61504,0.));
#19099=CARTESIAN_POINT('',(3.07303,4.12171,3.));
#19100=CARTESIAN_POINT('',(2.99586,4.61504,3.));
#19101=CARTESIAN_POINT('',(3.07303,4.12171,0.));
#19102=CARTESIAN_POINT('Origin',(3.3004,3.67524,0.));
#19103=CARTESIAN_POINT('',(3.3004,3.67524,0.));
#19104=CARTESIAN_POINT('',(3.07303,4.12171,0.));
#19105=CARTESIAN_POINT('',(3.3004,3.67524,3.));
#19106=CARTESIAN_POINT('',(3.07303,4.12171,3.));
#19107=CARTESIAN_POINT('',(3.3004,3.67524,0.));
#19108=CARTESIAN_POINT('Origin',(3.65457,3.32107,0.));
#19109=CARTESIAN_POINT('',(3.65457,3.32107,0.));
#19110=CARTESIAN_POINT('',(3.3004,3.67524,0.));
#19111=CARTESIAN_POINT('',(3.65457,3.32107,3.));
#19112=CARTESIAN_POINT('',(3.3004,3.67524,3.));
#19113=CARTESIAN_POINT('',(3.65457,3.32107,0.));
#19114=CARTESIAN_POINT('Origin',(4.10104,3.0937,0.));
#19115=CARTESIAN_POINT('',(4.10104,3.0937,0.));
#19116=CARTESIAN_POINT('',(3.65457,3.32107,0.));
#19117=CARTESIAN_POINT('',(4.10104,3.0937,3.));
#19118=CARTESIAN_POINT('',(3.65457,3.32107,3.));
#19119=CARTESIAN_POINT('',(4.10104,3.0937,0.));
#19120=CARTESIAN_POINT('Origin',(4.59574,3.01653,0.));
#19121=CARTESIAN_POINT('',(4.59574,3.01653,0.));
#19122=CARTESIAN_POINT('',(4.10104,3.0937,0.));
#19123=CARTESIAN_POINT('',(4.59574,3.01653,3.));
#19124=CARTESIAN_POINT('',(4.10104,3.0937,3.));
#19125=CARTESIAN_POINT('',(4.59574,3.01653,0.));
#19126=CARTESIAN_POINT('Origin',(5.0891,3.0937,0.));
#19127=CARTESIAN_POINT('',(5.0891,3.0937,0.));
#19128=CARTESIAN_POINT('',(4.59574,3.01653,0.));
#19129=CARTESIAN_POINT('',(5.0891,3.0937,3.));
#19130=CARTESIAN_POINT('',(4.59574,3.01653,3.));
#19131=CARTESIAN_POINT('',(5.0891,3.0937,0.));
#19132=CARTESIAN_POINT('Origin',(5.53558,3.32107,0.));
#19133=CARTESIAN_POINT('',(5.53558,3.32107,0.));
#19134=CARTESIAN_POINT('',(5.0891,3.0937,0.));
#19135=CARTESIAN_POINT('',(5.53558,3.32107,3.));
#19136=CARTESIAN_POINT('',(5.0891,3.0937,3.));
#19137=CARTESIAN_POINT('',(5.53558,3.32107,0.));
#19138=CARTESIAN_POINT('Origin',(5.88973,3.67524,0.));
#19139=CARTESIAN_POINT('',(5.88973,3.67524,0.));
#19140=CARTESIAN_POINT('',(5.53558,3.32107,0.));
#19141=CARTESIAN_POINT('',(5.88973,3.67524,3.));
#19142=CARTESIAN_POINT('',(5.53558,3.32107,3.));
#19143=CARTESIAN_POINT('',(5.88973,3.67524,0.));
#19144=CARTESIAN_POINT('Origin',(6.1171,4.12171,0.));
#19145=CARTESIAN_POINT('',(6.1171,4.12171,0.));
#19146=CARTESIAN_POINT('',(5.88973,3.67524,0.));
#19147=CARTESIAN_POINT('',(6.1171,4.12171,3.));
#19148=CARTESIAN_POINT('',(5.88973,3.67524,3.));
#19149=CARTESIAN_POINT('',(6.1171,4.12171,0.));
#19150=CARTESIAN_POINT('Origin',(6.19566,4.61504,0.));
#19151=CARTESIAN_POINT('',(6.19566,4.61504,0.));
#19152=CARTESIAN_POINT('',(6.1171,4.12171,0.));
#19153=CARTESIAN_POINT('',(6.19566,4.61504,3.));
#19154=CARTESIAN_POINT('',(6.1171,4.12171,3.));
#19155=CARTESIAN_POINT('',(6.19566,4.61504,0.));
#19156=CARTESIAN_POINT('Origin',(6.1171,5.10977,0.));
#19157=CARTESIAN_POINT('',(6.1171,5.10977,0.));
#19158=CARTESIAN_POINT('',(6.19566,4.61504,0.));
#19159=CARTESIAN_POINT('',(6.1171,5.10977,3.));
#19160=CARTESIAN_POINT('',(6.19566,4.61504,3.));
#19161=CARTESIAN_POINT('',(6.1171,5.10977,0.));
#19162=CARTESIAN_POINT('Origin',(5.88973,5.55625,0.));
#19163=CARTESIAN_POINT('',(5.88973,5.55625,0.));
#19164=CARTESIAN_POINT('',(6.1171,5.10977,0.));
#19165=CARTESIAN_POINT('',(5.88973,5.55625,3.));
#19166=CARTESIAN_POINT('',(6.1171,5.10977,3.));
#19167=CARTESIAN_POINT('',(5.88973,5.55625,0.));
#19168=CARTESIAN_POINT('Origin',(5.53558,5.9104,0.));
#19169=CARTESIAN_POINT('',(5.53558,5.9104,0.));
#19170=CARTESIAN_POINT('',(5.88973,5.55625,0.));
#19171=CARTESIAN_POINT('',(5.53558,5.9104,3.));
#19172=CARTESIAN_POINT('',(5.88973,5.55625,3.));
#19173=CARTESIAN_POINT('',(5.53558,5.9104,0.));
#19174=CARTESIAN_POINT('Origin',(5.0891,6.13777,0.));
#19175=CARTESIAN_POINT('',(5.0891,6.13777,0.));
#19176=CARTESIAN_POINT('',(5.53558,5.9104,0.));
#19177=CARTESIAN_POINT('',(5.0891,6.13777,3.));
#19178=CARTESIAN_POINT('',(5.53558,5.9104,3.));
#19179=CARTESIAN_POINT('',(5.0891,6.13777,0.));
#19180=CARTESIAN_POINT('Origin',(4.59574,6.21496,0.));
#19181=CARTESIAN_POINT('',(4.59574,6.21496,0.));
#19182=CARTESIAN_POINT('',(5.0891,6.13777,0.));
#19183=CARTESIAN_POINT('',(4.59574,6.21496,3.));
#19184=CARTESIAN_POINT('',(5.0891,6.13777,3.));
#19185=CARTESIAN_POINT('',(4.59574,6.21496,0.));
#19186=CARTESIAN_POINT('Origin',(4.10104,6.13777,0.));
#19187=CARTESIAN_POINT('',(4.59574,6.21496,0.));
#19188=CARTESIAN_POINT('',(4.59574,6.21496,3.));
#19189=CARTESIAN_POINT('Origin',(3.65457,90.8914,0.));
#19190=CARTESIAN_POINT('',(3.65457,90.8914,0.));
#19191=CARTESIAN_POINT('',(4.10104,91.1186,0.));
#19192=CARTESIAN_POINT('',(4.10104,91.1186,0.));
#19193=CARTESIAN_POINT('',(4.10104,91.1186,3.));
#19194=CARTESIAN_POINT('',(4.10104,91.1186,0.));
#19195=CARTESIAN_POINT('',(3.65457,90.8914,3.));
#19196=CARTESIAN_POINT('',(4.10104,91.1186,3.));
#19197=CARTESIAN_POINT('',(3.65457,90.8914,0.));
#19198=CARTESIAN_POINT('Origin',(3.3004,90.5372,0.));
#19199=CARTESIAN_POINT('',(3.3004,90.5372,0.));
#19200=CARTESIAN_POINT('',(3.65457,90.8914,0.));
#19201=CARTESIAN_POINT('',(3.3004,90.5372,3.));
#19202=CARTESIAN_POINT('',(3.65457,90.8914,3.));
#19203=CARTESIAN_POINT('',(3.3004,90.5372,0.));
#19204=CARTESIAN_POINT('Origin',(3.07303,90.0906,0.));
#19205=CARTESIAN_POINT('',(3.07303,90.0906,0.));
#19206=CARTESIAN_POINT('',(3.3004,90.5372,0.));
#19207=CARTESIAN_POINT('',(3.07303,90.0906,3.));
#19208=CARTESIAN_POINT('',(3.3004,90.5372,3.));
#19209=CARTESIAN_POINT('',(3.07303,90.0906,0.));
#19210=CARTESIAN_POINT('Origin',(2.99586,89.596,0.));
#19211=CARTESIAN_POINT('',(2.99586,89.596,0.));
#19212=CARTESIAN_POINT('',(3.07303,90.0906,0.));
#19213=CARTESIAN_POINT('',(2.99586,89.596,3.));
#19214=CARTESIAN_POINT('',(3.07303,90.0906,3.));
#19215=CARTESIAN_POINT('',(2.99586,89.596,0.));
#19216=CARTESIAN_POINT('Origin',(3.07303,89.1025,0.));
#19217=CARTESIAN_POINT('',(3.07303,89.1025,0.));
#19218=CARTESIAN_POINT('',(2.99586,89.596,0.));
#19219=CARTESIAN_POINT('',(3.07303,89.1025,3.));
#19220=CARTESIAN_POINT('',(2.99586,89.596,3.));
#19221=CARTESIAN_POINT('',(3.07303,89.1025,0.));
#19222=CARTESIAN_POINT('Origin',(3.3004,88.6562,0.));
#19223=CARTESIAN_POINT('',(3.3004,88.6562,0.));
#19224=CARTESIAN_POINT('',(3.07303,89.1025,0.));
#19225=CARTESIAN_POINT('',(3.3004,88.6562,3.));
#19226=CARTESIAN_POINT('',(3.07303,89.1025,3.));
#19227=CARTESIAN_POINT('',(3.3004,88.6562,0.));
#19228=CARTESIAN_POINT('Origin',(3.65457,88.302,0.));
#19229=CARTESIAN_POINT('',(3.65457,88.302,0.));
#19230=CARTESIAN_POINT('',(3.3004,88.6562,0.));
#19231=CARTESIAN_POINT('',(3.65457,88.302,3.));
#19232=CARTESIAN_POINT('',(3.3004,88.6562,3.));
#19233=CARTESIAN_POINT('',(3.65457,88.302,0.));
#19234=CARTESIAN_POINT('Origin',(4.10104,88.0745,0.));
#19235=CARTESIAN_POINT('',(4.10104,88.0745,0.));
#19236=CARTESIAN_POINT('',(3.65457,88.302,0.));
#19237=CARTESIAN_POINT('',(4.10104,88.0745,3.));
#19238=CARTESIAN_POINT('',(3.65457,88.302,3.));
#19239=CARTESIAN_POINT('',(4.10104,88.0745,0.));
#19240=CARTESIAN_POINT('Origin',(4.59574,87.9962,0.));
#19241=CARTESIAN_POINT('',(4.59574,87.9962,0.));
#19242=CARTESIAN_POINT('',(4.10104,88.0745,0.));
#19243=CARTESIAN_POINT('',(4.59574,87.9962,3.));
#19244=CARTESIAN_POINT('',(4.10104,88.0745,3.));
#19245=CARTESIAN_POINT('',(4.59574,87.9962,0.));
#19246=CARTESIAN_POINT('Origin',(5.0891,88.0745,0.));
#19247=CARTESIAN_POINT('',(5.0891,88.0745,0.));
#19248=CARTESIAN_POINT('',(4.59574,87.9962,0.));
#19249=CARTESIAN_POINT('',(5.0891,88.0745,3.));
#19250=CARTESIAN_POINT('',(4.59574,87.9962,3.));
#19251=CARTESIAN_POINT('',(5.0891,88.0745,0.));
#19252=CARTESIAN_POINT('Origin',(5.53558,88.302,0.));
#19253=CARTESIAN_POINT('',(5.53558,88.302,0.));
#19254=CARTESIAN_POINT('',(5.0891,88.0745,0.));
#19255=CARTESIAN_POINT('',(5.53558,88.302,3.));
#19256=CARTESIAN_POINT('',(5.0891,88.0745,3.));
#19257=CARTESIAN_POINT('',(5.53558,88.302,0.));
#19258=CARTESIAN_POINT('Origin',(5.88973,88.6562,0.));
#19259=CARTESIAN_POINT('',(5.88973,88.6562,0.));
#19260=CARTESIAN_POINT('',(5.53558,88.302,0.));
#19261=CARTESIAN_POINT('',(5.88973,88.6562,3.));
#19262=CARTESIAN_POINT('',(5.53558,88.302,3.));
#19263=CARTESIAN_POINT('',(5.88973,88.6562,0.));
#19264=CARTESIAN_POINT('Origin',(6.1171,89.1025,0.));
#19265=CARTESIAN_POINT('',(6.1171,89.1025,0.));
#19266=CARTESIAN_POINT('',(5.88973,88.6562,0.));
#19267=CARTESIAN_POINT('',(6.1171,89.1025,3.));
#19268=CARTESIAN_POINT('',(5.88973,88.6562,3.));
#19269=CARTESIAN_POINT('',(6.1171,89.1025,0.));
#19270=CARTESIAN_POINT('Origin',(6.19566,89.596,0.));
#19271=CARTESIAN_POINT('',(6.19566,89.596,0.));
#19272=CARTESIAN_POINT('',(6.1171,89.1025,0.));
#19273=CARTESIAN_POINT('',(6.19566,89.596,3.));
#19274=CARTESIAN_POINT('',(6.1171,89.1025,3.));
#19275=CARTESIAN_POINT('',(6.19566,89.596,0.));
#19276=CARTESIAN_POINT('Origin',(6.1171,90.0906,0.));
#19277=CARTESIAN_POINT('',(6.1171,90.0906,0.));
#19278=CARTESIAN_POINT('',(6.19566,89.596,0.));
#19279=CARTESIAN_POINT('',(6.1171,90.0906,3.));
#19280=CARTESIAN_POINT('',(6.19566,89.596,3.));
#19281=CARTESIAN_POINT('',(6.1171,90.0906,0.));
#19282=CARTESIAN_POINT('Origin',(5.88973,90.5372,0.));
#19283=CARTESIAN_POINT('',(5.88973,90.5372,0.));
#19284=CARTESIAN_POINT('',(6.1171,90.0906,0.));
#19285=CARTESIAN_POINT('',(5.88973,90.5372,3.));
#19286=CARTESIAN_POINT('',(6.1171,90.0906,3.));
#19287=CARTESIAN_POINT('',(5.88973,90.5372,0.));
#19288=CARTESIAN_POINT('Origin',(5.53558,90.8914,0.));
#19289=CARTESIAN_POINT('',(5.53558,90.8914,0.));
#19290=CARTESIAN_POINT('',(5.88973,90.5372,0.));
#19291=CARTESIAN_POINT('',(5.53558,90.8914,3.));
#19292=CARTESIAN_POINT('',(5.88973,90.5372,3.));
#19293=CARTESIAN_POINT('',(5.53558,90.8914,0.));
#19294=CARTESIAN_POINT('Origin',(5.0891,91.1186,0.));
#19295=CARTESIAN_POINT('',(5.0891,91.1186,0.));
#19296=CARTESIAN_POINT('',(5.53558,90.8914,0.));
#19297=CARTESIAN_POINT('',(5.0891,91.1186,3.));
#19298=CARTESIAN_POINT('',(5.53558,90.8914,3.));
#19299=CARTESIAN_POINT('',(5.0891,91.1186,0.));
#19300=CARTESIAN_POINT('Origin',(4.59574,91.1959,0.));
#19301=CARTESIAN_POINT('',(4.59574,91.1959,0.));
#19302=CARTESIAN_POINT('',(5.0891,91.1186,0.));
#19303=CARTESIAN_POINT('',(4.59574,91.1959,3.));
#19304=CARTESIAN_POINT('',(5.0891,91.1186,3.));
#19305=CARTESIAN_POINT('',(4.59574,91.1959,0.));
#19306=CARTESIAN_POINT('Origin',(4.10104,91.1186,0.));
#19307=CARTESIAN_POINT('',(4.59574,91.1959,0.));
#19308=CARTESIAN_POINT('',(4.59574,91.1959,3.));
#19309=CARTESIAN_POINT('Origin',(74.7504,90.8914,0.));
#19310=CARTESIAN_POINT('',(74.7504,90.8914,0.));
#19311=CARTESIAN_POINT('',(75.1967,91.1186,0.));
#19312=CARTESIAN_POINT('',(75.1967,91.1186,0.));
#19313=CARTESIAN_POINT('',(75.1967,91.1186,3.));
#19314=CARTESIAN_POINT('',(75.1967,91.1186,0.));
#19315=CARTESIAN_POINT('',(74.7504,90.8914,3.));
#19316=CARTESIAN_POINT('',(75.1967,91.1186,3.));
#19317=CARTESIAN_POINT('',(74.7504,90.8914,0.));
#19318=CARTESIAN_POINT('Origin',(74.3962,90.5372,0.));
#19319=CARTESIAN_POINT('',(74.3962,90.5372,0.));
#19320=CARTESIAN_POINT('',(74.7504,90.8914,0.));
#19321=CARTESIAN_POINT('',(74.3962,90.5372,3.));
#19322=CARTESIAN_POINT('',(74.7504,90.8914,3.));
#19323=CARTESIAN_POINT('',(74.3962,90.5372,0.));
#19324=CARTESIAN_POINT('Origin',(74.1701,90.0906,0.));
#19325=CARTESIAN_POINT('',(74.1701,90.0906,0.));
#19326=CARTESIAN_POINT('',(74.3962,90.5372,0.));
#19327=CARTESIAN_POINT('',(74.1701,90.0906,3.));
#19328=CARTESIAN_POINT('',(74.3962,90.5372,3.));
#19329=CARTESIAN_POINT('',(74.1701,90.0906,0.));
#19330=CARTESIAN_POINT('Origin',(74.0914,89.596,0.));
#19331=CARTESIAN_POINT('',(74.0914,89.596,0.));
#19332=CARTESIAN_POINT('',(74.1701,90.0906,0.));
#19333=CARTESIAN_POINT('',(74.0914,89.596,3.));
#19334=CARTESIAN_POINT('',(74.1701,90.0906,3.));
#19335=CARTESIAN_POINT('',(74.0914,89.596,0.));
#19336=CARTESIAN_POINT('Origin',(74.1701,89.1025,0.));
#19337=CARTESIAN_POINT('',(74.1701,89.1025,0.));
#19338=CARTESIAN_POINT('',(74.0914,89.596,0.));
#19339=CARTESIAN_POINT('',(74.1701,89.1025,3.));
#19340=CARTESIAN_POINT('',(74.0914,89.596,3.));
#19341=CARTESIAN_POINT('',(74.1701,89.1025,0.));
#19342=CARTESIAN_POINT('Origin',(74.3962,88.6562,0.));
#19343=CARTESIAN_POINT('',(74.3962,88.6562,0.));
#19344=CARTESIAN_POINT('',(74.1701,89.1025,0.));
#19345=CARTESIAN_POINT('',(74.3962,88.6562,3.));
#19346=CARTESIAN_POINT('',(74.1701,89.1025,3.));
#19347=CARTESIAN_POINT('',(74.3962,88.6562,0.));
#19348=CARTESIAN_POINT('Origin',(74.7504,88.302,0.));
#19349=CARTESIAN_POINT('',(74.7504,88.302,0.));
#19350=CARTESIAN_POINT('',(74.3962,88.6562,0.));
#19351=CARTESIAN_POINT('',(74.7504,88.302,3.));
#19352=CARTESIAN_POINT('',(74.3962,88.6562,3.));
#19353=CARTESIAN_POINT('',(74.7504,88.302,0.));
#19354=CARTESIAN_POINT('Origin',(75.1967,88.0745,0.));
#19355=CARTESIAN_POINT('',(75.1967,88.0745,0.));
#19356=CARTESIAN_POINT('',(74.7504,88.302,0.));
#19357=CARTESIAN_POINT('',(75.1967,88.0745,3.));
#19358=CARTESIAN_POINT('',(74.7504,88.302,3.));
#19359=CARTESIAN_POINT('',(75.1967,88.0745,0.));
#19360=CARTESIAN_POINT('Origin',(75.6916,87.9962,0.));
#19361=CARTESIAN_POINT('',(75.6916,87.9962,0.));
#19362=CARTESIAN_POINT('',(75.1967,88.0745,0.));
#19363=CARTESIAN_POINT('',(75.6916,87.9962,3.));
#19364=CARTESIAN_POINT('',(75.1967,88.0745,3.));
#19365=CARTESIAN_POINT('',(75.6916,87.9962,0.));
#19366=CARTESIAN_POINT('Origin',(76.1848,88.0745,0.));
#19367=CARTESIAN_POINT('',(76.1848,88.0745,0.));
#19368=CARTESIAN_POINT('',(75.6916,87.9962,0.));
#19369=CARTESIAN_POINT('',(76.1848,88.0745,3.));
#19370=CARTESIAN_POINT('',(75.6916,87.9962,3.));
#19371=CARTESIAN_POINT('',(76.1848,88.0745,0.));
#19372=CARTESIAN_POINT('Origin',(76.6315,88.302,0.));
#19373=CARTESIAN_POINT('',(76.6315,88.302,0.));
#19374=CARTESIAN_POINT('',(76.1848,88.0745,0.));
#19375=CARTESIAN_POINT('',(76.6315,88.302,3.));
#19376=CARTESIAN_POINT('',(76.1848,88.0745,3.));
#19377=CARTESIAN_POINT('',(76.6315,88.302,0.));
#19378=CARTESIAN_POINT('Origin',(76.9856,88.6562,0.));
#19379=CARTESIAN_POINT('',(76.9856,88.6562,0.));
#19380=CARTESIAN_POINT('',(76.6315,88.302,0.));
#19381=CARTESIAN_POINT('',(76.9856,88.6562,3.));
#19382=CARTESIAN_POINT('',(76.6315,88.302,3.));
#19383=CARTESIAN_POINT('',(76.9856,88.6562,0.));
#19384=CARTESIAN_POINT('Origin',(77.2128,89.1025,0.));
#19385=CARTESIAN_POINT('',(77.2128,89.1025,0.));
#19386=CARTESIAN_POINT('',(76.9856,88.6562,0.));
#19387=CARTESIAN_POINT('',(77.2128,89.1025,3.));
#19388=CARTESIAN_POINT('',(76.9856,88.6562,3.));
#19389=CARTESIAN_POINT('',(77.2128,89.1025,0.));
#19390=CARTESIAN_POINT('Origin',(77.2915,89.596,0.));
#19391=CARTESIAN_POINT('',(77.2915,89.596,0.));
#19392=CARTESIAN_POINT('',(77.2128,89.1025,0.));
#19393=CARTESIAN_POINT('',(77.2915,89.596,3.));
#19394=CARTESIAN_POINT('',(77.2128,89.1025,3.));
#19395=CARTESIAN_POINT('',(77.2915,89.596,0.));
#19396=CARTESIAN_POINT('Origin',(77.2128,90.0906,0.));
#19397=CARTESIAN_POINT('',(77.2128,90.0906,0.));
#19398=CARTESIAN_POINT('',(77.2915,89.596,0.));
#19399=CARTESIAN_POINT('',(77.2128,90.0906,3.));
#19400=CARTESIAN_POINT('',(77.2915,89.596,3.));
#19401=CARTESIAN_POINT('',(77.2128,90.0906,0.));
#19402=CARTESIAN_POINT('Origin',(76.9856,90.5372,0.));
#19403=CARTESIAN_POINT('',(76.9856,90.5372,0.));
#19404=CARTESIAN_POINT('',(77.2128,90.0906,0.));
#19405=CARTESIAN_POINT('',(76.9856,90.5372,3.));
#19406=CARTESIAN_POINT('',(77.2128,90.0906,3.));
#19407=CARTESIAN_POINT('',(76.9856,90.5372,0.));
#19408=CARTESIAN_POINT('Origin',(76.6315,90.8914,0.));
#19409=CARTESIAN_POINT('',(76.6315,90.8914,0.));
#19410=CARTESIAN_POINT('',(76.9856,90.5372,0.));
#19411=CARTESIAN_POINT('',(76.6315,90.8914,3.));
#19412=CARTESIAN_POINT('',(76.9856,90.5372,3.));
#19413=CARTESIAN_POINT('',(76.6315,90.8914,0.));
#19414=CARTESIAN_POINT('Origin',(76.1848,91.1186,0.));
#19415=CARTESIAN_POINT('',(76.1848,91.1186,0.));
#19416=CARTESIAN_POINT('',(76.6315,90.8914,0.));
#19417=CARTESIAN_POINT('',(76.1848,91.1186,3.));
#19418=CARTESIAN_POINT('',(76.6315,90.8914,3.));
#19419=CARTESIAN_POINT('',(76.1848,91.1186,0.));
#19420=CARTESIAN_POINT('Origin',(75.6916,91.1959,0.));
#19421=CARTESIAN_POINT('',(75.6916,91.1959,0.));
#19422=CARTESIAN_POINT('',(76.1848,91.1186,0.));
#19423=CARTESIAN_POINT('',(75.6916,91.1959,3.));
#19424=CARTESIAN_POINT('',(76.1848,91.1186,3.));
#19425=CARTESIAN_POINT('',(75.6916,91.1959,0.));
#19426=CARTESIAN_POINT('Origin',(75.1967,91.1186,0.));
#19427=CARTESIAN_POINT('',(75.6916,91.1959,0.));
#19428=CARTESIAN_POINT('',(75.6916,91.1959,3.));
#19429=CARTESIAN_POINT('Origin',(74.7504,5.9104,0.));
#19430=CARTESIAN_POINT('',(74.7504,5.9104,0.));
#19431=CARTESIAN_POINT('',(75.1967,6.13777,0.));
#19432=CARTESIAN_POINT('',(75.1967,6.13777,0.));
#19433=CARTESIAN_POINT('',(75.1967,6.13777,3.));
#19434=CARTESIAN_POINT('',(75.1967,6.13777,0.));
#19435=CARTESIAN_POINT('',(74.7504,5.9104,3.));
#19436=CARTESIAN_POINT('',(75.1967,6.13777,3.));
#19437=CARTESIAN_POINT('',(74.7504,5.9104,0.));
#19438=CARTESIAN_POINT('Origin',(74.3962,5.55625,0.));
#19439=CARTESIAN_POINT('',(74.3962,5.55625,0.));
#19440=CARTESIAN_POINT('',(74.7504,5.9104,0.));
#19441=CARTESIAN_POINT('',(74.3962,5.55625,3.));
#19442=CARTESIAN_POINT('',(74.7504,5.9104,3.));
#19443=CARTESIAN_POINT('',(74.3962,5.55625,0.));
#19444=CARTESIAN_POINT('Origin',(74.1701,5.10977,0.));
#19445=CARTESIAN_POINT('',(74.1701,5.10977,0.));
#19446=CARTESIAN_POINT('',(74.3962,5.55625,0.));
#19447=CARTESIAN_POINT('',(74.1701,5.10977,3.));
#19448=CARTESIAN_POINT('',(74.3962,5.55625,3.));
#19449=CARTESIAN_POINT('',(74.1701,5.10977,0.));
#19450=CARTESIAN_POINT('Origin',(74.0914,4.61504,0.));
#19451=CARTESIAN_POINT('',(74.0914,4.61504,0.));
#19452=CARTESIAN_POINT('',(74.1701,5.10977,0.));
#19453=CARTESIAN_POINT('',(74.0914,4.61504,3.));
#19454=CARTESIAN_POINT('',(74.1701,5.10977,3.));
#19455=CARTESIAN_POINT('',(74.0914,4.61504,0.));
#19456=CARTESIAN_POINT('Origin',(74.1701,4.12171,0.));
#19457=CARTESIAN_POINT('',(74.1701,4.12171,0.));
#19458=CARTESIAN_POINT('',(74.0914,4.61504,0.));
#19459=CARTESIAN_POINT('',(74.1701,4.12171,3.));
#19460=CARTESIAN_POINT('',(74.0914,4.61504,3.));
#19461=CARTESIAN_POINT('',(74.1701,4.12171,0.));
#19462=CARTESIAN_POINT('Origin',(74.3962,3.67524,0.));
#19463=CARTESIAN_POINT('',(74.3962,3.67524,0.));
#19464=CARTESIAN_POINT('',(74.1701,4.12171,0.));
#19465=CARTESIAN_POINT('',(74.3962,3.67524,3.));
#19466=CARTESIAN_POINT('',(74.1701,4.12171,3.));
#19467=CARTESIAN_POINT('',(74.3962,3.67524,0.));
#19468=CARTESIAN_POINT('Origin',(74.7504,3.32107,0.));
#19469=CARTESIAN_POINT('',(74.7504,3.32107,0.));
#19470=CARTESIAN_POINT('',(74.3962,3.67524,0.));
#19471=CARTESIAN_POINT('',(74.7504,3.32107,3.));
#19472=CARTESIAN_POINT('',(74.3962,3.67524,3.));
#19473=CARTESIAN_POINT('',(74.7504,3.32107,0.));
#19474=CARTESIAN_POINT('Origin',(75.1967,3.0937,0.));
#19475=CARTESIAN_POINT('',(75.1967,3.0937,0.));
#19476=CARTESIAN_POINT('',(74.7504,3.32107,0.));
#19477=CARTESIAN_POINT('',(75.1967,3.0937,3.));
#19478=CARTESIAN_POINT('',(74.7504,3.32107,3.));
#19479=CARTESIAN_POINT('',(75.1967,3.0937,0.));
#19480=CARTESIAN_POINT('Origin',(75.6916,3.01653,0.));
#19481=CARTESIAN_POINT('',(75.6916,3.01653,0.));
#19482=CARTESIAN_POINT('',(75.1967,3.0937,0.));
#19483=CARTESIAN_POINT('',(75.6916,3.01653,3.));
#19484=CARTESIAN_POINT('',(75.1967,3.0937,3.));
#19485=CARTESIAN_POINT('',(75.6916,3.01653,0.));
#19486=CARTESIAN_POINT('Origin',(76.1848,3.0937,0.));
#19487=CARTESIAN_POINT('',(76.1848,3.0937,0.));
#19488=CARTESIAN_POINT('',(75.6916,3.01653,0.));
#19489=CARTESIAN_POINT('',(76.1848,3.0937,3.));
#19490=CARTESIAN_POINT('',(75.6916,3.01653,3.));
#19491=CARTESIAN_POINT('',(76.1848,3.0937,0.));
#19492=CARTESIAN_POINT('Origin',(76.6315,3.32107,0.));
#19493=CARTESIAN_POINT('',(76.6315,3.32107,0.));
#19494=CARTESIAN_POINT('',(76.1848,3.0937,0.));
#19495=CARTESIAN_POINT('',(76.6315,3.32107,3.));
#19496=CARTESIAN_POINT('',(76.1848,3.0937,3.));
#19497=CARTESIAN_POINT('',(76.6315,3.32107,0.));
#19498=CARTESIAN_POINT('Origin',(76.9856,3.67524,0.));
#19499=CARTESIAN_POINT('',(76.9856,3.67524,0.));
#19500=CARTESIAN_POINT('',(76.6315,3.32107,0.));
#19501=CARTESIAN_POINT('',(76.9856,3.67524,3.));
#19502=CARTESIAN_POINT('',(76.6315,3.32107,3.));
#19503=CARTESIAN_POINT('',(76.9856,3.67524,0.));
#19504=CARTESIAN_POINT('Origin',(77.2128,4.12171,0.));
#19505=CARTESIAN_POINT('',(77.2128,4.12171,0.));
#19506=CARTESIAN_POINT('',(76.9856,3.67524,0.));
#19507=CARTESIAN_POINT('',(77.2128,4.12171,3.));
#19508=CARTESIAN_POINT('',(76.9856,3.67524,3.));
#19509=CARTESIAN_POINT('',(77.2128,4.12171,0.));
#19510=CARTESIAN_POINT('Origin',(77.2915,4.61504,0.));
#19511=CARTESIAN_POINT('',(77.2915,4.61504,0.));
#19512=CARTESIAN_POINT('',(77.2128,4.12171,0.));
#19513=CARTESIAN_POINT('',(77.2915,4.61504,3.));
#19514=CARTESIAN_POINT('',(77.2128,4.12171,3.));
#19515=CARTESIAN_POINT('',(77.2915,4.61504,0.));
#19516=CARTESIAN_POINT('Origin',(77.2128,5.10977,0.));
#19517=CARTESIAN_POINT('',(77.2128,5.10977,0.));
#19518=CARTESIAN_POINT('',(77.2915,4.61504,0.));
#19519=CARTESIAN_POINT('',(77.2128,5.10977,3.));
#19520=CARTESIAN_POINT('',(77.2915,4.61504,3.));
#19521=CARTESIAN_POINT('',(77.2128,5.10977,0.));
#19522=CARTESIAN_POINT('Origin',(76.9856,5.55625,0.));
#19523=CARTESIAN_POINT('',(76.9856,5.55625,0.));
#19524=CARTESIAN_POINT('',(77.2128,5.10977,0.));
#19525=CARTESIAN_POINT('',(76.9856,5.55625,3.));
#19526=CARTESIAN_POINT('',(77.2128,5.10977,3.));
#19527=CARTESIAN_POINT('',(76.9856,5.55625,0.));
#19528=CARTESIAN_POINT('Origin',(76.6315,5.9104,0.));
#19529=CARTESIAN_POINT('',(76.6315,5.9104,0.));
#19530=CARTESIAN_POINT('',(76.9856,5.55625,0.));
#19531=CARTESIAN_POINT('',(76.6315,5.9104,3.));
#19532=CARTESIAN_POINT('',(76.9856,5.55625,3.));
#19533=CARTESIAN_POINT('',(76.6315,5.9104,0.));
#19534=CARTESIAN_POINT('Origin',(76.1848,6.13777,0.));
#19535=CARTESIAN_POINT('',(76.1848,6.13777,0.));
#19536=CARTESIAN_POINT('',(76.6315,5.9104,0.));
#19537=CARTESIAN_POINT('',(76.1848,6.13777,3.));
#19538=CARTESIAN_POINT('',(76.6315,5.9104,3.));
#19539=CARTESIAN_POINT('',(76.1848,6.13777,0.));
#19540=CARTESIAN_POINT('Origin',(75.6916,6.21496,0.));
#19541=CARTESIAN_POINT('',(75.6916,6.21496,0.));
#19542=CARTESIAN_POINT('',(76.1848,6.13777,0.));
#19543=CARTESIAN_POINT('',(75.6916,6.21496,3.));
#19544=CARTESIAN_POINT('',(76.1848,6.13777,3.));
#19545=CARTESIAN_POINT('',(75.6916,6.21496,0.));
#19546=CARTESIAN_POINT('Origin',(75.1967,6.13777,0.));
#19547=CARTESIAN_POINT('',(75.6916,6.21496,0.));
#19548=CARTESIAN_POINT('',(75.6916,6.21496,3.));
#19549=CARTESIAN_POINT('Origin',(77.6912,94.0964,0.));
#19550=CARTESIAN_POINT('',(2.59485,94.0964,0.));
#19551=CARTESIAN_POINT('',(77.6912,94.0964,0.));
#19552=CARTESIAN_POINT('',(2.59485,94.0964,0.));
#19553=CARTESIAN_POINT('',(2.59485,94.0964,3.));
#19554=CARTESIAN_POINT('',(2.59485,94.0964,0.));
#19555=CARTESIAN_POINT('',(77.6912,94.0964,3.));
#19556=CARTESIAN_POINT('',(2.59485,94.0964,3.));
#19557=CARTESIAN_POINT('',(77.6912,94.0964,0.));
#19558=CARTESIAN_POINT('Origin',(77.888,94.0897,0.));
#19559=CARTESIAN_POINT('',(77.888,94.0897,0.));
#19560=CARTESIAN_POINT('',(77.6912,94.0964,0.));
#19561=CARTESIAN_POINT('',(77.888,94.0897,3.));
#19562=CARTESIAN_POINT('',(77.6912,94.0964,3.));
#19563=CARTESIAN_POINT('',(77.888,94.0897,0.));
#19564=CARTESIAN_POINT('Origin',(78.0824,94.0664,0.));
#19565=CARTESIAN_POINT('',(78.0824,94.0664,0.));
#19566=CARTESIAN_POINT('',(77.888,94.0897,0.));
#19567=CARTESIAN_POINT('',(78.0824,94.0664,3.));
#19568=CARTESIAN_POINT('',(77.888,94.0897,3.));
#19569=CARTESIAN_POINT('',(78.0824,94.0664,0.));
#19570=CARTESIAN_POINT('Origin',(78.274,94.0276,0.));
#19571=CARTESIAN_POINT('',(78.274,94.0276,0.));
#19572=CARTESIAN_POINT('',(78.0824,94.0664,0.));
#19573=CARTESIAN_POINT('',(78.274,94.0276,3.));
#19574=CARTESIAN_POINT('',(78.0824,94.0664,3.));
#19575=CARTESIAN_POINT('',(78.274,94.0276,0.));
#19576=CARTESIAN_POINT('Origin',(78.4641,93.974,0.));
#19577=CARTESIAN_POINT('',(78.4641,93.974,0.));
#19578=CARTESIAN_POINT('',(78.274,94.0276,0.));
#19579=CARTESIAN_POINT('',(78.4641,93.974,3.));
#19580=CARTESIAN_POINT('',(78.274,94.0276,3.));
#19581=CARTESIAN_POINT('',(78.4641,93.974,0.));
#19582=CARTESIAN_POINT('Origin',(78.6476,93.9063,0.));
#19583=CARTESIAN_POINT('',(78.6476,93.9063,0.));
#19584=CARTESIAN_POINT('',(78.4641,93.974,0.));
#19585=CARTESIAN_POINT('',(78.6476,93.9063,3.));
#19586=CARTESIAN_POINT('',(78.4641,93.974,3.));
#19587=CARTESIAN_POINT('',(78.6476,93.9063,0.));
#19588=CARTESIAN_POINT('Origin',(78.825,93.8237,0.));
#19589=CARTESIAN_POINT('',(78.825,93.8237,0.));
#19590=CARTESIAN_POINT('',(78.6476,93.9063,0.));
#19591=CARTESIAN_POINT('',(78.825,93.8237,3.));
#19592=CARTESIAN_POINT('',(78.6476,93.9063,3.));
#19593=CARTESIAN_POINT('',(78.825,93.8237,0.));
#19594=CARTESIAN_POINT('Origin',(78.9975,93.7288,0.));
#19595=CARTESIAN_POINT('',(78.9975,93.7288,0.));
#19596=CARTESIAN_POINT('',(78.825,93.8237,0.));
#19597=CARTESIAN_POINT('',(78.9975,93.7288,3.));
#19598=CARTESIAN_POINT('',(78.825,93.8237,3.));
#19599=CARTESIAN_POINT('',(78.9975,93.7288,0.));
#19600=CARTESIAN_POINT('Origin',(79.1602,93.6198,0.));
#19601=CARTESIAN_POINT('',(79.1602,93.6198,0.));
#19602=CARTESIAN_POINT('',(78.9975,93.7288,0.));
#19603=CARTESIAN_POINT('',(79.1602,93.6198,3.));
#19604=CARTESIAN_POINT('',(78.9975,93.7288,3.));
#19605=CARTESIAN_POINT('',(79.1602,93.6198,0.));
#19606=CARTESIAN_POINT('Origin',(79.3143,93.4985,0.));
#19607=CARTESIAN_POINT('',(79.3143,93.4985,0.));
#19608=CARTESIAN_POINT('',(79.1602,93.6198,0.));
#19609=CARTESIAN_POINT('',(79.3143,93.4985,3.));
#19610=CARTESIAN_POINT('',(79.1602,93.6198,3.));
#19611=CARTESIAN_POINT('',(79.3143,93.4985,0.));
#19612=CARTESIAN_POINT('Origin',(79.459,93.3648,0.));
#19613=CARTESIAN_POINT('',(79.459,93.3648,0.));
#19614=CARTESIAN_POINT('',(79.3143,93.4985,0.));
#19615=CARTESIAN_POINT('',(79.459,93.3648,3.));
#19616=CARTESIAN_POINT('',(79.3143,93.4985,3.));
#19617=CARTESIAN_POINT('',(79.459,93.3648,0.));
#19618=CARTESIAN_POINT('Origin',(79.5927,93.2201,0.));
#19619=CARTESIAN_POINT('',(79.5927,93.2201,0.));
#19620=CARTESIAN_POINT('',(79.459,93.3648,0.));
#19621=CARTESIAN_POINT('',(79.5927,93.2201,3.));
#19622=CARTESIAN_POINT('',(79.459,93.3648,3.));
#19623=CARTESIAN_POINT('',(79.5927,93.2201,0.));
#19624=CARTESIAN_POINT('Origin',(79.714,93.0659,0.));
#19625=CARTESIAN_POINT('',(79.714,93.0659,0.));
#19626=CARTESIAN_POINT('',(79.5927,93.2201,0.));
#19627=CARTESIAN_POINT('',(79.714,93.0659,3.));
#19628=CARTESIAN_POINT('',(79.5927,93.2201,3.));
#19629=CARTESIAN_POINT('',(79.714,93.0659,0.));
#19630=CARTESIAN_POINT('Origin',(79.823,92.9033,0.));
#19631=CARTESIAN_POINT('',(79.823,92.9033,0.));
#19632=CARTESIAN_POINT('',(79.714,93.0659,0.));
#19633=CARTESIAN_POINT('',(79.823,92.9033,3.));
#19634=CARTESIAN_POINT('',(79.714,93.0659,3.));
#19635=CARTESIAN_POINT('',(79.823,92.9033,0.));
#19636=CARTESIAN_POINT('Origin',(79.9179,92.7308,0.));
#19637=CARTESIAN_POINT('',(79.9179,92.7308,0.));
#19638=CARTESIAN_POINT('',(79.823,92.9033,0.));
#19639=CARTESIAN_POINT('',(79.9179,92.7308,3.));
#19640=CARTESIAN_POINT('',(79.823,92.9033,3.));
#19641=CARTESIAN_POINT('',(79.9179,92.7308,0.));
#19642=CARTESIAN_POINT('Origin',(80.0005,92.553,0.));
#19643=CARTESIAN_POINT('',(80.0005,92.553,0.));
#19644=CARTESIAN_POINT('',(79.9179,92.7308,0.));
#19645=CARTESIAN_POINT('',(80.0005,92.553,3.));
#19646=CARTESIAN_POINT('',(79.9179,92.7308,3.));
#19647=CARTESIAN_POINT('',(80.0005,92.553,0.));
#19648=CARTESIAN_POINT('Origin',(80.0682,92.3685,0.));
#19649=CARTESIAN_POINT('',(80.0682,92.3685,0.));
#19650=CARTESIAN_POINT('',(80.0005,92.553,0.));
#19651=CARTESIAN_POINT('',(80.0682,92.3685,3.));
#19652=CARTESIAN_POINT('',(80.0005,92.553,3.));
#19653=CARTESIAN_POINT('',(80.0682,92.3685,0.));
#19654=CARTESIAN_POINT('Origin',(80.1218,92.1798,0.));
#19655=CARTESIAN_POINT('',(80.1218,92.1798,0.));
#19656=CARTESIAN_POINT('',(80.0682,92.3685,0.));
#19657=CARTESIAN_POINT('',(80.1218,92.1798,3.));
#19658=CARTESIAN_POINT('',(80.0682,92.3685,3.));
#19659=CARTESIAN_POINT('',(80.1218,92.1798,0.));
#19660=CARTESIAN_POINT('Origin',(80.1606,91.9882,0.));
#19661=CARTESIAN_POINT('',(80.1606,91.9882,0.));
#19662=CARTESIAN_POINT('',(80.1218,92.1798,0.));
#19663=CARTESIAN_POINT('',(80.1606,91.9882,3.));
#19664=CARTESIAN_POINT('',(80.1218,92.1798,3.));
#19665=CARTESIAN_POINT('',(80.1606,91.9882,0.));
#19666=CARTESIAN_POINT('Origin',(80.1839,91.7924,0.));
#19667=CARTESIAN_POINT('',(80.1839,91.7924,0.));
#19668=CARTESIAN_POINT('',(80.1606,91.9882,0.));
#19669=CARTESIAN_POINT('',(80.1839,91.7924,3.));
#19670=CARTESIAN_POINT('',(80.1606,91.9882,3.));
#19671=CARTESIAN_POINT('',(80.1839,91.7924,0.));
#19672=CARTESIAN_POINT('Origin',(80.192,91.597,0.));
#19673=CARTESIAN_POINT('',(80.192,91.597,0.));
#19674=CARTESIAN_POINT('',(80.1839,91.7924,0.));
#19675=CARTESIAN_POINT('',(80.192,91.597,3.));
#19676=CARTESIAN_POINT('',(80.1839,91.7924,3.));
#19677=CARTESIAN_POINT('',(80.192,91.597,0.));
#19678=CARTESIAN_POINT('Origin',(80.192,2.61552,0.));
#19679=CARTESIAN_POINT('',(80.192,2.61552,0.));
#19680=CARTESIAN_POINT('',(80.192,91.597,0.));
#19681=CARTESIAN_POINT('',(80.192,2.61552,3.));
#19682=CARTESIAN_POINT('',(80.192,91.597,3.));
#19683=CARTESIAN_POINT('',(80.192,2.61552,0.));
#19684=CARTESIAN_POINT('Origin',(80.1839,2.41984,0.));
#19685=CARTESIAN_POINT('',(80.1839,2.41984,0.));
#19686=CARTESIAN_POINT('',(80.192,2.61552,0.));
#19687=CARTESIAN_POINT('',(80.1839,2.41984,3.));
#19688=CARTESIAN_POINT('',(80.192,2.61552,3.));
#19689=CARTESIAN_POINT('',(80.1839,2.41984,0.));
#19690=CARTESIAN_POINT('Origin',(80.1606,2.22415,0.));
#19691=CARTESIAN_POINT('',(80.1606,2.22415,0.));
#19692=CARTESIAN_POINT('',(80.1839,2.41984,0.));
#19693=CARTESIAN_POINT('',(80.1606,2.22415,3.));
#19694=CARTESIAN_POINT('',(80.1839,2.41984,3.));
#19695=CARTESIAN_POINT('',(80.1606,2.22415,0.));
#19696=CARTESIAN_POINT('Origin',(80.1218,2.03261,0.));
#19697=CARTESIAN_POINT('',(80.1218,2.03261,0.));
#19698=CARTESIAN_POINT('',(80.1606,2.22415,0.));
#19699=CARTESIAN_POINT('',(80.1218,2.03261,3.));
#19700=CARTESIAN_POINT('',(80.1606,2.22415,3.));
#19701=CARTESIAN_POINT('',(80.1218,2.03261,0.));
#19702=CARTESIAN_POINT('Origin',(80.0682,1.84381,0.));
#19703=CARTESIAN_POINT('',(80.0682,1.84381,0.));
#19704=CARTESIAN_POINT('',(80.1218,2.03261,0.));
#19705=CARTESIAN_POINT('',(80.0682,1.84381,3.));
#19706=CARTESIAN_POINT('',(80.1218,2.03261,3.));
#19707=CARTESIAN_POINT('',(80.0682,1.84381,0.));
#19708=CARTESIAN_POINT('Origin',(80.0005,1.65916,0.));
#19709=CARTESIAN_POINT('',(80.0005,1.65916,0.));
#19710=CARTESIAN_POINT('',(80.0682,1.84381,0.));
#19711=CARTESIAN_POINT('',(80.0005,1.65916,3.));
#19712=CARTESIAN_POINT('',(80.0682,1.84381,3.));
#19713=CARTESIAN_POINT('',(80.0005,1.65916,0.));
#19714=CARTESIAN_POINT('Origin',(79.9179,1.48139,0.));
#19715=CARTESIAN_POINT('',(79.9179,1.48139,0.));
#19716=CARTESIAN_POINT('',(80.0005,1.65916,0.));
#19717=CARTESIAN_POINT('',(79.9179,1.48139,3.));
#19718=CARTESIAN_POINT('',(80.0005,1.65916,3.));
#19719=CARTESIAN_POINT('',(79.9179,1.48139,0.));
#19720=CARTESIAN_POINT('Origin',(79.823,1.30914,0.));
#19721=CARTESIAN_POINT('',(79.823,1.30914,0.));
#19722=CARTESIAN_POINT('',(79.9179,1.48139,0.));
#19723=CARTESIAN_POINT('',(79.823,1.30914,3.));
#19724=CARTESIAN_POINT('',(79.9179,1.48139,3.));
#19725=CARTESIAN_POINT('',(79.823,1.30914,0.));
#19726=CARTESIAN_POINT('Origin',(79.714,1.14653,0.));
#19727=CARTESIAN_POINT('',(79.714,1.14653,0.));
#19728=CARTESIAN_POINT('',(79.823,1.30914,0.));
#19729=CARTESIAN_POINT('',(79.714,1.14653,3.));
#19730=CARTESIAN_POINT('',(79.823,1.30914,3.));
#19731=CARTESIAN_POINT('',(79.714,1.14653,0.));
#19732=CARTESIAN_POINT('Origin',(79.5927,0.992188,0.));
#19733=CARTESIAN_POINT('',(79.5927,0.992188,0.));
#19734=CARTESIAN_POINT('',(79.714,1.14653,0.));
#19735=CARTESIAN_POINT('',(79.5927,0.992188000000001,3.));
#19736=CARTESIAN_POINT('',(79.714,1.14653,3.));
#19737=CARTESIAN_POINT('',(79.5927,0.992188,0.));
#19738=CARTESIAN_POINT('Origin',(79.459,0.847492,0.));
#19739=CARTESIAN_POINT('',(79.459,0.847492,0.));
#19740=CARTESIAN_POINT('',(79.5927,0.992188,0.));
#19741=CARTESIAN_POINT('',(79.459,0.847492,3.));
#19742=CARTESIAN_POINT('',(79.5927,0.992188,3.));
#19743=CARTESIAN_POINT('',(79.459,0.847492,0.));
#19744=CARTESIAN_POINT('Origin',(79.3143,0.713825,0.));
#19745=CARTESIAN_POINT('',(79.3143,0.713825,0.));
#19746=CARTESIAN_POINT('',(79.459,0.847492,0.));
#19747=CARTESIAN_POINT('',(79.3143,0.713825,3.));
#19748=CARTESIAN_POINT('',(79.459,0.847492,3.));
#19749=CARTESIAN_POINT('',(79.3143,0.713825,0.));
#19750=CARTESIAN_POINT('Origin',(79.1602,0.592557,0.));
#19751=CARTESIAN_POINT('',(79.1602,0.592557,0.));
#19752=CARTESIAN_POINT('',(79.3143,0.713825,0.));
#19753=CARTESIAN_POINT('',(79.1602,0.592557,3.));
#19754=CARTESIAN_POINT('',(79.3143,0.713825,3.));
#19755=CARTESIAN_POINT('',(79.1602,0.592557,0.));
#19756=CARTESIAN_POINT('Origin',(78.9975,0.48369,0.));
#19757=CARTESIAN_POINT('',(78.9975,0.48369,0.));
#19758=CARTESIAN_POINT('',(79.1602,0.592557,0.));
#19759=CARTESIAN_POINT('',(78.9975,0.48369,3.));
#19760=CARTESIAN_POINT('',(79.1602,0.592557,3.));
#19761=CARTESIAN_POINT('',(78.9975,0.48369,0.));
#19762=CARTESIAN_POINT('Origin',(78.825,0.388606,0.));
#19763=CARTESIAN_POINT('',(78.825,0.388606,0.));
#19764=CARTESIAN_POINT('',(78.9975,0.48369,0.));
#19765=CARTESIAN_POINT('',(78.825,0.388606,3.));
#19766=CARTESIAN_POINT('',(78.9975,0.48369,3.));
#19767=CARTESIAN_POINT('',(78.825,0.388606,0.));
#19768=CARTESIAN_POINT('Origin',(78.6476,0.305925,0.));
#19769=CARTESIAN_POINT('',(78.6476,0.305925,0.));
#19770=CARTESIAN_POINT('',(78.825,0.388606,0.));
#19771=CARTESIAN_POINT('',(78.6476,0.305925,3.));
#19772=CARTESIAN_POINT('',(78.825,0.388606,3.));
#19773=CARTESIAN_POINT('',(78.6476,0.305925,0.));
#19774=CARTESIAN_POINT('Origin',(78.4641,0.238401,0.));
#19775=CARTESIAN_POINT('',(78.4641,0.238401,0.));
#19776=CARTESIAN_POINT('',(78.6476,0.305925,0.));
#19777=CARTESIAN_POINT('',(78.4641,0.238401,3.));
#19778=CARTESIAN_POINT('',(78.6476,0.305925,3.));
#19779=CARTESIAN_POINT('',(78.4641,0.238401,0.));
#19780=CARTESIAN_POINT('Origin',(78.274,0.184657,0.));
#19781=CARTESIAN_POINT('',(78.274,0.184657,0.));
#19782=CARTESIAN_POINT('',(78.4641,0.238401,0.));
#19783=CARTESIAN_POINT('',(78.274,0.184657,3.));
#19784=CARTESIAN_POINT('',(78.4641,0.238401,3.));
#19785=CARTESIAN_POINT('',(78.274,0.184657,0.));
#19786=CARTESIAN_POINT('Origin',(78.0824,0.146072,0.));
#19787=CARTESIAN_POINT('',(78.0824,0.146072,0.));
#19788=CARTESIAN_POINT('',(78.274,0.184657,0.));
#19789=CARTESIAN_POINT('',(78.0824,0.146072,3.));
#19790=CARTESIAN_POINT('',(78.274,0.184657,3.));
#19791=CARTESIAN_POINT('',(78.0824,0.146072,0.));
#19792=CARTESIAN_POINT('Origin',(77.888,0.122645,0.));
#19793=CARTESIAN_POINT('',(77.888,0.122645,0.));
#19794=CARTESIAN_POINT('',(78.0824,0.146072,0.));
#19795=CARTESIAN_POINT('',(77.888,0.122645,3.));
#19796=CARTESIAN_POINT('',(78.0824,0.146072,3.));
#19797=CARTESIAN_POINT('',(77.888,0.122645,0.));
#19798=CARTESIAN_POINT('Origin',(77.6912,0.115755,0.));
#19799=CARTESIAN_POINT('',(77.6912,0.115755,0.));
#19800=CARTESIAN_POINT('',(77.888,0.122645,0.));
#19801=CARTESIAN_POINT('',(77.6912,0.115755,3.));
#19802=CARTESIAN_POINT('',(77.888,0.122645,3.));
#19803=CARTESIAN_POINT('',(77.6912,0.115755,0.));
#19804=CARTESIAN_POINT('Origin',(2.59485,0.115755,0.));
#19805=CARTESIAN_POINT('',(2.59485,0.115755,0.));
#19806=CARTESIAN_POINT('',(77.6912,0.115755,0.));
#19807=CARTESIAN_POINT('',(2.59485,0.115755,3.));
#19808=CARTESIAN_POINT('',(77.6912,0.115755,3.));
#19809=CARTESIAN_POINT('',(2.59485,0.115755,0.));
#19810=CARTESIAN_POINT('Origin',(2.39916,0.122645,0.));
#19811=CARTESIAN_POINT('',(2.39916,0.122645,0.));
#19812=CARTESIAN_POINT('',(2.59485,0.115755,0.));
#19813=CARTESIAN_POINT('',(2.39916,0.122645,3.));
#19814=CARTESIAN_POINT('',(2.59485,0.115755,3.));
#19815=CARTESIAN_POINT('',(2.39916,0.122645,0.));
#19816=CARTESIAN_POINT('Origin',(2.20348,0.146072,0.));
#19817=CARTESIAN_POINT('',(2.20348,0.146072,0.));
#19818=CARTESIAN_POINT('',(2.39916,0.122645,0.));
#19819=CARTESIAN_POINT('',(2.20348,0.146072,3.));
#19820=CARTESIAN_POINT('',(2.39916,0.122645,3.));
#19821=CARTESIAN_POINT('',(2.20348,0.146072,0.));
#19822=CARTESIAN_POINT('Origin',(2.01194,0.184657,0.));
#19823=CARTESIAN_POINT('',(2.01194,0.184657,0.));
#19824=CARTESIAN_POINT('',(2.20348,0.146072,0.));
#19825=CARTESIAN_POINT('',(2.01194,0.184657,3.));
#19826=CARTESIAN_POINT('',(2.20348,0.146072,3.));
#19827=CARTESIAN_POINT('',(2.01194,0.184657,0.));
#19828=CARTESIAN_POINT('Origin',(1.82315,0.238401,0.));
#19829=CARTESIAN_POINT('',(1.82315,0.238401,0.));
#19830=CARTESIAN_POINT('',(2.01194,0.184657,0.));
#19831=CARTESIAN_POINT('',(1.82315,0.238401,3.));
#19832=CARTESIAN_POINT('',(2.01194,0.184657,3.));
#19833=CARTESIAN_POINT('',(1.82315,0.238401,0.));
#19834=CARTESIAN_POINT('Origin',(1.63849,0.305925,0.));
#19835=CARTESIAN_POINT('',(1.63849,0.305925,0.));
#19836=CARTESIAN_POINT('',(1.82315,0.238401,0.));
#19837=CARTESIAN_POINT('',(1.63849,0.305925,3.));
#19838=CARTESIAN_POINT('',(1.82315,0.238401,3.));
#19839=CARTESIAN_POINT('',(1.63849,0.305925,0.));
#19840=CARTESIAN_POINT('Origin',(1.46072,0.388606,0.));
#19841=CARTESIAN_POINT('',(1.46072,0.388606,0.));
#19842=CARTESIAN_POINT('',(1.63849,0.305925,0.));
#19843=CARTESIAN_POINT('',(1.46072,0.388606,3.));
#19844=CARTESIAN_POINT('',(1.63849,0.305925,3.));
#19845=CARTESIAN_POINT('',(1.46072,0.388606,0.));
#19846=CARTESIAN_POINT('Origin',(1.28846,0.48369,0.));
#19847=CARTESIAN_POINT('',(1.28846,0.48369,0.));
#19848=CARTESIAN_POINT('',(1.46072,0.388606,0.));
#19849=CARTESIAN_POINT('',(1.28846,0.48369,3.));
#19850=CARTESIAN_POINT('',(1.46072,0.388606,3.));
#19851=CARTESIAN_POINT('',(1.28846,0.48369,0.));
#19852=CARTESIAN_POINT('Origin',(1.12586,0.592557,0.));
#19853=CARTESIAN_POINT('',(1.12586,0.592557,0.));
#19854=CARTESIAN_POINT('',(1.28846,0.48369,0.));
#19855=CARTESIAN_POINT('',(1.12586,0.592557,3.));
#19856=CARTESIAN_POINT('',(1.28846,0.48369,3.));
#19857=CARTESIAN_POINT('',(1.12586,0.592557,0.));
#19858=CARTESIAN_POINT('Origin',(0.971518,0.713825,0.));
#19859=CARTESIAN_POINT('',(0.971518,0.713825,0.));
#19860=CARTESIAN_POINT('',(1.12586,0.592557,0.));
#19861=CARTESIAN_POINT('',(0.971517999999998,0.713825,3.));
#19862=CARTESIAN_POINT('',(1.12586,0.592557,3.));
#19863=CARTESIAN_POINT('',(0.971518,0.713825,0.));
#19864=CARTESIAN_POINT('Origin',(0.826823,0.847492,0.));
#19865=CARTESIAN_POINT('',(0.826823,0.847492,0.));
#19866=CARTESIAN_POINT('',(0.971518,0.713825,0.));
#19867=CARTESIAN_POINT('',(0.826823000000001,0.847492,3.));
#19868=CARTESIAN_POINT('',(0.971518,0.713825,3.));
#19869=CARTESIAN_POINT('',(0.826823,0.847492,0.));
#19870=CARTESIAN_POINT('Origin',(0.693152,0.992188,0.));
#19871=CARTESIAN_POINT('',(0.693152,0.992188,0.));
#19872=CARTESIAN_POINT('',(0.826823,0.847492,0.));
#19873=CARTESIAN_POINT('',(0.693152000000001,0.992188000000001,3.));
#19874=CARTESIAN_POINT('',(0.826823,0.847492,3.));
#19875=CARTESIAN_POINT('',(0.693152,0.992188,0.));
#19876=CARTESIAN_POINT('Origin',(0.571885,1.14653,0.));
#19877=CARTESIAN_POINT('',(0.571885,1.14653,0.));
#19878=CARTESIAN_POINT('',(0.693152,0.992188,0.));
#19879=CARTESIAN_POINT('',(0.571884999999996,1.14653,3.));
#19880=CARTESIAN_POINT('',(0.693152,0.992188,3.));
#19881=CARTESIAN_POINT('',(0.571885,1.14653,0.));
#19882=CARTESIAN_POINT('Origin',(0.463021,1.30914,0.));
#19883=CARTESIAN_POINT('',(0.463021,1.30914,0.));
#19884=CARTESIAN_POINT('',(0.571885,1.14653,0.));
#19885=CARTESIAN_POINT('',(0.463021000000001,1.30914,3.));
#19886=CARTESIAN_POINT('',(0.571885,1.14653,3.));
#19887=CARTESIAN_POINT('',(0.463021,1.30914,0.));
#19888=CARTESIAN_POINT('Origin',(0.367937,1.48139,0.));
#19889=CARTESIAN_POINT('',(0.367937,1.48139,0.));
#19890=CARTESIAN_POINT('',(0.463021,1.30914,0.));
#19891=CARTESIAN_POINT('',(0.367936999999996,1.48139,3.));
#19892=CARTESIAN_POINT('',(0.463021,1.30914,3.));
#19893=CARTESIAN_POINT('',(0.367937,1.48139,0.));
#19894=CARTESIAN_POINT('Origin',(0.285254,1.65916,0.));
#19895=CARTESIAN_POINT('',(0.285254,1.65916,0.));
#19896=CARTESIAN_POINT('',(0.367937,1.48139,0.));
#19897=CARTESIAN_POINT('',(0.285254000000004,1.65916,3.));
#19898=CARTESIAN_POINT('',(0.367937,1.48139,3.));
#19899=CARTESIAN_POINT('',(0.285254,1.65916,0.));
#19900=CARTESIAN_POINT('Origin',(0.21773,1.84381,0.));
#19901=CARTESIAN_POINT('',(0.21773,1.84381,0.));
#19902=CARTESIAN_POINT('',(0.285254,1.65916,0.));
#19903=CARTESIAN_POINT('',(0.217729999999996,1.84381,3.));
#19904=CARTESIAN_POINT('',(0.285254,1.65916,3.));
#19905=CARTESIAN_POINT('',(0.21773,1.84381,0.));
#19906=CARTESIAN_POINT('Origin',(0.163987,2.03261,0.));
#19907=CARTESIAN_POINT('',(0.163987,2.03261,0.));
#19908=CARTESIAN_POINT('',(0.21773,1.84381,0.));
#19909=CARTESIAN_POINT('',(0.163986999999999,2.03261,3.));
#19910=CARTESIAN_POINT('',(0.21773,1.84381,3.));
#19911=CARTESIAN_POINT('',(0.163987,2.03261,0.));
#19912=CARTESIAN_POINT('Origin',(0.125402,2.22415,0.));
#19913=CARTESIAN_POINT('',(0.125402,2.22415,0.));
#19914=CARTESIAN_POINT('',(0.163987,2.03261,0.));
#19915=CARTESIAN_POINT('',(0.125402000000001,2.22415,3.));
#19916=CARTESIAN_POINT('',(0.163987,2.03261,3.));
#19917=CARTESIAN_POINT('',(0.125402,2.22415,0.));
#19918=CARTESIAN_POINT('Origin',(0.101975,2.41984,0.));
#19919=CARTESIAN_POINT('',(0.101975,2.41984,0.));
#19920=CARTESIAN_POINT('',(0.125402,2.22415,0.));
#19921=CARTESIAN_POINT('',(0.101975000000003,2.41984,3.));
#19922=CARTESIAN_POINT('',(0.125402,2.22415,3.));
#19923=CARTESIAN_POINT('',(0.101975,2.41984,0.));
#19924=CARTESIAN_POINT('Origin',(0.0950846,2.61552,0.));
#19925=CARTESIAN_POINT('',(0.0950846,2.61552,0.));
#19926=CARTESIAN_POINT('',(0.101975,2.41984,0.));
#19927=CARTESIAN_POINT('',(0.0950846000000016,2.61552,3.));
#19928=CARTESIAN_POINT('',(0.101975,2.41984,3.));
#19929=CARTESIAN_POINT('',(0.0950846,2.61552,0.));
#19930=CARTESIAN_POINT('Origin',(0.0950846,91.597,0.));
#19931=CARTESIAN_POINT('',(0.0950846,91.597,0.));
#19932=CARTESIAN_POINT('',(0.0950846,2.61552,0.));
#19933=CARTESIAN_POINT('',(0.0950846000000016,91.597,3.));
#19934=CARTESIAN_POINT('',(0.0950846,2.61552,3.));
#19935=CARTESIAN_POINT('',(0.0950846,91.597,0.));
#19936=CARTESIAN_POINT('Origin',(0.101975,91.7924,0.));
#19937=CARTESIAN_POINT('',(0.101975,91.7924,0.));
#19938=CARTESIAN_POINT('',(0.0950846,91.597,0.));
#19939=CARTESIAN_POINT('',(0.101975000000003,91.7924,3.));
#19940=CARTESIAN_POINT('',(0.0950846,91.597,3.));
#19941=CARTESIAN_POINT('',(0.101975,91.7924,0.));
#19942=CARTESIAN_POINT('Origin',(0.125402,91.9882,0.));
#19943=CARTESIAN_POINT('',(0.125402,91.9882,0.));
#19944=CARTESIAN_POINT('',(0.101975,91.7924,0.));
#19945=CARTESIAN_POINT('',(0.125402000000001,91.9882,3.));
#19946=CARTESIAN_POINT('',(0.101975,91.7924,3.));
#19947=CARTESIAN_POINT('',(0.125402,91.9882,0.));
#19948=CARTESIAN_POINT('Origin',(0.163987,92.1798,0.));
#19949=CARTESIAN_POINT('',(0.163987,92.1798,0.));
#19950=CARTESIAN_POINT('',(0.125402,91.9882,0.));
#19951=CARTESIAN_POINT('',(0.163986999999999,92.1798,3.));
#19952=CARTESIAN_POINT('',(0.125402,91.9882,3.));
#19953=CARTESIAN_POINT('',(0.163987,92.1798,0.));
#19954=CARTESIAN_POINT('Origin',(0.21773,92.3685,0.));
#19955=CARTESIAN_POINT('',(0.21773,92.3685,0.));
#19956=CARTESIAN_POINT('',(0.163987,92.1798,0.));
#19957=CARTESIAN_POINT('',(0.217729999999996,92.3685,3.));
#19958=CARTESIAN_POINT('',(0.163987,92.1798,3.));
#19959=CARTESIAN_POINT('',(0.21773,92.3685,0.));
#19960=CARTESIAN_POINT('Origin',(0.285254,92.553,0.));
#19961=CARTESIAN_POINT('',(0.285254,92.553,0.));
#19962=CARTESIAN_POINT('',(0.21773,92.3685,0.));
#19963=CARTESIAN_POINT('',(0.285254000000004,92.553,3.));
#19964=CARTESIAN_POINT('',(0.21773,92.3685,3.));
#19965=CARTESIAN_POINT('',(0.285254,92.553,0.));
#19966=CARTESIAN_POINT('Origin',(0.367937,92.7308,0.));
#19967=CARTESIAN_POINT('',(0.367937,92.7308,0.));
#19968=CARTESIAN_POINT('',(0.285254,92.553,0.));
#19969=CARTESIAN_POINT('',(0.367936999999996,92.7308,3.));
#19970=CARTESIAN_POINT('',(0.285254,92.553,3.));
#19971=CARTESIAN_POINT('',(0.367937,92.7308,0.));
#19972=CARTESIAN_POINT('Origin',(0.463021,92.9033,0.));
#19973=CARTESIAN_POINT('',(0.463021,92.9033,0.));
#19974=CARTESIAN_POINT('',(0.367937,92.7308,0.));
#19975=CARTESIAN_POINT('',(0.463021000000001,92.9033,3.));
#19976=CARTESIAN_POINT('',(0.367937,92.7308,3.));
#19977=CARTESIAN_POINT('',(0.463021,92.9033,0.));
#19978=CARTESIAN_POINT('Origin',(0.571885,93.0659,0.));
#19979=CARTESIAN_POINT('',(0.571885,93.0659,0.));
#19980=CARTESIAN_POINT('',(0.463021,92.9033,0.));
#19981=CARTESIAN_POINT('',(0.571884999999996,93.0659,3.));
#19982=CARTESIAN_POINT('',(0.463021,92.9033,3.));
#19983=CARTESIAN_POINT('',(0.571885,93.0659,0.));
#19984=CARTESIAN_POINT('Origin',(0.693152,93.2201,0.));
#19985=CARTESIAN_POINT('',(0.693152,93.2201,0.));
#19986=CARTESIAN_POINT('',(0.571885,93.0659,0.));
#19987=CARTESIAN_POINT('',(0.693152000000001,93.2201,3.));
#19988=CARTESIAN_POINT('',(0.571885,93.0659,3.));
#19989=CARTESIAN_POINT('',(0.693152,93.2201,0.));
#19990=CARTESIAN_POINT('Origin',(0.826823,93.3648,0.));
#19991=CARTESIAN_POINT('',(0.826823,93.3648,0.));
#19992=CARTESIAN_POINT('',(0.693152,93.2201,0.));
#19993=CARTESIAN_POINT('',(0.826823000000001,93.3648,3.));
#19994=CARTESIAN_POINT('',(0.693152,93.2201,3.));
#19995=CARTESIAN_POINT('',(0.826823,93.3648,0.));
#19996=CARTESIAN_POINT('Origin',(0.971518,93.4985,0.));
#19997=CARTESIAN_POINT('',(0.971518,93.4985,0.));
#19998=CARTESIAN_POINT('',(0.826823,93.3648,0.));
#19999=CARTESIAN_POINT('',(0.971517999999998,93.4985,3.));
#20000=CARTESIAN_POINT('',(0.826823,93.3648,3.));
#20001=CARTESIAN_POINT('',(0.971518,93.4985,0.));
#20002=CARTESIAN_POINT('Origin',(1.12586,93.6198,0.));
#20003=CARTESIAN_POINT('',(1.12586,93.6198,0.));
#20004=CARTESIAN_POINT('',(0.971518,93.4985,0.));
#20005=CARTESIAN_POINT('',(1.12586,93.6198,3.));
#20006=CARTESIAN_POINT('',(0.971518,93.4985,3.));
#20007=CARTESIAN_POINT('',(1.12586,93.6198,0.));
#20008=CARTESIAN_POINT('Origin',(1.28846,93.7288,0.));
#20009=CARTESIAN_POINT('',(1.28846,93.7288,0.));
#20010=CARTESIAN_POINT('',(1.12586,93.6198,0.));
#20011=CARTESIAN_POINT('',(1.28846,93.7288,3.));
#20012=CARTESIAN_POINT('',(1.12586,93.6198,3.));
#20013=CARTESIAN_POINT('',(1.28846,93.7288,0.));
#20014=CARTESIAN_POINT('Origin',(1.46072,93.8237,0.));
#20015=CARTESIAN_POINT('',(1.46072,93.8237,0.));
#20016=CARTESIAN_POINT('',(1.28846,93.7288,0.));
#20017=CARTESIAN_POINT('',(1.46072,93.8237,3.));
#20018=CARTESIAN_POINT('',(1.28846,93.7288,3.));
#20019=CARTESIAN_POINT('',(1.46072,93.8237,0.));
#20020=CARTESIAN_POINT('Origin',(1.63849,93.9063,0.));
#20021=CARTESIAN_POINT('',(1.63849,93.9063,0.));
#20022=CARTESIAN_POINT('',(1.46072,93.8237,0.));
#20023=CARTESIAN_POINT('',(1.63849,93.9063,3.));
#20024=CARTESIAN_POINT('',(1.46072,93.8237,3.));
#20025=CARTESIAN_POINT('',(1.63849,93.9063,0.));
#20026=CARTESIAN_POINT('Origin',(1.82315,93.974,0.));
#20027=CARTESIAN_POINT('',(1.82315,93.974,0.));
#20028=CARTESIAN_POINT('',(1.63849,93.9063,0.));
#20029=CARTESIAN_POINT('',(1.82315,93.974,3.));
#20030=CARTESIAN_POINT('',(1.63849,93.9063,3.));
#20031=CARTESIAN_POINT('',(1.82315,93.974,0.));
#20032=CARTESIAN_POINT('Origin',(2.01194,94.0276,0.));
#20033=CARTESIAN_POINT('',(2.01194,94.0276,0.));
#20034=CARTESIAN_POINT('',(1.82315,93.974,0.));
#20035=CARTESIAN_POINT('',(2.01194,94.0276,3.));
#20036=CARTESIAN_POINT('',(1.82315,93.974,3.));
#20037=CARTESIAN_POINT('',(2.01194,94.0276,0.));
#20038=CARTESIAN_POINT('Origin',(2.20348,94.0664,0.));
#20039=CARTESIAN_POINT('',(2.20348,94.0664,0.));
#20040=CARTESIAN_POINT('',(2.01194,94.0276,0.));
#20041=CARTESIAN_POINT('',(2.20348,94.0664,3.));
#20042=CARTESIAN_POINT('',(2.01194,94.0276,3.));
#20043=CARTESIAN_POINT('',(2.20348,94.0664,0.));
#20044=CARTESIAN_POINT('Origin',(2.39916,94.0897,0.));
#20045=CARTESIAN_POINT('',(2.39916,94.0897,0.));
#20046=CARTESIAN_POINT('',(2.20348,94.0664,0.));
#20047=CARTESIAN_POINT('',(2.39916,94.0897,3.));
#20048=CARTESIAN_POINT('',(2.20348,94.0664,3.));
#20049=CARTESIAN_POINT('',(2.39916,94.0897,0.));
#20050=CARTESIAN_POINT('Origin',(2.59485,94.0964,0.));
#20051=CARTESIAN_POINT('',(2.39916,94.0897,0.));
#20052=CARTESIAN_POINT('',(2.39916,94.0897,3.));
#20053=CARTESIAN_POINT('Origin',(40.1435423,47.1060775,3.));
#20054=CARTESIAN_POINT('Origin',(40.1435423,47.1060775,0.));
#20055=CARTESIAN_POINT('',(0.,0.,0.));
#20056=CARTESIAN_POINT('Origin',(2.5,-2.5,0.));
#20057=CARTESIAN_POINT('',(0.,-2.5,1.6));
#20058=CARTESIAN_POINT('',(2.5,0.,1.6));
#20059=CARTESIAN_POINT('Origin',(2.5,-2.5,1.6));
#20060=CARTESIAN_POINT('',(2.5,0.,0.));
#20061=CARTESIAN_POINT('',(2.5,0.,0.));
#20062=CARTESIAN_POINT('',(0.,-2.5,0.));
#20063=CARTESIAN_POINT('Origin',(2.5,-2.5,0.));
#20064=CARTESIAN_POINT('',(0.,-2.5,0.));
#20065=CARTESIAN_POINT('Origin',(39.,-45.,0.));
#20066=CARTESIAN_POINT('',(75.5,0.,0.));
#20067=CARTESIAN_POINT('',(0.,0.,0.));
#20068=CARTESIAN_POINT('',(78.,-2.5,0.));
#20069=CARTESIAN_POINT('Origin',(75.5,-2.5,0.));
#20070=CARTESIAN_POINT('',(78.,-87.5,0.));
#20071=CARTESIAN_POINT('',(78.,0.,0.));
#20072=CARTESIAN_POINT('',(75.5,-90.,0.));
#20073=CARTESIAN_POINT('Origin',(75.5,-87.5,0.));
#20074=CARTESIAN_POINT('',(2.5,-90.,0.));
#20075=CARTESIAN_POINT('',(78.,-90.,0.));
#20076=CARTESIAN_POINT('',(0.,-87.5,0.));
#20077=CARTESIAN_POINT('Origin',(2.5,-87.5,0.));
#20078=CARTESIAN_POINT('',(0.,-90.,0.));
#20079=CARTESIAN_POINT('Origin',(78.,0.,0.));
#20080=CARTESIAN_POINT('',(75.5,0.,1.6));
#20081=CARTESIAN_POINT('',(0.,0.,1.6));
#20082=CARTESIAN_POINT('',(75.5,0.,0.));
#20083=CARTESIAN_POINT('Origin',(75.5,-2.5,0.));
#20084=CARTESIAN_POINT('',(78.,-2.5,1.6));
#20085=CARTESIAN_POINT('Origin',(75.5,-2.5,1.6));
#20086=CARTESIAN_POINT('',(78.,-2.5,0.));
#20087=CARTESIAN_POINT('Origin',(2.5,-87.5,0.));
#20088=CARTESIAN_POINT('',(2.5,-90.,1.6));
#20089=CARTESIAN_POINT('',(0.,-87.5,1.6));
#20090=CARTESIAN_POINT('Origin',(2.5,-87.5,1.6));
#20091=CARTESIAN_POINT('',(0.,-87.5,0.));
#20092=CARTESIAN_POINT('',(2.5,-90.,0.));
#20093=CARTESIAN_POINT('Origin',(0.,-90.,0.));
#20094=CARTESIAN_POINT('',(75.5,-90.,1.6));
#20095=CARTESIAN_POINT('',(75.5,-90.,0.));
#20096=CARTESIAN_POINT('',(78.,-90.,1.6));
#20097=CARTESIAN_POINT('Origin',(75.5,-87.5,0.));
#20098=CARTESIAN_POINT('',(78.,-87.5,1.6));
#20099=CARTESIAN_POINT('Origin',(75.5,-87.5,1.6));
#20100=CARTESIAN_POINT('',(78.,-87.5,0.));
#20101=CARTESIAN_POINT('Origin',(0.,0.,0.));
#20102=CARTESIAN_POINT('',(0.,-90.,1.6));
#20103=CARTESIAN_POINT('Origin',(78.,-90.,0.));
#20104=CARTESIAN_POINT('',(78.,0.,1.6));
#20105=CARTESIAN_POINT('Origin',(39.,-45.,1.6));
#20106=CARTESIAN_POINT('',(0.,0.,0.));
#20107=CARTESIAN_POINT('Origin',(74.7504,5.9104,0.));
#20108=CARTESIAN_POINT('',(74.7504,5.9104,0.));
#20109=CARTESIAN_POINT('',(75.1967,6.13777,0.));
#20110=CARTESIAN_POINT('',(75.1967,6.13777,0.));
#20111=CARTESIAN_POINT('',(75.1967,6.13777000000001,9.));
#20112=CARTESIAN_POINT('',(75.1967,6.13777,0.));
#20113=CARTESIAN_POINT('',(74.7504,5.9104,9.));
#20114=CARTESIAN_POINT('',(75.1967,6.13777,9.));
#20115=CARTESIAN_POINT('',(74.7504,5.9104,0.));
#20116=CARTESIAN_POINT('Origin',(74.3962,5.55625,0.));
#20117=CARTESIAN_POINT('',(74.3962,5.55625,0.));
#20118=CARTESIAN_POINT('',(74.7504,5.9104,0.));
#20119=CARTESIAN_POINT('',(74.3962,5.55624999999999,9.));
#20120=CARTESIAN_POINT('',(74.7504,5.9104,9.));
#20121=CARTESIAN_POINT('',(74.3962,5.55625,0.));
#20122=CARTESIAN_POINT('Origin',(74.1701,5.10977,0.));
#20123=CARTESIAN_POINT('',(74.1701,5.10977,0.));
#20124=CARTESIAN_POINT('',(74.3962,5.55625,0.));
#20125=CARTESIAN_POINT('',(74.1701,5.10977,9.));
#20126=CARTESIAN_POINT('',(74.3962,5.55625,9.));
#20127=CARTESIAN_POINT('',(74.1701,5.10977,0.));
#20128=CARTESIAN_POINT('Origin',(74.0914,4.61504,0.));
#20129=CARTESIAN_POINT('',(74.0914,4.61504,0.));
#20130=CARTESIAN_POINT('',(74.1701,5.10977,0.));
#20131=CARTESIAN_POINT('',(74.0914,4.61504,9.));
#20132=CARTESIAN_POINT('',(74.1701,5.10977,9.));
#20133=CARTESIAN_POINT('',(74.0914,4.61504,0.));
#20134=CARTESIAN_POINT('Origin',(74.1701,4.12171,0.));
#20135=CARTESIAN_POINT('',(74.1701,4.12171,0.));
#20136=CARTESIAN_POINT('',(74.0914,4.61504,0.));
#20137=CARTESIAN_POINT('',(74.1701,4.12171000000001,9.));
#20138=CARTESIAN_POINT('',(74.0914,4.61504,9.));
#20139=CARTESIAN_POINT('',(74.1701,4.12171,0.));
#20140=CARTESIAN_POINT('Origin',(74.3962,3.67524,0.));
#20141=CARTESIAN_POINT('',(74.3962,3.67524,0.));
#20142=CARTESIAN_POINT('',(74.1701,4.12171,0.));
#20143=CARTESIAN_POINT('',(74.3962,3.67524,9.));
#20144=CARTESIAN_POINT('',(74.1701,4.12171,9.));
#20145=CARTESIAN_POINT('',(74.3962,3.67524,0.));
#20146=CARTESIAN_POINT('Origin',(74.7504,3.32107,0.));
#20147=CARTESIAN_POINT('',(74.7504,3.32107,0.));
#20148=CARTESIAN_POINT('',(74.3962,3.67524,0.));
#20149=CARTESIAN_POINT('',(74.7504,3.32107000000001,9.));
#20150=CARTESIAN_POINT('',(74.3962,3.67524,9.));
#20151=CARTESIAN_POINT('',(74.7504,3.32107,0.));
#20152=CARTESIAN_POINT('Origin',(75.1967,3.0937,0.));
#20153=CARTESIAN_POINT('',(75.1967,3.0937,0.));
#20154=CARTESIAN_POINT('',(74.7504,3.32107,0.));
#20155=CARTESIAN_POINT('',(75.1967,3.09369999999999,9.));
#20156=CARTESIAN_POINT('',(74.7504,3.32107,9.));
#20157=CARTESIAN_POINT('',(75.1967,3.0937,0.));
#20158=CARTESIAN_POINT('Origin',(75.6916,3.01653,0.));
#20159=CARTESIAN_POINT('',(75.6916,3.01653,0.));
#20160=CARTESIAN_POINT('',(75.1967,3.0937,0.));
#20161=CARTESIAN_POINT('',(75.6916,3.01653,9.));
#20162=CARTESIAN_POINT('',(75.1967,3.0937,9.));
#20163=CARTESIAN_POINT('',(75.6916,3.01653,0.));
#20164=CARTESIAN_POINT('Origin',(76.1848,3.0937,0.));
#20165=CARTESIAN_POINT('',(76.1848,3.0937,0.));
#20166=CARTESIAN_POINT('',(75.6916,3.01653,0.));
#20167=CARTESIAN_POINT('',(76.1848,3.09369999999999,9.));
#20168=CARTESIAN_POINT('',(75.6916,3.01653,9.));
#20169=CARTESIAN_POINT('',(76.1848,3.0937,0.));
#20170=CARTESIAN_POINT('Origin',(76.6315,3.32107,0.));
#20171=CARTESIAN_POINT('',(76.6315,3.32107,0.));
#20172=CARTESIAN_POINT('',(76.1848,3.0937,0.));
#20173=CARTESIAN_POINT('',(76.6315,3.32107000000001,9.));
#20174=CARTESIAN_POINT('',(76.1848,3.0937,9.));
#20175=CARTESIAN_POINT('',(76.6315,3.32107,0.));
#20176=CARTESIAN_POINT('Origin',(76.9856,3.67524,0.));
#20177=CARTESIAN_POINT('',(76.9856,3.67524,0.));
#20178=CARTESIAN_POINT('',(76.6315,3.32107,0.));
#20179=CARTESIAN_POINT('',(76.9856,3.67524,9.));
#20180=CARTESIAN_POINT('',(76.6315,3.32107,9.));
#20181=CARTESIAN_POINT('',(76.9856,3.67524,0.));
#20182=CARTESIAN_POINT('Origin',(77.2128,4.12171,0.));
#20183=CARTESIAN_POINT('',(77.2128,4.12171,0.));
#20184=CARTESIAN_POINT('',(76.9856,3.67524,0.));
#20185=CARTESIAN_POINT('',(77.2128,4.12171000000001,9.));
#20186=CARTESIAN_POINT('',(76.9856,3.67524,9.));
#20187=CARTESIAN_POINT('',(77.2128,4.12171,0.));
#20188=CARTESIAN_POINT('Origin',(77.2915,4.61504,0.));
#20189=CARTESIAN_POINT('',(77.2915,4.61504,0.));
#20190=CARTESIAN_POINT('',(77.2128,4.12171,0.));
#20191=CARTESIAN_POINT('',(77.2915,4.61504,9.));
#20192=CARTESIAN_POINT('',(77.2128,4.12171,9.));
#20193=CARTESIAN_POINT('',(77.2915,4.61504,0.));
#20194=CARTESIAN_POINT('Origin',(77.2128,5.10977,0.));
#20195=CARTESIAN_POINT('',(77.2128,5.10977,0.));
#20196=CARTESIAN_POINT('',(77.2915,4.61504,0.));
#20197=CARTESIAN_POINT('',(77.2128,5.10977,9.));
#20198=CARTESIAN_POINT('',(77.2915,4.61504,9.));
#20199=CARTESIAN_POINT('',(77.2128,5.10977,0.));
#20200=CARTESIAN_POINT('Origin',(76.9856,5.55625,0.));
#20201=CARTESIAN_POINT('',(76.9856,5.55625,0.));
#20202=CARTESIAN_POINT('',(77.2128,5.10977,0.));
#20203=CARTESIAN_POINT('',(76.9856,5.55624999999999,9.));
#20204=CARTESIAN_POINT('',(77.2128,5.10977,9.));
#20205=CARTESIAN_POINT('',(76.9856,5.55625,0.));
#20206=CARTESIAN_POINT('Origin',(76.6315,5.9104,0.));
#20207=CARTESIAN_POINT('',(76.6315,5.9104,0.));
#20208=CARTESIAN_POINT('',(76.9856,5.55625,0.));
#20209=CARTESIAN_POINT('',(76.6315,5.9104,9.));
#20210=CARTESIAN_POINT('',(76.9856,5.55625,9.));
#20211=CARTESIAN_POINT('',(76.6315,5.9104,0.));
#20212=CARTESIAN_POINT('Origin',(76.1848,6.13777,0.));
#20213=CARTESIAN_POINT('',(76.1848,6.13777,0.));
#20214=CARTESIAN_POINT('',(76.6315,5.9104,0.));
#20215=CARTESIAN_POINT('',(76.1848,6.13777000000001,9.));
#20216=CARTESIAN_POINT('',(76.6315,5.9104,9.));
#20217=CARTESIAN_POINT('',(76.1848,6.13777,0.));
#20218=CARTESIAN_POINT('Origin',(75.6916,6.21496,0.));
#20219=CARTESIAN_POINT('',(75.6916,6.21496,0.));
#20220=CARTESIAN_POINT('',(76.1848,6.13777,0.));
#20221=CARTESIAN_POINT('',(75.6916,6.21496,9.));
#20222=CARTESIAN_POINT('',(76.1848,6.13777,9.));
#20223=CARTESIAN_POINT('',(75.6916,6.21496,0.));
#20224=CARTESIAN_POINT('Origin',(75.1967,6.13777,0.));
#20225=CARTESIAN_POINT('',(75.6916,6.21496,0.));
#20226=CARTESIAN_POINT('',(75.6916,6.21496,9.));
#20227=CARTESIAN_POINT('Origin',(3.65457,90.8914,0.));
#20228=CARTESIAN_POINT('',(3.65457,90.8914,0.));
#20229=CARTESIAN_POINT('',(4.10104,91.1186,0.));
#20230=CARTESIAN_POINT('',(4.10104,91.1186,0.));
#20231=CARTESIAN_POINT('',(4.10104,91.1186,9.));
#20232=CARTESIAN_POINT('',(4.10104,91.1186,0.));
#20233=CARTESIAN_POINT('',(3.65457,90.8914,9.));
#20234=CARTESIAN_POINT('',(4.10104,91.1186,9.));
#20235=CARTESIAN_POINT('',(3.65457,90.8914,0.));
#20236=CARTESIAN_POINT('Origin',(3.3004,90.5372,0.));
#20237=CARTESIAN_POINT('',(3.3004,90.5372,0.));
#20238=CARTESIAN_POINT('',(3.65457,90.8914,0.));
#20239=CARTESIAN_POINT('',(3.3004,90.5372,9.));
#20240=CARTESIAN_POINT('',(3.65457,90.8914,9.));
#20241=CARTESIAN_POINT('',(3.3004,90.5372,0.));
#20242=CARTESIAN_POINT('Origin',(3.07303,90.0906,0.));
#20243=CARTESIAN_POINT('',(3.07303,90.0906,0.));
#20244=CARTESIAN_POINT('',(3.3004,90.5372,0.));
#20245=CARTESIAN_POINT('',(3.07303,90.0906,9.));
#20246=CARTESIAN_POINT('',(3.3004,90.5372,9.));
#20247=CARTESIAN_POINT('',(3.07303,90.0906,0.));
#20248=CARTESIAN_POINT('Origin',(2.99586,89.596,0.));
#20249=CARTESIAN_POINT('',(2.99586,89.596,0.));
#20250=CARTESIAN_POINT('',(3.07303,90.0906,0.));
#20251=CARTESIAN_POINT('',(2.99586,89.596,9.));
#20252=CARTESIAN_POINT('',(3.07303,90.0906,9.));
#20253=CARTESIAN_POINT('',(2.99586,89.596,0.));
#20254=CARTESIAN_POINT('Origin',(3.07303,89.1025,0.));
#20255=CARTESIAN_POINT('',(3.07303,89.1025,0.));
#20256=CARTESIAN_POINT('',(2.99586,89.596,0.));
#20257=CARTESIAN_POINT('',(3.07303,89.1025,9.));
#20258=CARTESIAN_POINT('',(2.99586,89.596,9.));
#20259=CARTESIAN_POINT('',(3.07303,89.1025,0.));
#20260=CARTESIAN_POINT('Origin',(3.3004,88.6562,0.));
#20261=CARTESIAN_POINT('',(3.3004,88.6562,0.));
#20262=CARTESIAN_POINT('',(3.07303,89.1025,0.));
#20263=CARTESIAN_POINT('',(3.3004,88.6562,9.));
#20264=CARTESIAN_POINT('',(3.07303,89.1025,9.));
#20265=CARTESIAN_POINT('',(3.3004,88.6562,0.));
#20266=CARTESIAN_POINT('Origin',(3.65457,88.302,0.));
#20267=CARTESIAN_POINT('',(3.65457,88.302,0.));
#20268=CARTESIAN_POINT('',(3.3004,88.6562,0.));
#20269=CARTESIAN_POINT('',(3.65457,88.302,9.));
#20270=CARTESIAN_POINT('',(3.3004,88.6562,9.));
#20271=CARTESIAN_POINT('',(3.65457,88.302,0.));
#20272=CARTESIAN_POINT('Origin',(4.10104,88.0745,0.));
#20273=CARTESIAN_POINT('',(4.10104,88.0745,0.));
#20274=CARTESIAN_POINT('',(3.65457,88.302,0.));
#20275=CARTESIAN_POINT('',(4.10104,88.0745,9.));
#20276=CARTESIAN_POINT('',(3.65457,88.302,9.));
#20277=CARTESIAN_POINT('',(4.10104,88.0745,0.));
#20278=CARTESIAN_POINT('Origin',(4.59574,87.9962,0.));
#20279=CARTESIAN_POINT('',(4.59574,87.9962,0.));
#20280=CARTESIAN_POINT('',(4.10104,88.0745,0.));
#20281=CARTESIAN_POINT('',(4.59574,87.9962,9.));
#20282=CARTESIAN_POINT('',(4.10104,88.0745,9.));
#20283=CARTESIAN_POINT('',(4.59574,87.9962,0.));
#20284=CARTESIAN_POINT('Origin',(5.0891,88.0745,0.));
#20285=CARTESIAN_POINT('',(5.0891,88.0745,0.));
#20286=CARTESIAN_POINT('',(4.59574,87.9962,0.));
#20287=CARTESIAN_POINT('',(5.0891,88.0745,9.));
#20288=CARTESIAN_POINT('',(4.59574,87.9962,9.));
#20289=CARTESIAN_POINT('',(5.0891,88.0745,0.));
#20290=CARTESIAN_POINT('Origin',(5.53558,88.302,0.));
#20291=CARTESIAN_POINT('',(5.53558,88.302,0.));
#20292=CARTESIAN_POINT('',(5.0891,88.0745,0.));
#20293=CARTESIAN_POINT('',(5.53558,88.302,9.));
#20294=CARTESIAN_POINT('',(5.0891,88.0745,9.));
#20295=CARTESIAN_POINT('',(5.53558,88.302,0.));
#20296=CARTESIAN_POINT('Origin',(5.88973,88.6562,0.));
#20297=CARTESIAN_POINT('',(5.88973,88.6562,0.));
#20298=CARTESIAN_POINT('',(5.53558,88.302,0.));
#20299=CARTESIAN_POINT('',(5.88973,88.6562,9.));
#20300=CARTESIAN_POINT('',(5.53558,88.302,9.));
#20301=CARTESIAN_POINT('',(5.88973,88.6562,0.));
#20302=CARTESIAN_POINT('Origin',(6.1171,89.1025,0.));
#20303=CARTESIAN_POINT('',(6.1171,89.1025,0.));
#20304=CARTESIAN_POINT('',(5.88973,88.6562,0.));
#20305=CARTESIAN_POINT('',(6.1171,89.1025,9.));
#20306=CARTESIAN_POINT('',(5.88973,88.6562,9.));
#20307=CARTESIAN_POINT('',(6.1171,89.1025,0.));
#20308=CARTESIAN_POINT('Origin',(6.19566,89.596,0.));
#20309=CARTESIAN_POINT('',(6.19566,89.596,0.));
#20310=CARTESIAN_POINT('',(6.1171,89.1025,0.));
#20311=CARTESIAN_POINT('',(6.19566,89.596,9.));
#20312=CARTESIAN_POINT('',(6.1171,89.1025,9.));
#20313=CARTESIAN_POINT('',(6.19566,89.596,0.));
#20314=CARTESIAN_POINT('Origin',(6.1171,90.0906,0.));
#20315=CARTESIAN_POINT('',(6.1171,90.0906,0.));
#20316=CARTESIAN_POINT('',(6.19566,89.596,0.));
#20317=CARTESIAN_POINT('',(6.1171,90.0906,9.));
#20318=CARTESIAN_POINT('',(6.19566,89.596,9.));
#20319=CARTESIAN_POINT('',(6.1171,90.0906,0.));
#20320=CARTESIAN_POINT('Origin',(5.88973,90.5372,0.));
#20321=CARTESIAN_POINT('',(5.88973,90.5372,0.));
#20322=CARTESIAN_POINT('',(6.1171,90.0906,0.));
#20323=CARTESIAN_POINT('',(5.88973,90.5372,9.));
#20324=CARTESIAN_POINT('',(6.1171,90.0906,9.));
#20325=CARTESIAN_POINT('',(5.88973,90.5372,0.));
#20326=CARTESIAN_POINT('Origin',(5.53558,90.8914,0.));
#20327=CARTESIAN_POINT('',(5.53558,90.8914,0.));
#20328=CARTESIAN_POINT('',(5.88973,90.5372,0.));
#20329=CARTESIAN_POINT('',(5.53558,90.8914,9.));
#20330=CARTESIAN_POINT('',(5.88973,90.5372,9.));
#20331=CARTESIAN_POINT('',(5.53558,90.8914,0.));
#20332=CARTESIAN_POINT('Origin',(5.0891,91.1186,0.));
#20333=CARTESIAN_POINT('',(5.0891,91.1186,0.));
#20334=CARTESIAN_POINT('',(5.53558,90.8914,0.));
#20335=CARTESIAN_POINT('',(5.0891,91.1186,9.));
#20336=CARTESIAN_POINT('',(5.53558,90.8914,9.));
#20337=CARTESIAN_POINT('',(5.0891,91.1186,0.));
#20338=CARTESIAN_POINT('Origin',(4.59574,91.1959,0.));
#20339=CARTESIAN_POINT('',(4.59574,91.1959,0.));
#20340=CARTESIAN_POINT('',(5.0891,91.1186,0.));
#20341=CARTESIAN_POINT('',(4.59574,91.1959,9.));
#20342=CARTESIAN_POINT('',(5.0891,91.1186,9.));
#20343=CARTESIAN_POINT('',(4.59574,91.1959,0.));
#20344=CARTESIAN_POINT('Origin',(4.10104,91.1186,0.));
#20345=CARTESIAN_POINT('',(4.59574,91.1959,0.));
#20346=CARTESIAN_POINT('',(4.59574,91.1959,9.));
#20347=CARTESIAN_POINT('Origin',(3.65457,5.9104,0.));
#20348=CARTESIAN_POINT('',(3.65457,5.9104,0.));
#20349=CARTESIAN_POINT('',(4.10104,6.13777,0.));
#20350=CARTESIAN_POINT('',(4.10104,6.13777,0.));
#20351=CARTESIAN_POINT('',(4.10104,6.13777000000001,9.));
#20352=CARTESIAN_POINT('',(4.10104,6.13777,0.));
#20353=CARTESIAN_POINT('',(3.65457,5.9104,9.));
#20354=CARTESIAN_POINT('',(4.10104,6.13777,9.));
#20355=CARTESIAN_POINT('',(3.65457,5.9104,0.));
#20356=CARTESIAN_POINT('Origin',(3.3004,5.55625,0.));
#20357=CARTESIAN_POINT('',(3.3004,5.55625,0.));
#20358=CARTESIAN_POINT('',(3.65457,5.9104,0.));
#20359=CARTESIAN_POINT('',(3.3004,5.55624999999999,9.));
#20360=CARTESIAN_POINT('',(3.65457,5.9104,9.));
#20361=CARTESIAN_POINT('',(3.3004,5.55625,0.));
#20362=CARTESIAN_POINT('Origin',(3.07303,5.10977,0.));
#20363=CARTESIAN_POINT('',(3.07303,5.10977,0.));
#20364=CARTESIAN_POINT('',(3.3004,5.55625,0.));
#20365=CARTESIAN_POINT('',(3.07303,5.10977,9.));
#20366=CARTESIAN_POINT('',(3.3004,5.55625,9.));
#20367=CARTESIAN_POINT('',(3.07303,5.10977,0.));
#20368=CARTESIAN_POINT('Origin',(2.99586,4.61504,0.));
#20369=CARTESIAN_POINT('',(2.99586,4.61504,0.));
#20370=CARTESIAN_POINT('',(3.07303,5.10977,0.));
#20371=CARTESIAN_POINT('',(2.99586,4.61504,9.));
#20372=CARTESIAN_POINT('',(3.07303,5.10977,9.));
#20373=CARTESIAN_POINT('',(2.99586,4.61504,0.));
#20374=CARTESIAN_POINT('Origin',(3.07303,4.12171,0.));
#20375=CARTESIAN_POINT('',(3.07303,4.12171,0.));
#20376=CARTESIAN_POINT('',(2.99586,4.61504,0.));
#20377=CARTESIAN_POINT('',(3.07303,4.12171000000001,9.));
#20378=CARTESIAN_POINT('',(2.99586,4.61504,9.));
#20379=CARTESIAN_POINT('',(3.07303,4.12171,0.));
#20380=CARTESIAN_POINT('Origin',(3.3004,3.67524,0.));
#20381=CARTESIAN_POINT('',(3.3004,3.67524,0.));
#20382=CARTESIAN_POINT('',(3.07303,4.12171,0.));
#20383=CARTESIAN_POINT('',(3.3004,3.67524,9.));
#20384=CARTESIAN_POINT('',(3.07303,4.12171,9.));
#20385=CARTESIAN_POINT('',(3.3004,3.67524,0.));
#20386=CARTESIAN_POINT('Origin',(3.65457,3.32107,0.));
#20387=CARTESIAN_POINT('',(3.65457,3.32107,0.));
#20388=CARTESIAN_POINT('',(3.3004,3.67524,0.));
#20389=CARTESIAN_POINT('',(3.65457,3.32107000000001,9.));
#20390=CARTESIAN_POINT('',(3.3004,3.67524,9.));
#20391=CARTESIAN_POINT('',(3.65457,3.32107,0.));
#20392=CARTESIAN_POINT('Origin',(4.10104,3.0937,0.));
#20393=CARTESIAN_POINT('',(4.10104,3.0937,0.));
#20394=CARTESIAN_POINT('',(3.65457,3.32107,0.));
#20395=CARTESIAN_POINT('',(4.10104,3.09369999999999,9.));
#20396=CARTESIAN_POINT('',(3.65457,3.32107,9.));
#20397=CARTESIAN_POINT('',(4.10104,3.0937,0.));
#20398=CARTESIAN_POINT('Origin',(4.59574,3.01653,0.));
#20399=CARTESIAN_POINT('',(4.59574,3.01653,0.));
#20400=CARTESIAN_POINT('',(4.10104,3.0937,0.));
#20401=CARTESIAN_POINT('',(4.59574,3.01653,9.));
#20402=CARTESIAN_POINT('',(4.10104,3.0937,9.));
#20403=CARTESIAN_POINT('',(4.59574,3.01653,0.));
#20404=CARTESIAN_POINT('Origin',(5.0891,3.0937,0.));
#20405=CARTESIAN_POINT('',(5.0891,3.0937,0.));
#20406=CARTESIAN_POINT('',(4.59574,3.01653,0.));
#20407=CARTESIAN_POINT('',(5.0891,3.09369999999999,9.));
#20408=CARTESIAN_POINT('',(4.59574,3.01653,9.));
#20409=CARTESIAN_POINT('',(5.0891,3.0937,0.));
#20410=CARTESIAN_POINT('Origin',(5.53558,3.32107,0.));
#20411=CARTESIAN_POINT('',(5.53558,3.32107,0.));
#20412=CARTESIAN_POINT('',(5.0891,3.0937,0.));
#20413=CARTESIAN_POINT('',(5.53558,3.32107000000001,9.));
#20414=CARTESIAN_POINT('',(5.0891,3.0937,9.));
#20415=CARTESIAN_POINT('',(5.53558,3.32107,0.));
#20416=CARTESIAN_POINT('Origin',(5.88973,3.67524,0.));
#20417=CARTESIAN_POINT('',(5.88973,3.67524,0.));
#20418=CARTESIAN_POINT('',(5.53558,3.32107,0.));
#20419=CARTESIAN_POINT('',(5.88973,3.67524,9.));
#20420=CARTESIAN_POINT('',(5.53558,3.32107,9.));
#20421=CARTESIAN_POINT('',(5.88973,3.67524,0.));
#20422=CARTESIAN_POINT('Origin',(6.1171,4.12171,0.));
#20423=CARTESIAN_POINT('',(6.1171,4.12171,0.));
#20424=CARTESIAN_POINT('',(5.88973,3.67524,0.));
#20425=CARTESIAN_POINT('',(6.1171,4.12171000000001,9.));
#20426=CARTESIAN_POINT('',(5.88973,3.67524,9.));
#20427=CARTESIAN_POINT('',(6.1171,4.12171,0.));
#20428=CARTESIAN_POINT('Origin',(6.19566,4.61504,0.));
#20429=CARTESIAN_POINT('',(6.19566,4.61504,0.));
#20430=CARTESIAN_POINT('',(6.1171,4.12171,0.));
#20431=CARTESIAN_POINT('',(6.19566,4.61504,9.));
#20432=CARTESIAN_POINT('',(6.1171,4.12171,9.));
#20433=CARTESIAN_POINT('',(6.19566,4.61504,0.));
#20434=CARTESIAN_POINT('Origin',(6.1171,5.10977,0.));
#20435=CARTESIAN_POINT('',(6.1171,5.10977,0.));
#20436=CARTESIAN_POINT('',(6.19566,4.61504,0.));
#20437=CARTESIAN_POINT('',(6.1171,5.10977,9.));
#20438=CARTESIAN_POINT('',(6.19566,4.61504,9.));
#20439=CARTESIAN_POINT('',(6.1171,5.10977,0.));
#20440=CARTESIAN_POINT('Origin',(5.88973,5.55625,0.));
#20441=CARTESIAN_POINT('',(5.88973,5.55625,0.));
#20442=CARTESIAN_POINT('',(6.1171,5.10977,0.));
#20443=CARTESIAN_POINT('',(5.88973,5.55624999999999,9.));
#20444=CARTESIAN_POINT('',(6.1171,5.10977,9.));
#20445=CARTESIAN_POINT('',(5.88973,5.55625,0.));
#20446=CARTESIAN_POINT('Origin',(5.53558,5.9104,0.));
#20447=CARTESIAN_POINT('',(5.53558,5.9104,0.));
#20448=CARTESIAN_POINT('',(5.88973,5.55625,0.));
#20449=CARTESIAN_POINT('',(5.53558,5.9104,9.));
#20450=CARTESIAN_POINT('',(5.88973,5.55625,9.));
#20451=CARTESIAN_POINT('',(5.53558,5.9104,0.));
#20452=CARTESIAN_POINT('Origin',(5.0891,6.13777,0.));
#20453=CARTESIAN_POINT('',(5.0891,6.13777,0.));
#20454=CARTESIAN_POINT('',(5.53558,5.9104,0.));
#20455=CARTESIAN_POINT('',(5.0891,6.13777000000001,9.));
#20456=CARTESIAN_POINT('',(5.53558,5.9104,9.));
#20457=CARTESIAN_POINT('',(5.0891,6.13777,0.));
#20458=CARTESIAN_POINT('Origin',(4.59574,6.21496,0.));
#20459=CARTESIAN_POINT('',(4.59574,6.21496,0.));
#20460=CARTESIAN_POINT('',(5.0891,6.13777,0.));
#20461=CARTESIAN_POINT('',(4.59574,6.21496,9.));
#20462=CARTESIAN_POINT('',(5.0891,6.13777,9.));
#20463=CARTESIAN_POINT('',(4.59574,6.21496,0.));
#20464=CARTESIAN_POINT('Origin',(4.10104,6.13777,0.));
#20465=CARTESIAN_POINT('',(4.59574,6.21496,0.));
#20466=CARTESIAN_POINT('',(4.59574,6.21496,9.));
#20467=CARTESIAN_POINT('Origin',(74.7504,90.8914,0.));
#20468=CARTESIAN_POINT('',(74.7504,90.8914,0.));
#20469=CARTESIAN_POINT('',(75.1967,91.1186,0.));
#20470=CARTESIAN_POINT('',(75.1967,91.1186,0.));
#20471=CARTESIAN_POINT('',(75.1967,91.1186,9.));
#20472=CARTESIAN_POINT('',(75.1967,91.1186,0.));
#20473=CARTESIAN_POINT('',(74.7504,90.8914,9.));
#20474=CARTESIAN_POINT('',(75.1967,91.1186,9.));
#20475=CARTESIAN_POINT('',(74.7504,90.8914,0.));
#20476=CARTESIAN_POINT('Origin',(74.3962,90.5372,0.));
#20477=CARTESIAN_POINT('',(74.3962,90.5372,0.));
#20478=CARTESIAN_POINT('',(74.7504,90.8914,0.));
#20479=CARTESIAN_POINT('',(74.3962,90.5372,9.));
#20480=CARTESIAN_POINT('',(74.7504,90.8914,9.));
#20481=CARTESIAN_POINT('',(74.3962,90.5372,0.));
#20482=CARTESIAN_POINT('Origin',(74.1701,90.0906,0.));
#20483=CARTESIAN_POINT('',(74.1701,90.0906,0.));
#20484=CARTESIAN_POINT('',(74.3962,90.5372,0.));
#20485=CARTESIAN_POINT('',(74.1701,90.0906,9.));
#20486=CARTESIAN_POINT('',(74.3962,90.5372,9.));
#20487=CARTESIAN_POINT('',(74.1701,90.0906,0.));
#20488=CARTESIAN_POINT('Origin',(74.0914,89.596,0.));
#20489=CARTESIAN_POINT('',(74.0914,89.596,0.));
#20490=CARTESIAN_POINT('',(74.1701,90.0906,0.));
#20491=CARTESIAN_POINT('',(74.0914,89.596,9.));
#20492=CARTESIAN_POINT('',(74.1701,90.0906,9.));
#20493=CARTESIAN_POINT('',(74.0914,89.596,0.));
#20494=CARTESIAN_POINT('Origin',(74.1701,89.1025,0.));
#20495=CARTESIAN_POINT('',(74.1701,89.1025,0.));
#20496=CARTESIAN_POINT('',(74.0914,89.596,0.));
#20497=CARTESIAN_POINT('',(74.1701,89.1025,9.));
#20498=CARTESIAN_POINT('',(74.0914,89.596,9.));
#20499=CARTESIAN_POINT('',(74.1701,89.1025,0.));
#20500=CARTESIAN_POINT('Origin',(74.3962,88.6562,0.));
#20501=CARTESIAN_POINT('',(74.3962,88.6562,0.));
#20502=CARTESIAN_POINT('',(74.1701,89.1025,0.));
#20503=CARTESIAN_POINT('',(74.3962,88.6562,9.));
#20504=CARTESIAN_POINT('',(74.1701,89.1025,9.));
#20505=CARTESIAN_POINT('',(74.3962,88.6562,0.));
#20506=CARTESIAN_POINT('Origin',(74.7504,88.302,0.));
#20507=CARTESIAN_POINT('',(74.7504,88.302,0.));
#20508=CARTESIAN_POINT('',(74.3962,88.6562,0.));
#20509=CARTESIAN_POINT('',(74.7504,88.302,9.));
#20510=CARTESIAN_POINT('',(74.3962,88.6562,9.));
#20511=CARTESIAN_POINT('',(74.7504,88.302,0.));
#20512=CARTESIAN_POINT('Origin',(75.1967,88.0745,0.));
#20513=CARTESIAN_POINT('',(75.1967,88.0745,0.));
#20514=CARTESIAN_POINT('',(74.7504,88.302,0.));
#20515=CARTESIAN_POINT('',(75.1967,88.0745,9.));
#20516=CARTESIAN_POINT('',(74.7504,88.302,9.));
#20517=CARTESIAN_POINT('',(75.1967,88.0745,0.));
#20518=CARTESIAN_POINT('Origin',(75.6916,87.9962,0.));
#20519=CARTESIAN_POINT('',(75.6916,87.9962,0.));
#20520=CARTESIAN_POINT('',(75.1967,88.0745,0.));
#20521=CARTESIAN_POINT('',(75.6916,87.9962,9.));
#20522=CARTESIAN_POINT('',(75.1967,88.0745,9.));
#20523=CARTESIAN_POINT('',(75.6916,87.9962,0.));
#20524=CARTESIAN_POINT('Origin',(76.1848,88.0745,0.));
#20525=CARTESIAN_POINT('',(76.1848,88.0745,0.));
#20526=CARTESIAN_POINT('',(75.6916,87.9962,0.));
#20527=CARTESIAN_POINT('',(76.1848,88.0745,9.));
#20528=CARTESIAN_POINT('',(75.6916,87.9962,9.));
#20529=CARTESIAN_POINT('',(76.1848,88.0745,0.));
#20530=CARTESIAN_POINT('Origin',(76.6315,88.302,0.));
#20531=CARTESIAN_POINT('',(76.6315,88.302,0.));
#20532=CARTESIAN_POINT('',(76.1848,88.0745,0.));
#20533=CARTESIAN_POINT('',(76.6315,88.302,9.));
#20534=CARTESIAN_POINT('',(76.1848,88.0745,9.));
#20535=CARTESIAN_POINT('',(76.6315,88.302,0.));
#20536=CARTESIAN_POINT('Origin',(76.9856,88.6562,0.));
#20537=CARTESIAN_POINT('',(76.9856,88.6562,0.));
#20538=CARTESIAN_POINT('',(76.6315,88.302,0.));
#20539=CARTESIAN_POINT('',(76.9856,88.6562,9.));
#20540=CARTESIAN_POINT('',(76.6315,88.302,9.));
#20541=CARTESIAN_POINT('',(76.9856,88.6562,0.));
#20542=CARTESIAN_POINT('Origin',(77.2128,89.1025,0.));
#20543=CARTESIAN_POINT('',(77.2128,89.1025,0.));
#20544=CARTESIAN_POINT('',(76.9856,88.6562,0.));
#20545=CARTESIAN_POINT('',(77.2128,89.1025,9.));
#20546=CARTESIAN_POINT('',(76.9856,88.6562,9.));
#20547=CARTESIAN_POINT('',(77.2128,89.1025,0.));
#20548=CARTESIAN_POINT('Origin',(77.2915,89.596,0.));
#20549=CARTESIAN_POINT('',(77.2915,89.596,0.));
#20550=CARTESIAN_POINT('',(77.2128,89.1025,0.));
#20551=CARTESIAN_POINT('',(77.2915,89.596,9.));
#20552=CARTESIAN_POINT('',(77.2128,89.1025,9.));
#20553=CARTESIAN_POINT('',(77.2915,89.596,0.));
#20554=CARTESIAN_POINT('Origin',(77.2128,90.0906,0.));
#20555=CARTESIAN_POINT('',(77.2128,90.0906,0.));
#20556=CARTESIAN_POINT('',(77.2915,89.596,0.));
#20557=CARTESIAN_POINT('',(77.2128,90.0906,9.));
#20558=CARTESIAN_POINT('',(77.2915,89.596,9.));
#20559=CARTESIAN_POINT('',(77.2128,90.0906,0.));
#20560=CARTESIAN_POINT('Origin',(76.9856,90.5372,0.));
#20561=CARTESIAN_POINT('',(76.9856,90.5372,0.));
#20562=CARTESIAN_POINT('',(77.2128,90.0906,0.));
#20563=CARTESIAN_POINT('',(76.9856,90.5372,9.));
#20564=CARTESIAN_POINT('',(77.2128,90.0906,9.));
#20565=CARTESIAN_POINT('',(76.9856,90.5372,0.));
#20566=CARTESIAN_POINT('Origin',(76.6315,90.8914,0.));
#20567=CARTESIAN_POINT('',(76.6315,90.8914,0.));
#20568=CARTESIAN_POINT('',(76.9856,90.5372,0.));
#20569=CARTESIAN_POINT('',(76.6315,90.8914,9.));
#20570=CARTESIAN_POINT('',(76.9856,90.5372,9.));
#20571=CARTESIAN_POINT('',(76.6315,90.8914,0.));
#20572=CARTESIAN_POINT('Origin',(76.1848,91.1186,0.));
#20573=CARTESIAN_POINT('',(76.1848,91.1186,0.));
#20574=CARTESIAN_POINT('',(76.6315,90.8914,0.));
#20575=CARTESIAN_POINT('',(76.1848,91.1186,9.));
#20576=CARTESIAN_POINT('',(76.6315,90.8914,9.));
#20577=CARTESIAN_POINT('',(76.1848,91.1186,0.));
#20578=CARTESIAN_POINT('Origin',(75.6916,91.1959,0.));
#20579=CARTESIAN_POINT('',(75.6916,91.1959,0.));
#20580=CARTESIAN_POINT('',(76.1848,91.1186,0.));
#20581=CARTESIAN_POINT('',(75.6916,91.1959,9.));
#20582=CARTESIAN_POINT('',(76.1848,91.1186,9.));
#20583=CARTESIAN_POINT('',(75.6916,91.1959,0.));
#20584=CARTESIAN_POINT('Origin',(75.1967,91.1186,0.));
#20585=CARTESIAN_POINT('',(75.6916,91.1959,0.));
#20586=CARTESIAN_POINT('',(75.6916,91.1959,9.));
#20587=CARTESIAN_POINT('Origin',(38.6856,94.0964,0.));
#20588=CARTESIAN_POINT('',(2.59485,94.0964,0.));
#20589=CARTESIAN_POINT('',(38.6856,94.0964,0.));
#20590=CARTESIAN_POINT('',(2.59485,94.0964,0.));
#20591=CARTESIAN_POINT('',(2.59485,94.0964,9.));
#20592=CARTESIAN_POINT('',(2.59485,94.0964,0.));
#20593=CARTESIAN_POINT('',(38.6856,94.0964,9.));
#20594=CARTESIAN_POINT('',(2.59485,94.0964,9.));
#20595=CARTESIAN_POINT('',(38.6856,94.0964,0.));
#20596=CARTESIAN_POINT('Origin',(38.6856,85.0967,0.));
#20597=CARTESIAN_POINT('',(38.6856,85.0967,0.));
#20598=CARTESIAN_POINT('',(38.6856,94.0964,0.));
#20599=CARTESIAN_POINT('',(38.6856,85.0967,9.));
#20600=CARTESIAN_POINT('',(38.6856,94.0964,9.));
#20601=CARTESIAN_POINT('',(38.6856,85.0967,0.));
#20602=CARTESIAN_POINT('Origin',(9.09507,85.0967,0.));
#20603=CARTESIAN_POINT('',(9.09507,85.0967,0.));
#20604=CARTESIAN_POINT('',(38.6856,85.0967,0.));
#20605=CARTESIAN_POINT('',(9.09507,85.0967,9.));
#20606=CARTESIAN_POINT('',(38.6856,85.0967,9.));
#20607=CARTESIAN_POINT('',(9.09507,85.0967,0.));
#20608=CARTESIAN_POINT('Origin',(9.09507,6.46575,0.));
#20609=CARTESIAN_POINT('',(9.09507,6.46575,0.));
#20610=CARTESIAN_POINT('',(9.09507,85.0967,0.));
#20611=CARTESIAN_POINT('',(9.09507,6.46575,9.));
#20612=CARTESIAN_POINT('',(9.09507,85.0967,9.));
#20613=CARTESIAN_POINT('',(9.09507,6.46575,0.));
#20614=CARTESIAN_POINT('Origin',(71.1909,6.46575,0.));
#20615=CARTESIAN_POINT('',(71.1909,6.46575,0.));
#20616=CARTESIAN_POINT('',(9.09507,6.46575,0.));
#20617=CARTESIAN_POINT('',(71.1909,6.46575,9.));
#20618=CARTESIAN_POINT('',(9.09507,6.46575,9.));
#20619=CARTESIAN_POINT('',(71.1909,6.46575,0.));
#20620=CARTESIAN_POINT('Origin',(71.1909,85.0967,0.));
#20621=CARTESIAN_POINT('',(71.1909,85.0967,0.));
#20622=CARTESIAN_POINT('',(71.1909,6.46575,0.));
#20623=CARTESIAN_POINT('',(71.1909,85.0967,9.));
#20624=CARTESIAN_POINT('',(71.1909,6.46575,9.));
#20625=CARTESIAN_POINT('',(71.1909,85.0967,0.));
#20626=CARTESIAN_POINT('Origin',(48.6862,85.0967,0.));
#20627=CARTESIAN_POINT('',(48.6862,85.0967,0.));
#20628=CARTESIAN_POINT('',(71.1909,85.0967,0.));
#20629=CARTESIAN_POINT('',(48.6862,85.0967,9.));
#20630=CARTESIAN_POINT('',(71.1909,85.0967,9.));
#20631=CARTESIAN_POINT('',(48.6862,85.0967,0.));
#20632=CARTESIAN_POINT('Origin',(48.6862,94.0964,0.));
#20633=CARTESIAN_POINT('',(48.6862,94.0964,0.));
#20634=CARTESIAN_POINT('',(48.6862,85.0967,0.));
#20635=CARTESIAN_POINT('',(48.6862,94.0964,9.));
#20636=CARTESIAN_POINT('',(48.6862,85.0967,9.));
#20637=CARTESIAN_POINT('',(48.6862,94.0964,0.));
#20638=CARTESIAN_POINT('Origin',(77.6912,94.0964,0.));
#20639=CARTESIAN_POINT('',(77.6912,94.0964,0.));
#20640=CARTESIAN_POINT('',(48.6862,94.0964,0.));
#20641=CARTESIAN_POINT('',(77.6912,94.0964,9.));
#20642=CARTESIAN_POINT('',(48.6862,94.0964,9.));
#20643=CARTESIAN_POINT('',(77.6912,94.0964,0.));
#20644=CARTESIAN_POINT('Origin',(77.888,94.0897,0.));
#20645=CARTESIAN_POINT('',(77.888,94.0897,0.));
#20646=CARTESIAN_POINT('',(77.6912,94.0964,0.));
#20647=CARTESIAN_POINT('',(77.888,94.0897,9.));
#20648=CARTESIAN_POINT('',(77.6912,94.0964,9.));
#20649=CARTESIAN_POINT('',(77.888,94.0897,0.));
#20650=CARTESIAN_POINT('Origin',(78.0824,94.0664,0.));
#20651=CARTESIAN_POINT('',(78.0824,94.0664,0.));
#20652=CARTESIAN_POINT('',(77.888,94.0897,0.));
#20653=CARTESIAN_POINT('',(78.0824,94.0664,9.));
#20654=CARTESIAN_POINT('',(77.888,94.0897,9.));
#20655=CARTESIAN_POINT('',(78.0824,94.0664,0.));
#20656=CARTESIAN_POINT('Origin',(78.274,94.0276,0.));
#20657=CARTESIAN_POINT('',(78.274,94.0276,0.));
#20658=CARTESIAN_POINT('',(78.0824,94.0664,0.));
#20659=CARTESIAN_POINT('',(78.274,94.0276,9.));
#20660=CARTESIAN_POINT('',(78.0824,94.0664,9.));
#20661=CARTESIAN_POINT('',(78.274,94.0276,0.));
#20662=CARTESIAN_POINT('Origin',(78.4641,93.974,0.));
#20663=CARTESIAN_POINT('',(78.4641,93.974,0.));
#20664=CARTESIAN_POINT('',(78.274,94.0276,0.));
#20665=CARTESIAN_POINT('',(78.4641,93.974,9.));
#20666=CARTESIAN_POINT('',(78.274,94.0276,9.));
#20667=CARTESIAN_POINT('',(78.4641,93.974,0.));
#20668=CARTESIAN_POINT('Origin',(78.6476,93.9063,0.));
#20669=CARTESIAN_POINT('',(78.6476,93.9063,0.));
#20670=CARTESIAN_POINT('',(78.4641,93.974,0.));
#20671=CARTESIAN_POINT('',(78.6476,93.9063,9.));
#20672=CARTESIAN_POINT('',(78.4641,93.974,9.));
#20673=CARTESIAN_POINT('',(78.6476,93.9063,0.));
#20674=CARTESIAN_POINT('Origin',(78.825,93.8237,0.));
#20675=CARTESIAN_POINT('',(78.825,93.8237,0.));
#20676=CARTESIAN_POINT('',(78.6476,93.9063,0.));
#20677=CARTESIAN_POINT('',(78.825,93.8237,9.));
#20678=CARTESIAN_POINT('',(78.6476,93.9063,9.));
#20679=CARTESIAN_POINT('',(78.825,93.8237,0.));
#20680=CARTESIAN_POINT('Origin',(78.9975,93.7288,0.));
#20681=CARTESIAN_POINT('',(78.9975,93.7288,0.));
#20682=CARTESIAN_POINT('',(78.825,93.8237,0.));
#20683=CARTESIAN_POINT('',(78.9975,93.7288,9.));
#20684=CARTESIAN_POINT('',(78.825,93.8237,9.));
#20685=CARTESIAN_POINT('',(78.9975,93.7288,0.));
#20686=CARTESIAN_POINT('Origin',(79.1602,93.6198,0.));
#20687=CARTESIAN_POINT('',(79.1602,93.6198,0.));
#20688=CARTESIAN_POINT('',(78.9975,93.7288,0.));
#20689=CARTESIAN_POINT('',(79.1602,93.6198,9.));
#20690=CARTESIAN_POINT('',(78.9975,93.7288,9.));
#20691=CARTESIAN_POINT('',(79.1602,93.6198,0.));
#20692=CARTESIAN_POINT('Origin',(79.3143,93.4985,0.));
#20693=CARTESIAN_POINT('',(79.3143,93.4985,0.));
#20694=CARTESIAN_POINT('',(79.1602,93.6198,0.));
#20695=CARTESIAN_POINT('',(79.3143,93.4985,9.));
#20696=CARTESIAN_POINT('',(79.1602,93.6198,9.));
#20697=CARTESIAN_POINT('',(79.3143,93.4985,0.));
#20698=CARTESIAN_POINT('Origin',(79.459,93.3648,0.));
#20699=CARTESIAN_POINT('',(79.459,93.3648,0.));
#20700=CARTESIAN_POINT('',(79.3143,93.4985,0.));
#20701=CARTESIAN_POINT('',(79.459,93.3648,9.));
#20702=CARTESIAN_POINT('',(79.3143,93.4985,9.));
#20703=CARTESIAN_POINT('',(79.459,93.3648,0.));
#20704=CARTESIAN_POINT('Origin',(79.5927,93.2201,0.));
#20705=CARTESIAN_POINT('',(79.5927,93.2201,0.));
#20706=CARTESIAN_POINT('',(79.459,93.3648,0.));
#20707=CARTESIAN_POINT('',(79.5927,93.2201,9.));
#20708=CARTESIAN_POINT('',(79.459,93.3648,9.));
#20709=CARTESIAN_POINT('',(79.5927,93.2201,0.));
#20710=CARTESIAN_POINT('Origin',(79.714,93.0659,0.));
#20711=CARTESIAN_POINT('',(79.714,93.0659,0.));
#20712=CARTESIAN_POINT('',(79.5927,93.2201,0.));
#20713=CARTESIAN_POINT('',(79.714,93.0659,9.));
#20714=CARTESIAN_POINT('',(79.5927,93.2201,9.));
#20715=CARTESIAN_POINT('',(79.714,93.0659,0.));
#20716=CARTESIAN_POINT('Origin',(79.823,92.9033,0.));
#20717=CARTESIAN_POINT('',(79.823,92.9033,0.));
#20718=CARTESIAN_POINT('',(79.714,93.0659,0.));
#20719=CARTESIAN_POINT('',(79.823,92.9033,9.));
#20720=CARTESIAN_POINT('',(79.714,93.0659,9.));
#20721=CARTESIAN_POINT('',(79.823,92.9033,0.));
#20722=CARTESIAN_POINT('Origin',(79.9179,92.7308,0.));
#20723=CARTESIAN_POINT('',(79.9179,92.7308,0.));
#20724=CARTESIAN_POINT('',(79.823,92.9033,0.));
#20725=CARTESIAN_POINT('',(79.9179,92.7308,9.));
#20726=CARTESIAN_POINT('',(79.823,92.9033,9.));
#20727=CARTESIAN_POINT('',(79.9179,92.7308,0.));
#20728=CARTESIAN_POINT('Origin',(80.0005,92.553,0.));
#20729=CARTESIAN_POINT('',(80.0005,92.553,0.));
#20730=CARTESIAN_POINT('',(79.9179,92.7308,0.));
#20731=CARTESIAN_POINT('',(80.0005,92.553,9.));
#20732=CARTESIAN_POINT('',(79.9179,92.7308,9.));
#20733=CARTESIAN_POINT('',(80.0005,92.553,0.));
#20734=CARTESIAN_POINT('Origin',(80.0682,92.3685,0.));
#20735=CARTESIAN_POINT('',(80.0682,92.3685,0.));
#20736=CARTESIAN_POINT('',(80.0005,92.553,0.));
#20737=CARTESIAN_POINT('',(80.0682,92.3685,9.));
#20738=CARTESIAN_POINT('',(80.0005,92.553,9.));
#20739=CARTESIAN_POINT('',(80.0682,92.3685,0.));
#20740=CARTESIAN_POINT('Origin',(80.1218,92.1798,0.));
#20741=CARTESIAN_POINT('',(80.1218,92.1798,0.));
#20742=CARTESIAN_POINT('',(80.0682,92.3685,0.));
#20743=CARTESIAN_POINT('',(80.1218,92.1798,9.));
#20744=CARTESIAN_POINT('',(80.0682,92.3685,9.));
#20745=CARTESIAN_POINT('',(80.1218,92.1798,0.));
#20746=CARTESIAN_POINT('Origin',(80.1606,91.9882,0.));
#20747=CARTESIAN_POINT('',(80.1606,91.9882,0.));
#20748=CARTESIAN_POINT('',(80.1218,92.1798,0.));
#20749=CARTESIAN_POINT('',(80.1606,91.9882,9.));
#20750=CARTESIAN_POINT('',(80.1218,92.1798,9.));
#20751=CARTESIAN_POINT('',(80.1606,91.9882,0.));
#20752=CARTESIAN_POINT('Origin',(80.1839,91.7924,0.));
#20753=CARTESIAN_POINT('',(80.1839,91.7924,0.));
#20754=CARTESIAN_POINT('',(80.1606,91.9882,0.));
#20755=CARTESIAN_POINT('',(80.1839,91.7924,9.));
#20756=CARTESIAN_POINT('',(80.1606,91.9882,9.));
#20757=CARTESIAN_POINT('',(80.1839,91.7924,0.));
#20758=CARTESIAN_POINT('Origin',(80.192,91.597,0.));
#20759=CARTESIAN_POINT('',(80.192,91.597,0.));
#20760=CARTESIAN_POINT('',(80.1839,91.7924,0.));
#20761=CARTESIAN_POINT('',(80.192,91.597,9.));
#20762=CARTESIAN_POINT('',(80.1839,91.7924,9.));
#20763=CARTESIAN_POINT('',(80.192,91.597,0.));
#20764=CARTESIAN_POINT('Origin',(80.192,2.61552,0.));
#20765=CARTESIAN_POINT('',(80.192,2.61552,0.));
#20766=CARTESIAN_POINT('',(80.192,91.597,0.));
#20767=CARTESIAN_POINT('',(80.192,2.61552,9.));
#20768=CARTESIAN_POINT('',(80.192,91.597,9.));
#20769=CARTESIAN_POINT('',(80.192,2.61552,0.));
#20770=CARTESIAN_POINT('Origin',(80.1839,2.41984,0.));
#20771=CARTESIAN_POINT('',(80.1839,2.41984,0.));
#20772=CARTESIAN_POINT('',(80.192,2.61552,0.));
#20773=CARTESIAN_POINT('',(80.1839,2.41984,9.));
#20774=CARTESIAN_POINT('',(80.192,2.61552,9.));
#20775=CARTESIAN_POINT('',(80.1839,2.41984,0.));
#20776=CARTESIAN_POINT('Origin',(80.1606,2.22415,0.));
#20777=CARTESIAN_POINT('',(80.1606,2.22415,0.));
#20778=CARTESIAN_POINT('',(80.1839,2.41984,0.));
#20779=CARTESIAN_POINT('',(80.1606,2.22415,9.));
#20780=CARTESIAN_POINT('',(80.1839,2.41984,9.));
#20781=CARTESIAN_POINT('',(80.1606,2.22415,0.));
#20782=CARTESIAN_POINT('Origin',(80.1218,2.03261,0.));
#20783=CARTESIAN_POINT('',(80.1218,2.03261,0.));
#20784=CARTESIAN_POINT('',(80.1606,2.22415,0.));
#20785=CARTESIAN_POINT('',(80.1218,2.03260999999999,9.));
#20786=CARTESIAN_POINT('',(80.1606,2.22415,9.));
#20787=CARTESIAN_POINT('',(80.1218,2.03261,0.));
#20788=CARTESIAN_POINT('Origin',(80.0682,1.84381,0.));
#20789=CARTESIAN_POINT('',(80.0682,1.84381,0.));
#20790=CARTESIAN_POINT('',(80.1218,2.03261,0.));
#20791=CARTESIAN_POINT('',(80.0682,1.84381,9.));
#20792=CARTESIAN_POINT('',(80.1218,2.03261,9.));
#20793=CARTESIAN_POINT('',(80.0682,1.84381,0.));
#20794=CARTESIAN_POINT('Origin',(80.0005,1.65916,0.));
#20795=CARTESIAN_POINT('',(80.0005,1.65916,0.));
#20796=CARTESIAN_POINT('',(80.0682,1.84381,0.));
#20797=CARTESIAN_POINT('',(80.0005,1.65915999999999,9.));
#20798=CARTESIAN_POINT('',(80.0682,1.84381,9.));
#20799=CARTESIAN_POINT('',(80.0005,1.65916,0.));
#20800=CARTESIAN_POINT('Origin',(79.9179,1.48139,0.));
#20801=CARTESIAN_POINT('',(79.9179,1.48139,0.));
#20802=CARTESIAN_POINT('',(80.0005,1.65916,0.));
#20803=CARTESIAN_POINT('',(79.9179,1.48139,9.));
#20804=CARTESIAN_POINT('',(80.0005,1.65916,9.));
#20805=CARTESIAN_POINT('',(79.9179,1.48139,0.));
#20806=CARTESIAN_POINT('Origin',(79.823,1.30914,0.));
#20807=CARTESIAN_POINT('',(79.823,1.30914,0.));
#20808=CARTESIAN_POINT('',(79.9179,1.48139,0.));
#20809=CARTESIAN_POINT('',(79.823,1.30914000000001,9.));
#20810=CARTESIAN_POINT('',(79.9179,1.48139,9.));
#20811=CARTESIAN_POINT('',(79.823,1.30914,0.));
#20812=CARTESIAN_POINT('Origin',(79.714,1.14653,0.));
#20813=CARTESIAN_POINT('',(79.714,1.14653,0.));
#20814=CARTESIAN_POINT('',(79.823,1.30914,0.));
#20815=CARTESIAN_POINT('',(79.714,1.14653000000001,9.));
#20816=CARTESIAN_POINT('',(79.823,1.30914,9.));
#20817=CARTESIAN_POINT('',(79.714,1.14653,0.));
#20818=CARTESIAN_POINT('Origin',(79.5927,0.992188,0.));
#20819=CARTESIAN_POINT('',(79.5927,0.992188,0.));
#20820=CARTESIAN_POINT('',(79.714,1.14653,0.));
#20821=CARTESIAN_POINT('',(79.5927,0.992187999999992,9.));
#20822=CARTESIAN_POINT('',(79.714,1.14653,9.));
#20823=CARTESIAN_POINT('',(79.5927,0.992188,0.));
#20824=CARTESIAN_POINT('Origin',(79.459,0.847492,0.));
#20825=CARTESIAN_POINT('',(79.459,0.847492,0.));
#20826=CARTESIAN_POINT('',(79.5927,0.992188,0.));
#20827=CARTESIAN_POINT('',(79.459,0.847491999999992,9.));
#20828=CARTESIAN_POINT('',(79.5927,0.992188,9.));
#20829=CARTESIAN_POINT('',(79.459,0.847492,0.));
#20830=CARTESIAN_POINT('Origin',(79.3143,0.713825,0.));
#20831=CARTESIAN_POINT('',(79.3143,0.713825,0.));
#20832=CARTESIAN_POINT('',(79.459,0.847492,0.));
#20833=CARTESIAN_POINT('',(79.3143,0.713825000000003,9.));
#20834=CARTESIAN_POINT('',(79.459,0.847492,9.));
#20835=CARTESIAN_POINT('',(79.3143,0.713825,0.));
#20836=CARTESIAN_POINT('Origin',(79.1602,0.592557,0.));
#20837=CARTESIAN_POINT('',(79.1602,0.592557,0.));
#20838=CARTESIAN_POINT('',(79.3143,0.713825,0.));
#20839=CARTESIAN_POINT('',(79.1602,0.592556999999996,9.));
#20840=CARTESIAN_POINT('',(79.3143,0.713825,9.));
#20841=CARTESIAN_POINT('',(79.1602,0.592557,0.));
#20842=CARTESIAN_POINT('Origin',(78.9975,0.48369,0.));
#20843=CARTESIAN_POINT('',(78.9975,0.48369,0.));
#20844=CARTESIAN_POINT('',(79.1602,0.592557,0.));
#20845=CARTESIAN_POINT('',(78.9975,0.483689999999992,9.));
#20846=CARTESIAN_POINT('',(79.1602,0.592557,9.));
#20847=CARTESIAN_POINT('',(78.9975,0.48369,0.));
#20848=CARTESIAN_POINT('Origin',(78.825,0.388606,0.));
#20849=CARTESIAN_POINT('',(78.825,0.388606,0.));
#20850=CARTESIAN_POINT('',(78.9975,0.48369,0.));
#20851=CARTESIAN_POINT('',(78.825,0.388605999999996,9.));
#20852=CARTESIAN_POINT('',(78.9975,0.48369,9.));
#20853=CARTESIAN_POINT('',(78.825,0.388606,0.));
#20854=CARTESIAN_POINT('Origin',(78.6476,0.305925,0.));
#20855=CARTESIAN_POINT('',(78.6476,0.305925,0.));
#20856=CARTESIAN_POINT('',(78.825,0.388606,0.));
#20857=CARTESIAN_POINT('',(78.6476,0.305924999999991,9.));
#20858=CARTESIAN_POINT('',(78.825,0.388606,9.));
#20859=CARTESIAN_POINT('',(78.6476,0.305925,0.));
#20860=CARTESIAN_POINT('Origin',(78.4641,0.238401,0.));
#20861=CARTESIAN_POINT('',(78.4641,0.238401,0.));
#20862=CARTESIAN_POINT('',(78.6476,0.305925,0.));
#20863=CARTESIAN_POINT('',(78.4641,0.238400999999993,9.));
#20864=CARTESIAN_POINT('',(78.6476,0.305925,9.));
#20865=CARTESIAN_POINT('',(78.4641,0.238401,0.));
#20866=CARTESIAN_POINT('Origin',(78.274,0.184657,0.));
#20867=CARTESIAN_POINT('',(78.274,0.184657,0.));
#20868=CARTESIAN_POINT('',(78.4641,0.238401,0.));
#20869=CARTESIAN_POINT('',(78.274,0.184657000000001,9.));
#20870=CARTESIAN_POINT('',(78.4641,0.238401,9.));
#20871=CARTESIAN_POINT('',(78.274,0.184657,0.));
#20872=CARTESIAN_POINT('Origin',(78.0824,0.146072,0.));
#20873=CARTESIAN_POINT('',(78.0824,0.146072,0.));
#20874=CARTESIAN_POINT('',(78.274,0.184657,0.));
#20875=CARTESIAN_POINT('',(78.0824,0.146072000000004,9.));
#20876=CARTESIAN_POINT('',(78.274,0.184657,9.));
#20877=CARTESIAN_POINT('',(78.0824,0.146072,0.));
#20878=CARTESIAN_POINT('Origin',(77.888,0.122645,0.));
#20879=CARTESIAN_POINT('',(77.888,0.122645,0.));
#20880=CARTESIAN_POINT('',(78.0824,0.146072,0.));
#20881=CARTESIAN_POINT('',(77.888,0.122645000000006,9.));
#20882=CARTESIAN_POINT('',(78.0824,0.146072,9.));
#20883=CARTESIAN_POINT('',(77.888,0.122645,0.));
#20884=CARTESIAN_POINT('Origin',(77.6912,0.115755,0.));
#20885=CARTESIAN_POINT('',(77.6912,0.115755,0.));
#20886=CARTESIAN_POINT('',(77.888,0.122645,0.));
#20887=CARTESIAN_POINT('',(77.6912,0.115754999999993,9.));
#20888=CARTESIAN_POINT('',(77.888,0.122645,9.));
#20889=CARTESIAN_POINT('',(77.6912,0.115755,0.));
#20890=CARTESIAN_POINT('Origin',(2.59485,0.115755,0.));
#20891=CARTESIAN_POINT('',(2.59485,0.115755,0.));
#20892=CARTESIAN_POINT('',(77.6912,0.115755,0.));
#20893=CARTESIAN_POINT('',(2.59485,0.115754999999993,9.));
#20894=CARTESIAN_POINT('',(77.6912,0.115755,9.));
#20895=CARTESIAN_POINT('',(2.59485,0.115755,0.));
#20896=CARTESIAN_POINT('Origin',(2.39916,0.122645,0.));
#20897=CARTESIAN_POINT('',(2.39916,0.122645,0.));
#20898=CARTESIAN_POINT('',(2.59485,0.115755,0.));
#20899=CARTESIAN_POINT('',(2.39916,0.122645000000006,9.));
#20900=CARTESIAN_POINT('',(2.59485,0.115755,9.));
#20901=CARTESIAN_POINT('',(2.39916,0.122645,0.));
#20902=CARTESIAN_POINT('Origin',(2.20348,0.146072,0.));
#20903=CARTESIAN_POINT('',(2.20348,0.146072,0.));
#20904=CARTESIAN_POINT('',(2.39916,0.122645,0.));
#20905=CARTESIAN_POINT('',(2.20348,0.146072000000004,9.));
#20906=CARTESIAN_POINT('',(2.39916,0.122645,9.));
#20907=CARTESIAN_POINT('',(2.20348,0.146072,0.));
#20908=CARTESIAN_POINT('Origin',(2.01194,0.184657,0.));
#20909=CARTESIAN_POINT('',(2.01194,0.184657,0.));
#20910=CARTESIAN_POINT('',(2.20348,0.146072,0.));
#20911=CARTESIAN_POINT('',(2.01194,0.184657000000001,9.));
#20912=CARTESIAN_POINT('',(2.20348,0.146072,9.));
#20913=CARTESIAN_POINT('',(2.01194,0.184657,0.));
#20914=CARTESIAN_POINT('Origin',(1.82315,0.238401,0.));
#20915=CARTESIAN_POINT('',(1.82315,0.238401,0.));
#20916=CARTESIAN_POINT('',(2.01194,0.184657,0.));
#20917=CARTESIAN_POINT('',(1.82315,0.238400999999993,9.));
#20918=CARTESIAN_POINT('',(2.01194,0.184657,9.));
#20919=CARTESIAN_POINT('',(1.82315,0.238401,0.));
#20920=CARTESIAN_POINT('Origin',(1.63849,0.305925,0.));
#20921=CARTESIAN_POINT('',(1.63849,0.305925,0.));
#20922=CARTESIAN_POINT('',(1.82315,0.238401,0.));
#20923=CARTESIAN_POINT('',(1.63849,0.305924999999991,9.));
#20924=CARTESIAN_POINT('',(1.82315,0.238401,9.));
#20925=CARTESIAN_POINT('',(1.63849,0.305925,0.));
#20926=CARTESIAN_POINT('Origin',(1.46072,0.388606,0.));
#20927=CARTESIAN_POINT('',(1.46072,0.388606,0.));
#20928=CARTESIAN_POINT('',(1.63849,0.305925,0.));
#20929=CARTESIAN_POINT('',(1.46072,0.388605999999996,9.));
#20930=CARTESIAN_POINT('',(1.63849,0.305925,9.));
#20931=CARTESIAN_POINT('',(1.46072,0.388606,0.));
#20932=CARTESIAN_POINT('Origin',(1.28846,0.48369,0.));
#20933=CARTESIAN_POINT('',(1.28846,0.48369,0.));
#20934=CARTESIAN_POINT('',(1.46072,0.388606,0.));
#20935=CARTESIAN_POINT('',(1.28846,0.483689999999992,9.));
#20936=CARTESIAN_POINT('',(1.46072,0.388606,9.));
#20937=CARTESIAN_POINT('',(1.28846,0.48369,0.));
#20938=CARTESIAN_POINT('Origin',(1.12586,0.592557,0.));
#20939=CARTESIAN_POINT('',(1.12586,0.592557,0.));
#20940=CARTESIAN_POINT('',(1.28846,0.48369,0.));
#20941=CARTESIAN_POINT('',(1.12586,0.592556999999996,9.));
#20942=CARTESIAN_POINT('',(1.28846,0.48369,9.));
#20943=CARTESIAN_POINT('',(1.12586,0.592557,0.));
#20944=CARTESIAN_POINT('Origin',(0.971518,0.713825,0.));
#20945=CARTESIAN_POINT('',(0.971518,0.713825,0.));
#20946=CARTESIAN_POINT('',(1.12586,0.592557,0.));
#20947=CARTESIAN_POINT('',(0.971517999999998,0.713825000000003,9.));
#20948=CARTESIAN_POINT('',(1.12586,0.592557,9.));
#20949=CARTESIAN_POINT('',(0.971518,0.713825,0.));
#20950=CARTESIAN_POINT('Origin',(0.826823,0.847492,0.));
#20951=CARTESIAN_POINT('',(0.826823,0.847492,0.));
#20952=CARTESIAN_POINT('',(0.971518,0.713825,0.));
#20953=CARTESIAN_POINT('',(0.826823000000001,0.847491999999992,9.));
#20954=CARTESIAN_POINT('',(0.971518,0.713825,9.));
#20955=CARTESIAN_POINT('',(0.826823,0.847492,0.));
#20956=CARTESIAN_POINT('Origin',(0.693152,0.992188,0.));
#20957=CARTESIAN_POINT('',(0.693152,0.992188,0.));
#20958=CARTESIAN_POINT('',(0.826823,0.847492,0.));
#20959=CARTESIAN_POINT('',(0.693152000000001,0.992187999999992,9.));
#20960=CARTESIAN_POINT('',(0.826823,0.847492,9.));
#20961=CARTESIAN_POINT('',(0.693152,0.992188,0.));
#20962=CARTESIAN_POINT('Origin',(0.571885,1.14653,0.));
#20963=CARTESIAN_POINT('',(0.571885,1.14653,0.));
#20964=CARTESIAN_POINT('',(0.693152,0.992188,0.));
#20965=CARTESIAN_POINT('',(0.571884999999996,1.14653000000001,9.));
#20966=CARTESIAN_POINT('',(0.693152,0.992188,9.));
#20967=CARTESIAN_POINT('',(0.571885,1.14653,0.));
#20968=CARTESIAN_POINT('Origin',(0.463021,1.30914,0.));
#20969=CARTESIAN_POINT('',(0.463021,1.30914,0.));
#20970=CARTESIAN_POINT('',(0.571885,1.14653,0.));
#20971=CARTESIAN_POINT('',(0.463021000000001,1.30914000000001,9.));
#20972=CARTESIAN_POINT('',(0.571885,1.14653,9.));
#20973=CARTESIAN_POINT('',(0.463021,1.30914,0.));
#20974=CARTESIAN_POINT('Origin',(0.367937,1.48139,0.));
#20975=CARTESIAN_POINT('',(0.367937,1.48139,0.));
#20976=CARTESIAN_POINT('',(0.463021,1.30914,0.));
#20977=CARTESIAN_POINT('',(0.367936999999996,1.48139,9.));
#20978=CARTESIAN_POINT('',(0.463021,1.30914,9.));
#20979=CARTESIAN_POINT('',(0.367937,1.48139,0.));
#20980=CARTESIAN_POINT('Origin',(0.285254,1.65916,0.));
#20981=CARTESIAN_POINT('',(0.285254,1.65916,0.));
#20982=CARTESIAN_POINT('',(0.367937,1.48139,0.));
#20983=CARTESIAN_POINT('',(0.285254000000004,1.65915999999999,9.));
#20984=CARTESIAN_POINT('',(0.367937,1.48139,9.));
#20985=CARTESIAN_POINT('',(0.285254,1.65916,0.));
#20986=CARTESIAN_POINT('Origin',(0.21773,1.84381,0.));
#20987=CARTESIAN_POINT('',(0.21773,1.84381,0.));
#20988=CARTESIAN_POINT('',(0.285254,1.65916,0.));
#20989=CARTESIAN_POINT('',(0.217729999999996,1.84381,9.));
#20990=CARTESIAN_POINT('',(0.285254,1.65916,9.));
#20991=CARTESIAN_POINT('',(0.21773,1.84381,0.));
#20992=CARTESIAN_POINT('Origin',(0.163987,2.03261,0.));
#20993=CARTESIAN_POINT('',(0.163987,2.03261,0.));
#20994=CARTESIAN_POINT('',(0.21773,1.84381,0.));
#20995=CARTESIAN_POINT('',(0.163986999999999,2.03260999999999,9.));
#20996=CARTESIAN_POINT('',(0.21773,1.84381,9.));
#20997=CARTESIAN_POINT('',(0.163987,2.03261,0.));
#20998=CARTESIAN_POINT('Origin',(0.125402,2.22415,0.));
#20999=CARTESIAN_POINT('',(0.125402,2.22415,0.));
#21000=CARTESIAN_POINT('',(0.163987,2.03261,0.));
#21001=CARTESIAN_POINT('',(0.125402000000001,2.22415,9.));
#21002=CARTESIAN_POINT('',(0.163987,2.03261,9.));
#21003=CARTESIAN_POINT('',(0.125402,2.22415,0.));
#21004=CARTESIAN_POINT('Origin',(0.101975,2.41984,0.));
#21005=CARTESIAN_POINT('',(0.101975,2.41984,0.));
#21006=CARTESIAN_POINT('',(0.125402,2.22415,0.));
#21007=CARTESIAN_POINT('',(0.101975000000003,2.41984,9.));
#21008=CARTESIAN_POINT('',(0.125402,2.22415,9.));
#21009=CARTESIAN_POINT('',(0.101975,2.41984,0.));
#21010=CARTESIAN_POINT('Origin',(0.0950846,2.61552,0.));
#21011=CARTESIAN_POINT('',(0.0950846,2.61552,0.));
#21012=CARTESIAN_POINT('',(0.101975,2.41984,0.));
#21013=CARTESIAN_POINT('',(0.0950846000000016,2.61552,9.));
#21014=CARTESIAN_POINT('',(0.101975,2.41984,9.));
#21015=CARTESIAN_POINT('',(0.0950846,2.61552,0.));
#21016=CARTESIAN_POINT('Origin',(0.0950846,91.597,0.));
#21017=CARTESIAN_POINT('',(0.0950846,91.597,0.));
#21018=CARTESIAN_POINT('',(0.0950846,2.61552,0.));
#21019=CARTESIAN_POINT('',(0.0950846000000016,91.597,9.));
#21020=CARTESIAN_POINT('',(0.0950846,2.61552,9.));
#21021=CARTESIAN_POINT('',(0.0950846,91.597,0.));
#21022=CARTESIAN_POINT('Origin',(0.101975,91.7924,0.));
#21023=CARTESIAN_POINT('',(0.101975,91.7924,0.));
#21024=CARTESIAN_POINT('',(0.0950846,91.597,0.));
#21025=CARTESIAN_POINT('',(0.101975000000003,91.7924,9.));
#21026=CARTESIAN_POINT('',(0.0950846,91.597,9.));
#21027=CARTESIAN_POINT('',(0.101975,91.7924,0.));
#21028=CARTESIAN_POINT('Origin',(0.125402,91.9882,0.));
#21029=CARTESIAN_POINT('',(0.125402,91.9882,0.));
#21030=CARTESIAN_POINT('',(0.101975,91.7924,0.));
#21031=CARTESIAN_POINT('',(0.125402000000001,91.9882,9.));
#21032=CARTESIAN_POINT('',(0.101975,91.7924,9.));
#21033=CARTESIAN_POINT('',(0.125402,91.9882,0.));
#21034=CARTESIAN_POINT('Origin',(0.163987,92.1798,0.));
#21035=CARTESIAN_POINT('',(0.163987,92.1798,0.));
#21036=CARTESIAN_POINT('',(0.125402,91.9882,0.));
#21037=CARTESIAN_POINT('',(0.163986999999999,92.1798,9.));
#21038=CARTESIAN_POINT('',(0.125402,91.9882,9.));
#21039=CARTESIAN_POINT('',(0.163987,92.1798,0.));
#21040=CARTESIAN_POINT('Origin',(0.21773,92.3685,0.));
#21041=CARTESIAN_POINT('',(0.21773,92.3685,0.));
#21042=CARTESIAN_POINT('',(0.163987,92.1798,0.));
#21043=CARTESIAN_POINT('',(0.217729999999996,92.3685,9.));
#21044=CARTESIAN_POINT('',(0.163987,92.1798,9.));
#21045=CARTESIAN_POINT('',(0.21773,92.3685,0.));
#21046=CARTESIAN_POINT('Origin',(0.285254,92.553,0.));
#21047=CARTESIAN_POINT('',(0.285254,92.553,0.));
#21048=CARTESIAN_POINT('',(0.21773,92.3685,0.));
#21049=CARTESIAN_POINT('',(0.285254000000004,92.553,9.));
#21050=CARTESIAN_POINT('',(0.21773,92.3685,9.));
#21051=CARTESIAN_POINT('',(0.285254,92.553,0.));
#21052=CARTESIAN_POINT('Origin',(0.367937,92.7308,0.));
#21053=CARTESIAN_POINT('',(0.367937,92.7308,0.));
#21054=CARTESIAN_POINT('',(0.285254,92.553,0.));
#21055=CARTESIAN_POINT('',(0.367936999999996,92.7308,9.));
#21056=CARTESIAN_POINT('',(0.285254,92.553,9.));
#21057=CARTESIAN_POINT('',(0.367937,92.7308,0.));
#21058=CARTESIAN_POINT('Origin',(0.463021,92.9033,0.));
#21059=CARTESIAN_POINT('',(0.463021,92.9033,0.));
#21060=CARTESIAN_POINT('',(0.367937,92.7308,0.));
#21061=CARTESIAN_POINT('',(0.463021000000001,92.9033,9.));
#21062=CARTESIAN_POINT('',(0.367937,92.7308,9.));
#21063=CARTESIAN_POINT('',(0.463021,92.9033,0.));
#21064=CARTESIAN_POINT('Origin',(0.571885,93.0659,0.));
#21065=CARTESIAN_POINT('',(0.571885,93.0659,0.));
#21066=CARTESIAN_POINT('',(0.463021,92.9033,0.));
#21067=CARTESIAN_POINT('',(0.571884999999996,93.0659,9.));
#21068=CARTESIAN_POINT('',(0.463021,92.9033,9.));
#21069=CARTESIAN_POINT('',(0.571885,93.0659,0.));
#21070=CARTESIAN_POINT('Origin',(0.693152,93.2201,0.));
#21071=CARTESIAN_POINT('',(0.693152,93.2201,0.));
#21072=CARTESIAN_POINT('',(0.571885,93.0659,0.));
#21073=CARTESIAN_POINT('',(0.693152000000001,93.2201,9.));
#21074=CARTESIAN_POINT('',(0.571885,93.0659,9.));
#21075=CARTESIAN_POINT('',(0.693152,93.2201,0.));
#21076=CARTESIAN_POINT('Origin',(0.826823,93.3648,0.));
#21077=CARTESIAN_POINT('',(0.826823,93.3648,0.));
#21078=CARTESIAN_POINT('',(0.693152,93.2201,0.));
#21079=CARTESIAN_POINT('',(0.826823000000001,93.3648,9.));
#21080=CARTESIAN_POINT('',(0.693152,93.2201,9.));
#21081=CARTESIAN_POINT('',(0.826823,93.3648,0.));
#21082=CARTESIAN_POINT('Origin',(0.971518,93.4985,0.));
#21083=CARTESIAN_POINT('',(0.971518,93.4985,0.));
#21084=CARTESIAN_POINT('',(0.826823,93.3648,0.));
#21085=CARTESIAN_POINT('',(0.971517999999998,93.4985,9.));
#21086=CARTESIAN_POINT('',(0.826823,93.3648,9.));
#21087=CARTESIAN_POINT('',(0.971518,93.4985,0.));
#21088=CARTESIAN_POINT('Origin',(1.12586,93.6198,0.));
#21089=CARTESIAN_POINT('',(1.12586,93.6198,0.));
#21090=CARTESIAN_POINT('',(0.971518,93.4985,0.));
#21091=CARTESIAN_POINT('',(1.12586,93.6198,9.));
#21092=CARTESIAN_POINT('',(0.971518,93.4985,9.));
#21093=CARTESIAN_POINT('',(1.12586,93.6198,0.));
#21094=CARTESIAN_POINT('Origin',(1.28846,93.7288,0.));
#21095=CARTESIAN_POINT('',(1.28846,93.7288,0.));
#21096=CARTESIAN_POINT('',(1.12586,93.6198,0.));
#21097=CARTESIAN_POINT('',(1.28846,93.7288,9.));
#21098=CARTESIAN_POINT('',(1.12586,93.6198,9.));
#21099=CARTESIAN_POINT('',(1.28846,93.7288,0.));
#21100=CARTESIAN_POINT('Origin',(1.46072,93.8237,0.));
#21101=CARTESIAN_POINT('',(1.46072,93.8237,0.));
#21102=CARTESIAN_POINT('',(1.28846,93.7288,0.));
#21103=CARTESIAN_POINT('',(1.46072,93.8237,9.));
#21104=CARTESIAN_POINT('',(1.28846,93.7288,9.));
#21105=CARTESIAN_POINT('',(1.46072,93.8237,0.));
#21106=CARTESIAN_POINT('Origin',(1.63849,93.9063,0.));
#21107=CARTESIAN_POINT('',(1.63849,93.9063,0.));
#21108=CARTESIAN_POINT('',(1.46072,93.8237,0.));
#21109=CARTESIAN_POINT('',(1.63849,93.9063,9.));
#21110=CARTESIAN_POINT('',(1.46072,93.8237,9.));
#21111=CARTESIAN_POINT('',(1.63849,93.9063,0.));
#21112=CARTESIAN_POINT('Origin',(1.82315,93.974,0.));
#21113=CARTESIAN_POINT('',(1.82315,93.974,0.));
#21114=CARTESIAN_POINT('',(1.63849,93.9063,0.));
#21115=CARTESIAN_POINT('',(1.82315,93.974,9.));
#21116=CARTESIAN_POINT('',(1.63849,93.9063,9.));
#21117=CARTESIAN_POINT('',(1.82315,93.974,0.));
#21118=CARTESIAN_POINT('Origin',(2.01194,94.0276,0.));
#21119=CARTESIAN_POINT('',(2.01194,94.0276,0.));
#21120=CARTESIAN_POINT('',(1.82315,93.974,0.));
#21121=CARTESIAN_POINT('',(2.01194,94.0276,9.));
#21122=CARTESIAN_POINT('',(1.82315,93.974,9.));
#21123=CARTESIAN_POINT('',(2.01194,94.0276,0.));
#21124=CARTESIAN_POINT('Origin',(2.20348,94.0664,0.));
#21125=CARTESIAN_POINT('',(2.20348,94.0664,0.));
#21126=CARTESIAN_POINT('',(2.01194,94.0276,0.));
#21127=CARTESIAN_POINT('',(2.20348,94.0664,9.));
#21128=CARTESIAN_POINT('',(2.01194,94.0276,9.));
#21129=CARTESIAN_POINT('',(2.20348,94.0664,0.));
#21130=CARTESIAN_POINT('Origin',(2.39916,94.0897,0.));
#21131=CARTESIAN_POINT('',(2.39916,94.0897,0.));
#21132=CARTESIAN_POINT('',(2.20348,94.0664,0.));
#21133=CARTESIAN_POINT('',(2.39916,94.0897,9.));
#21134=CARTESIAN_POINT('',(2.20348,94.0664,9.));
#21135=CARTESIAN_POINT('',(2.39916,94.0897,0.));
#21136=CARTESIAN_POINT('Origin',(2.59485,94.0964,0.));
#21137=CARTESIAN_POINT('',(2.39916,94.0897,0.));
#21138=CARTESIAN_POINT('',(2.39916,94.0897,9.));
#21139=CARTESIAN_POINT('Origin',(40.1435423,47.1060775,9.));
#21140=CARTESIAN_POINT('Origin',(40.1435423,47.1060775,0.));
#21141=CARTESIAN_POINT('',(0.,0.,0.));
#21142=CARTESIAN_POINT('Origin',(24.8250846,81.0964,3.));
#21143=CARTESIAN_POINT('',(24.8250846,81.0964,3.));
#21144=CARTESIAN_POINT('',(24.8250846,69.2964,3.));
#21145=CARTESIAN_POINT('',(24.8250846,64.10123875,3.));
#21146=CARTESIAN_POINT('',(24.8250846,81.0964,0.));
#21147=CARTESIAN_POINT('',(24.8250846,81.0964,3.));
#21148=CARTESIAN_POINT('',(24.8250846,69.2964,0.));
#21149=CARTESIAN_POINT('',(24.8250846,64.10123875,0.));
#21150=CARTESIAN_POINT('',(24.8250846,69.2964,3.));
#21151=CARTESIAN_POINT('Origin',(12.7250846,81.0964,3.));
#21152=CARTESIAN_POINT('',(12.7250846,81.0964,3.));
#21153=CARTESIAN_POINT('',(26.43431345,81.0964,3.));
#21154=CARTESIAN_POINT('',(12.7250846,81.0964,0.));
#21155=CARTESIAN_POINT('',(12.7250846,81.0964,3.));
#21156=CARTESIAN_POINT('',(26.43431345,81.0964,0.));
#21157=CARTESIAN_POINT('Origin',(12.7250846,69.2964,3.));
#21158=CARTESIAN_POINT('',(12.7250846,69.2964,3.));
#21159=CARTESIAN_POINT('',(12.7250846,58.20123875,3.));
#21160=CARTESIAN_POINT('',(12.7250846,69.2964,0.));
#21161=CARTESIAN_POINT('',(12.7250846,69.2964,3.));
#21162=CARTESIAN_POINT('',(12.7250846,58.20123875,0.));
#21163=CARTESIAN_POINT('Origin',(24.8250846,69.2964,3.));
#21164=CARTESIAN_POINT('',(32.48431345,69.2964,3.));
#21165=CARTESIAN_POINT('',(32.48431345,69.2964,0.));
#21166=CARTESIAN_POINT('Origin',(60.896,79.9214,3.));
#21167=CARTESIAN_POINT('',(60.896,79.9214,3.));
#21168=CARTESIAN_POINT('',(60.896,74.3374,3.));
#21169=CARTESIAN_POINT('',(60.896,63.51373875,3.));
#21170=CARTESIAN_POINT('',(60.896,79.9214,0.));
#21171=CARTESIAN_POINT('',(60.896,79.9214,3.));
#21172=CARTESIAN_POINT('',(60.896,74.3374,0.));
#21173=CARTESIAN_POINT('',(60.896,63.51373875,0.));
#21174=CARTESIAN_POINT('',(60.896,74.3374,3.));
#21175=CARTESIAN_POINT('Origin',(38.512,79.9214,3.));
#21176=CARTESIAN_POINT('',(38.512,79.9214,3.));
#21177=CARTESIAN_POINT('',(39.32777115,79.9214,3.));
#21178=CARTESIAN_POINT('',(38.512,79.9214,0.));
#21179=CARTESIAN_POINT('',(38.512,79.9214,3.));
#21180=CARTESIAN_POINT('',(39.32777115,79.9214,0.));
#21181=CARTESIAN_POINT('Origin',(38.512,74.3374,3.));
#21182=CARTESIAN_POINT('',(38.512,74.3374,3.));
#21183=CARTESIAN_POINT('',(38.512,60.72173875,3.));
#21184=CARTESIAN_POINT('',(38.512,74.3374,0.));
#21185=CARTESIAN_POINT('',(38.512,74.3374,3.));
#21186=CARTESIAN_POINT('',(38.512,60.72173875,0.));
#21187=CARTESIAN_POINT('Origin',(60.896,74.3374,3.));
#21188=CARTESIAN_POINT('',(50.51977115,74.3374,3.));
#21189=CARTESIAN_POINT('',(50.51977115,74.3374,0.));
#21190=CARTESIAN_POINT('Origin',(3.65457,5.9104,0.));
#21191=CARTESIAN_POINT('',(3.65457,5.9104,0.));
#21192=CARTESIAN_POINT('',(4.10104,6.13777,0.));
#21193=CARTESIAN_POINT('',(4.10104,6.13777,0.));
#21194=CARTESIAN_POINT('',(4.10104,6.13777,3.));
#21195=CARTESIAN_POINT('',(4.10104,6.13777,0.));
#21196=CARTESIAN_POINT('',(3.65457,5.9104,3.));
#21197=CARTESIAN_POINT('',(4.10104,6.13777,3.));
#21198=CARTESIAN_POINT('',(3.65457,5.9104,0.));
#21199=CARTESIAN_POINT('Origin',(3.3004,5.55625,0.));
#21200=CARTESIAN_POINT('',(3.3004,5.55625,0.));
#21201=CARTESIAN_POINT('',(3.65457,5.9104,0.));
#21202=CARTESIAN_POINT('',(3.3004,5.55625,3.));
#21203=CARTESIAN_POINT('',(3.65457,5.9104,3.));
#21204=CARTESIAN_POINT('',(3.3004,5.55625,0.));
#21205=CARTESIAN_POINT('Origin',(3.07303,5.10977,0.));
#21206=CARTESIAN_POINT('',(3.07303,5.10977,0.));
#21207=CARTESIAN_POINT('',(3.3004,5.55625,0.));
#21208=CARTESIAN_POINT('',(3.07303,5.10977,3.));
#21209=CARTESIAN_POINT('',(3.3004,5.55625,3.));
#21210=CARTESIAN_POINT('',(3.07303,5.10977,0.));
#21211=CARTESIAN_POINT('Origin',(2.99586,4.61504,0.));
#21212=CARTESIAN_POINT('',(2.99586,4.61504,0.));
#21213=CARTESIAN_POINT('',(3.07303,5.10977,0.));
#21214=CARTESIAN_POINT('',(2.99586,4.61504,3.));
#21215=CARTESIAN_POINT('',(3.07303,5.10977,3.));
#21216=CARTESIAN_POINT('',(2.99586,4.61504,0.));
#21217=CARTESIAN_POINT('Origin',(3.07303,4.12171,0.));
#21218=CARTESIAN_POINT('',(3.07303,4.12171,0.));
#21219=CARTESIAN_POINT('',(2.99586,4.61504,0.));
#21220=CARTESIAN_POINT('',(3.07303,4.12171,3.));
#21221=CARTESIAN_POINT('',(2.99586,4.61504,3.));
#21222=CARTESIAN_POINT('',(3.07303,4.12171,0.));
#21223=CARTESIAN_POINT('Origin',(3.3004,3.67524,0.));
#21224=CARTESIAN_POINT('',(3.3004,3.67524,0.));
#21225=CARTESIAN_POINT('',(3.07303,4.12171,0.));
#21226=CARTESIAN_POINT('',(3.3004,3.67524,3.));
#21227=CARTESIAN_POINT('',(3.07303,4.12171,3.));
#21228=CARTESIAN_POINT('',(3.3004,3.67524,0.));
#21229=CARTESIAN_POINT('Origin',(3.65457,3.32107,0.));
#21230=CARTESIAN_POINT('',(3.65457,3.32107,0.));
#21231=CARTESIAN_POINT('',(3.3004,3.67524,0.));
#21232=CARTESIAN_POINT('',(3.65457,3.32107,3.));
#21233=CARTESIAN_POINT('',(3.3004,3.67524,3.));
#21234=CARTESIAN_POINT('',(3.65457,3.32107,0.));
#21235=CARTESIAN_POINT('Origin',(4.10104,3.0937,0.));
#21236=CARTESIAN_POINT('',(4.10104,3.0937,0.));
#21237=CARTESIAN_POINT('',(3.65457,3.32107,0.));
#21238=CARTESIAN_POINT('',(4.10104,3.0937,3.));
#21239=CARTESIAN_POINT('',(3.65457,3.32107,3.));
#21240=CARTESIAN_POINT('',(4.10104,3.0937,0.));
#21241=CARTESIAN_POINT('Origin',(4.59574,3.01653,0.));
#21242=CARTESIAN_POINT('',(4.59574,3.01653,0.));
#21243=CARTESIAN_POINT('',(4.10104,3.0937,0.));
#21244=CARTESIAN_POINT('',(4.59574,3.01653,3.));
#21245=CARTESIAN_POINT('',(4.10104,3.0937,3.));
#21246=CARTESIAN_POINT('',(4.59574,3.01653,0.));
#21247=CARTESIAN_POINT('Origin',(5.0891,3.0937,0.));
#21248=CARTESIAN_POINT('',(5.0891,3.0937,0.));
#21249=CARTESIAN_POINT('',(4.59574,3.01653,0.));
#21250=CARTESIAN_POINT('',(5.0891,3.0937,3.));
#21251=CARTESIAN_POINT('',(4.59574,3.01653,3.));
#21252=CARTESIAN_POINT('',(5.0891,3.0937,0.));
#21253=CARTESIAN_POINT('Origin',(5.53558,3.32107,0.));
#21254=CARTESIAN_POINT('',(5.53558,3.32107,0.));
#21255=CARTESIAN_POINT('',(5.0891,3.0937,0.));
#21256=CARTESIAN_POINT('',(5.53558,3.32107,3.));
#21257=CARTESIAN_POINT('',(5.0891,3.0937,3.));
#21258=CARTESIAN_POINT('',(5.53558,3.32107,0.));
#21259=CARTESIAN_POINT('Origin',(5.88973,3.67524,0.));
#21260=CARTESIAN_POINT('',(5.88973,3.67524,0.));
#21261=CARTESIAN_POINT('',(5.53558,3.32107,0.));
#21262=CARTESIAN_POINT('',(5.88973,3.67524,3.));
#21263=CARTESIAN_POINT('',(5.53558,3.32107,3.));
#21264=CARTESIAN_POINT('',(5.88973,3.67524,0.));
#21265=CARTESIAN_POINT('Origin',(6.1171,4.12171,0.));
#21266=CARTESIAN_POINT('',(6.1171,4.12171,0.));
#21267=CARTESIAN_POINT('',(5.88973,3.67524,0.));
#21268=CARTESIAN_POINT('',(6.1171,4.12171,3.));
#21269=CARTESIAN_POINT('',(5.88973,3.67524,3.));
#21270=CARTESIAN_POINT('',(6.1171,4.12171,0.));
#21271=CARTESIAN_POINT('Origin',(6.19566,4.61504,0.));
#21272=CARTESIAN_POINT('',(6.19566,4.61504,0.));
#21273=CARTESIAN_POINT('',(6.1171,4.12171,0.));
#21274=CARTESIAN_POINT('',(6.19566,4.61504,3.));
#21275=CARTESIAN_POINT('',(6.1171,4.12171,3.));
#21276=CARTESIAN_POINT('',(6.19566,4.61504,0.));
#21277=CARTESIAN_POINT('Origin',(6.1171,5.10977,0.));
#21278=CARTESIAN_POINT('',(6.1171,5.10977,0.));
#21279=CARTESIAN_POINT('',(6.19566,4.61504,0.));
#21280=CARTESIAN_POINT('',(6.1171,5.10977,3.));
#21281=CARTESIAN_POINT('',(6.19566,4.61504,3.));
#21282=CARTESIAN_POINT('',(6.1171,5.10977,0.));
#21283=CARTESIAN_POINT('Origin',(5.88973,5.55625,0.));
#21284=CARTESIAN_POINT('',(5.88973,5.55625,0.));
#21285=CARTESIAN_POINT('',(6.1171,5.10977,0.));
#21286=CARTESIAN_POINT('',(5.88973,5.55625,3.));
#21287=CARTESIAN_POINT('',(6.1171,5.10977,3.));
#21288=CARTESIAN_POINT('',(5.88973,5.55625,0.));
#21289=CARTESIAN_POINT('Origin',(5.53558,5.9104,0.));
#21290=CARTESIAN_POINT('',(5.53558,5.9104,0.));
#21291=CARTESIAN_POINT('',(5.88973,5.55625,0.));
#21292=CARTESIAN_POINT('',(5.53558,5.9104,3.));
#21293=CARTESIAN_POINT('',(5.88973,5.55625,3.));
#21294=CARTESIAN_POINT('',(5.53558,5.9104,0.));
#21295=CARTESIAN_POINT('Origin',(5.0891,6.13777,0.));
#21296=CARTESIAN_POINT('',(5.0891,6.13777,0.));
#21297=CARTESIAN_POINT('',(5.53558,5.9104,0.));
#21298=CARTESIAN_POINT('',(5.0891,6.13777,3.));
#21299=CARTESIAN_POINT('',(5.53558,5.9104,3.));
#21300=CARTESIAN_POINT('',(5.0891,6.13777,0.));
#21301=CARTESIAN_POINT('Origin',(4.59574,6.21496,0.));
#21302=CARTESIAN_POINT('',(4.59574,6.21496,0.));
#21303=CARTESIAN_POINT('',(5.0891,6.13777,0.));
#21304=CARTESIAN_POINT('',(4.59574,6.21496,3.));
#21305=CARTESIAN_POINT('',(5.0891,6.13777,3.));
#21306=CARTESIAN_POINT('',(4.59574,6.21496,0.));
#21307=CARTESIAN_POINT('Origin',(4.10104,6.13777,0.));
#21308=CARTESIAN_POINT('',(4.59574,6.21496,0.));
#21309=CARTESIAN_POINT('',(4.59574,6.21496,3.));
#21310=CARTESIAN_POINT('Origin',(32.6857,41.0408,0.));
#21311=CARTESIAN_POINT('',(32.6857,41.0408,0.));
#21312=CARTESIAN_POINT('',(32.6857,42.0412,0.));
#21313=CARTESIAN_POINT('',(32.6857,42.0412,0.));
#21314=CARTESIAN_POINT('',(32.6857,42.0412,3.));
#21315=CARTESIAN_POINT('',(32.6857,42.0412,0.));
#21316=CARTESIAN_POINT('',(32.6857,41.0408,3.));
#21317=CARTESIAN_POINT('',(32.6857,42.0412,3.));
#21318=CARTESIAN_POINT('',(32.6857,41.0408,0.));
#21319=CARTESIAN_POINT('Origin',(31.885,41.0408,0.));
#21320=CARTESIAN_POINT('',(31.885,41.0408,0.));
#21321=CARTESIAN_POINT('',(32.6857,41.0408,0.));
#21322=CARTESIAN_POINT('',(31.885,41.0408,3.));
#21323=CARTESIAN_POINT('',(32.6857,41.0408,3.));
#21324=CARTESIAN_POINT('',(31.885,41.0408,0.));
#21325=CARTESIAN_POINT('Origin',(31.885,37.9416,0.));
#21326=CARTESIAN_POINT('',(31.885,37.9416,0.));
#21327=CARTESIAN_POINT('',(31.885,41.0408,0.));
#21328=CARTESIAN_POINT('',(31.885,37.9416,3.));
#21329=CARTESIAN_POINT('',(31.885,41.0408,3.));
#21330=CARTESIAN_POINT('',(31.885,37.9416,0.));
#21331=CARTESIAN_POINT('Origin',(32.6857,37.9416,0.));
#21332=CARTESIAN_POINT('',(32.6857,37.9416,0.));
#21333=CARTESIAN_POINT('',(31.885,37.9416,0.));
#21334=CARTESIAN_POINT('',(32.6857,37.9416,3.));
#21335=CARTESIAN_POINT('',(31.885,37.9416,3.));
#21336=CARTESIAN_POINT('',(32.6857,37.9416,0.));
#21337=CARTESIAN_POINT('Origin',(32.6857,32.1414,0.));
#21338=CARTESIAN_POINT('',(32.6857,32.1414,0.));
#21339=CARTESIAN_POINT('',(32.6857,37.9416,0.));
#21340=CARTESIAN_POINT('',(32.6857,32.1414,3.));
#21341=CARTESIAN_POINT('',(32.6857,37.9416,3.));
#21342=CARTESIAN_POINT('',(32.6857,32.1414,0.));
#21343=CARTESIAN_POINT('Origin',(31.885,32.1414,0.));
#21344=CARTESIAN_POINT('',(31.885,32.1414,0.));
#21345=CARTESIAN_POINT('',(32.6857,32.1414,0.));
#21346=CARTESIAN_POINT('',(31.885,32.1414,3.));
#21347=CARTESIAN_POINT('',(32.6857,32.1414,3.));
#21348=CARTESIAN_POINT('',(31.885,32.1414,0.));
#21349=CARTESIAN_POINT('Origin',(31.885,29.0408,0.));
#21350=CARTESIAN_POINT('',(31.885,29.0408,0.));
#21351=CARTESIAN_POINT('',(31.885,32.1414,0.));
#21352=CARTESIAN_POINT('',(31.885,29.0408,3.));
#21353=CARTESIAN_POINT('',(31.885,32.1414,3.));
#21354=CARTESIAN_POINT('',(31.885,29.0408,0.));
#21355=CARTESIAN_POINT('Origin',(32.6857,29.0408,0.));
#21356=CARTESIAN_POINT('',(32.6857,29.0408,0.));
#21357=CARTESIAN_POINT('',(31.885,29.0408,0.));
#21358=CARTESIAN_POINT('',(32.6857,29.0408,3.));
#21359=CARTESIAN_POINT('',(31.885,29.0408,3.));
#21360=CARTESIAN_POINT('',(32.6857,29.0408,0.));
#21361=CARTESIAN_POINT('Origin',(32.6857,28.0417,0.));
#21362=CARTESIAN_POINT('',(32.6857,28.0417,0.));
#21363=CARTESIAN_POINT('',(32.6857,29.0408,0.));
#21364=CARTESIAN_POINT('',(32.6857,28.0417,3.));
#21365=CARTESIAN_POINT('',(32.6857,29.0408,3.));
#21366=CARTESIAN_POINT('',(32.6857,28.0417,0.));
#21367=CARTESIAN_POINT('Origin',(46.6852,28.0417,0.));
#21368=CARTESIAN_POINT('',(46.6852,28.0417,0.));
#21369=CARTESIAN_POINT('',(32.6857,28.0417,0.));
#21370=CARTESIAN_POINT('',(46.6852,28.0417,3.));
#21371=CARTESIAN_POINT('',(32.6857,28.0417,3.));
#21372=CARTESIAN_POINT('',(46.6852,28.0417,0.));
#21373=CARTESIAN_POINT('Origin',(46.6852,29.0408,0.));
#21374=CARTESIAN_POINT('',(46.6852,29.0408,0.));
#21375=CARTESIAN_POINT('',(46.6852,28.0417,0.));
#21376=CARTESIAN_POINT('',(46.6852,29.0408,3.));
#21377=CARTESIAN_POINT('',(46.6852,28.0417,3.));
#21378=CARTESIAN_POINT('',(46.6852,29.0408,0.));
#21379=CARTESIAN_POINT('Origin',(47.4857,29.0408,0.));
#21380=CARTESIAN_POINT('',(47.4857,29.0408,0.));
#21381=CARTESIAN_POINT('',(46.6852,29.0408,0.));
#21382=CARTESIAN_POINT('',(47.4857,29.0408,3.));
#21383=CARTESIAN_POINT('',(46.6852,29.0408,3.));
#21384=CARTESIAN_POINT('',(47.4857,29.0408,0.));
#21385=CARTESIAN_POINT('Origin',(47.4857,32.1414,0.));
#21386=CARTESIAN_POINT('',(47.4857,32.1414,0.));
#21387=CARTESIAN_POINT('',(47.4857,29.0408,0.));
#21388=CARTESIAN_POINT('',(47.4857,32.1414,3.));
#21389=CARTESIAN_POINT('',(47.4857,29.0408,3.));
#21390=CARTESIAN_POINT('',(47.4857,32.1414,0.));
#21391=CARTESIAN_POINT('Origin',(46.6852,32.1414,0.));
#21392=CARTESIAN_POINT('',(46.6852,32.1414,0.));
#21393=CARTESIAN_POINT('',(47.4857,32.1414,0.));
#21394=CARTESIAN_POINT('',(46.6852,32.1414,3.));
#21395=CARTESIAN_POINT('',(47.4857,32.1414,3.));
#21396=CARTESIAN_POINT('',(46.6852,32.1414,0.));
#21397=CARTESIAN_POINT('Origin',(46.6852,37.9416,0.));
#21398=CARTESIAN_POINT('',(46.6852,37.9416,0.));
#21399=CARTESIAN_POINT('',(46.6852,32.1414,0.));
#21400=CARTESIAN_POINT('',(46.6852,37.9416,3.));
#21401=CARTESIAN_POINT('',(46.6852,32.1414,3.));
#21402=CARTESIAN_POINT('',(46.6852,37.9416,0.));
#21403=CARTESIAN_POINT('Origin',(47.4857,37.9416,0.));
#21404=CARTESIAN_POINT('',(47.4857,37.9416,0.));
#21405=CARTESIAN_POINT('',(46.6852,37.9416,0.));
#21406=CARTESIAN_POINT('',(47.4857,37.9416,3.));
#21407=CARTESIAN_POINT('',(46.6852,37.9416,3.));
#21408=CARTESIAN_POINT('',(47.4857,37.9416,0.));
#21409=CARTESIAN_POINT('Origin',(47.4857,41.0408,0.));
#21410=CARTESIAN_POINT('',(47.4857,41.0408,0.));
#21411=CARTESIAN_POINT('',(47.4857,37.9416,0.));
#21412=CARTESIAN_POINT('',(47.4857,41.0408,3.));
#21413=CARTESIAN_POINT('',(47.4857,37.9416,3.));
#21414=CARTESIAN_POINT('',(47.4857,41.0408,0.));
#21415=CARTESIAN_POINT('Origin',(46.6852,41.0408,0.));
#21416=CARTESIAN_POINT('',(46.6852,41.0408,0.));
#21417=CARTESIAN_POINT('',(47.4857,41.0408,0.));
#21418=CARTESIAN_POINT('',(46.6852,41.0408,3.));
#21419=CARTESIAN_POINT('',(47.4857,41.0408,3.));
#21420=CARTESIAN_POINT('',(46.6852,41.0408,0.));
#21421=CARTESIAN_POINT('Origin',(46.6852,42.0412,0.));
#21422=CARTESIAN_POINT('',(46.6852,42.0412,0.));
#21423=CARTESIAN_POINT('',(46.6852,41.0408,0.));
#21424=CARTESIAN_POINT('',(46.6852,42.0412,3.));
#21425=CARTESIAN_POINT('',(46.6852,41.0408,3.));
#21426=CARTESIAN_POINT('',(46.6852,42.0412,0.));
#21427=CARTESIAN_POINT('Origin',(32.6857,42.0412,0.));
#21428=CARTESIAN_POINT('',(46.6852,42.0412,0.));
#21429=CARTESIAN_POINT('',(46.6852,42.0412,3.));
#21430=CARTESIAN_POINT('Origin',(74.7504,5.9104,0.));
#21431=CARTESIAN_POINT('',(74.7504,5.9104,0.));
#21432=CARTESIAN_POINT('',(75.1967,6.13777,0.));
#21433=CARTESIAN_POINT('',(75.1967,6.13777,0.));
#21434=CARTESIAN_POINT('',(75.1967,6.13777,3.));
#21435=CARTESIAN_POINT('',(75.1967,6.13777,0.));
#21436=CARTESIAN_POINT('',(74.7504,5.9104,3.));
#21437=CARTESIAN_POINT('',(75.1967,6.13777,3.));
#21438=CARTESIAN_POINT('',(74.7504,5.9104,0.));
#21439=CARTESIAN_POINT('Origin',(74.3962,5.55625,0.));
#21440=CARTESIAN_POINT('',(74.3962,5.55625,0.));
#21441=CARTESIAN_POINT('',(74.7504,5.9104,0.));
#21442=CARTESIAN_POINT('',(74.3962,5.55625,3.));
#21443=CARTESIAN_POINT('',(74.7504,5.9104,3.));
#21444=CARTESIAN_POINT('',(74.3962,5.55625,0.));
#21445=CARTESIAN_POINT('Origin',(74.1701,5.10977,0.));
#21446=CARTESIAN_POINT('',(74.1701,5.10977,0.));
#21447=CARTESIAN_POINT('',(74.3962,5.55625,0.));
#21448=CARTESIAN_POINT('',(74.1701,5.10977,3.));
#21449=CARTESIAN_POINT('',(74.3962,5.55625,3.));
#21450=CARTESIAN_POINT('',(74.1701,5.10977,0.));
#21451=CARTESIAN_POINT('Origin',(74.0914,4.61504,0.));
#21452=CARTESIAN_POINT('',(74.0914,4.61504,0.));
#21453=CARTESIAN_POINT('',(74.1701,5.10977,0.));
#21454=CARTESIAN_POINT('',(74.0914,4.61504,3.));
#21455=CARTESIAN_POINT('',(74.1701,5.10977,3.));
#21456=CARTESIAN_POINT('',(74.0914,4.61504,0.));
#21457=CARTESIAN_POINT('Origin',(74.1701,4.12171,0.));
#21458=CARTESIAN_POINT('',(74.1701,4.12171,0.));
#21459=CARTESIAN_POINT('',(74.0914,4.61504,0.));
#21460=CARTESIAN_POINT('',(74.1701,4.12171,3.));
#21461=CARTESIAN_POINT('',(74.0914,4.61504,3.));
#21462=CARTESIAN_POINT('',(74.1701,4.12171,0.));
#21463=CARTESIAN_POINT('Origin',(74.3962,3.67524,0.));
#21464=CARTESIAN_POINT('',(74.3962,3.67524,0.));
#21465=CARTESIAN_POINT('',(74.1701,4.12171,0.));
#21466=CARTESIAN_POINT('',(74.3962,3.67524,3.));
#21467=CARTESIAN_POINT('',(74.1701,4.12171,3.));
#21468=CARTESIAN_POINT('',(74.3962,3.67524,0.));
#21469=CARTESIAN_POINT('Origin',(74.7504,3.32107,0.));
#21470=CARTESIAN_POINT('',(74.7504,3.32107,0.));
#21471=CARTESIAN_POINT('',(74.3962,3.67524,0.));
#21472=CARTESIAN_POINT('',(74.7504,3.32107,3.));
#21473=CARTESIAN_POINT('',(74.3962,3.67524,3.));
#21474=CARTESIAN_POINT('',(74.7504,3.32107,0.));
#21475=CARTESIAN_POINT('Origin',(75.1967,3.0937,0.));
#21476=CARTESIAN_POINT('',(75.1967,3.0937,0.));
#21477=CARTESIAN_POINT('',(74.7504,3.32107,0.));
#21478=CARTESIAN_POINT('',(75.1967,3.0937,3.));
#21479=CARTESIAN_POINT('',(74.7504,3.32107,3.));
#21480=CARTESIAN_POINT('',(75.1967,3.0937,0.));
#21481=CARTESIAN_POINT('Origin',(75.6916,3.01653,0.));
#21482=CARTESIAN_POINT('',(75.6916,3.01653,0.));
#21483=CARTESIAN_POINT('',(75.1967,3.0937,0.));
#21484=CARTESIAN_POINT('',(75.6916,3.01653,3.));
#21485=CARTESIAN_POINT('',(75.1967,3.0937,3.));
#21486=CARTESIAN_POINT('',(75.6916,3.01653,0.));
#21487=CARTESIAN_POINT('Origin',(76.1848,3.0937,0.));
#21488=CARTESIAN_POINT('',(76.1848,3.0937,0.));
#21489=CARTESIAN_POINT('',(75.6916,3.01653,0.));
#21490=CARTESIAN_POINT('',(76.1848,3.0937,3.));
#21491=CARTESIAN_POINT('',(75.6916,3.01653,3.));
#21492=CARTESIAN_POINT('',(76.1848,3.0937,0.));
#21493=CARTESIAN_POINT('Origin',(76.6315,3.32107,0.));
#21494=CARTESIAN_POINT('',(76.6315,3.32107,0.));
#21495=CARTESIAN_POINT('',(76.1848,3.0937,0.));
#21496=CARTESIAN_POINT('',(76.6315,3.32107,3.));
#21497=CARTESIAN_POINT('',(76.1848,3.0937,3.));
#21498=CARTESIAN_POINT('',(76.6315,3.32107,0.));
#21499=CARTESIAN_POINT('Origin',(76.9856,3.67524,0.));
#21500=CARTESIAN_POINT('',(76.9856,3.67524,0.));
#21501=CARTESIAN_POINT('',(76.6315,3.32107,0.));
#21502=CARTESIAN_POINT('',(76.9856,3.67524,3.));
#21503=CARTESIAN_POINT('',(76.6315,3.32107,3.));
#21504=CARTESIAN_POINT('',(76.9856,3.67524,0.));
#21505=CARTESIAN_POINT('Origin',(77.2128,4.12171,0.));
#21506=CARTESIAN_POINT('',(77.2128,4.12171,0.));
#21507=CARTESIAN_POINT('',(76.9856,3.67524,0.));
#21508=CARTESIAN_POINT('',(77.2128,4.12171,3.));
#21509=CARTESIAN_POINT('',(76.9856,3.67524,3.));
#21510=CARTESIAN_POINT('',(77.2128,4.12171,0.));
#21511=CARTESIAN_POINT('Origin',(77.2915,4.61504,0.));
#21512=CARTESIAN_POINT('',(77.2915,4.61504,0.));
#21513=CARTESIAN_POINT('',(77.2128,4.12171,0.));
#21514=CARTESIAN_POINT('',(77.2915,4.61504,3.));
#21515=CARTESIAN_POINT('',(77.2128,4.12171,3.));
#21516=CARTESIAN_POINT('',(77.2915,4.61504,0.));
#21517=CARTESIAN_POINT('Origin',(77.2128,5.10977,0.));
#21518=CARTESIAN_POINT('',(77.2128,5.10977,0.));
#21519=CARTESIAN_POINT('',(77.2915,4.61504,0.));
#21520=CARTESIAN_POINT('',(77.2128,5.10977,3.));
#21521=CARTESIAN_POINT('',(77.2915,4.61504,3.));
#21522=CARTESIAN_POINT('',(77.2128,5.10977,0.));
#21523=CARTESIAN_POINT('Origin',(76.9856,5.55625,0.));
#21524=CARTESIAN_POINT('',(76.9856,5.55625,0.));
#21525=CARTESIAN_POINT('',(77.2128,5.10977,0.));
#21526=CARTESIAN_POINT('',(76.9856,5.55625,3.));
#21527=CARTESIAN_POINT('',(77.2128,5.10977,3.));
#21528=CARTESIAN_POINT('',(76.9856,5.55625,0.));
#21529=CARTESIAN_POINT('Origin',(76.6315,5.9104,0.));
#21530=CARTESIAN_POINT('',(76.6315,5.9104,0.));
#21531=CARTESIAN_POINT('',(76.9856,5.55625,0.));
#21532=CARTESIAN_POINT('',(76.6315,5.9104,3.));
#21533=CARTESIAN_POINT('',(76.9856,5.55625,3.));
#21534=CARTESIAN_POINT('',(76.6315,5.9104,0.));
#21535=CARTESIAN_POINT('Origin',(76.1848,6.13777,0.));
#21536=CARTESIAN_POINT('',(76.1848,6.13777,0.));
#21537=CARTESIAN_POINT('',(76.6315,5.9104,0.));
#21538=CARTESIAN_POINT('',(76.1848,6.13777,3.));
#21539=CARTESIAN_POINT('',(76.6315,5.9104,3.));
#21540=CARTESIAN_POINT('',(76.1848,6.13777,0.));
#21541=CARTESIAN_POINT('Origin',(75.6916,6.21496,0.));
#21542=CARTESIAN_POINT('',(75.6916,6.21496,0.));
#21543=CARTESIAN_POINT('',(76.1848,6.13777,0.));
#21544=CARTESIAN_POINT('',(75.6916,6.21496,3.));
#21545=CARTESIAN_POINT('',(76.1848,6.13777,3.));
#21546=CARTESIAN_POINT('',(75.6916,6.21496,0.));
#21547=CARTESIAN_POINT('Origin',(75.1967,6.13777,0.));
#21548=CARTESIAN_POINT('',(75.6916,6.21496,0.));
#21549=CARTESIAN_POINT('',(75.6916,6.21496,3.));
#21550=CARTESIAN_POINT('Origin',(13.6357,21.9907,0.));
#21551=CARTESIAN_POINT('',(13.6357,21.9907,0.));
#21552=CARTESIAN_POINT('',(13.6357,22.9912,0.));
#21553=CARTESIAN_POINT('',(13.6357,22.9912,0.));
#21554=CARTESIAN_POINT('',(13.6357,22.9912,3.));
#21555=CARTESIAN_POINT('',(13.6357,22.9912,0.));
#21556=CARTESIAN_POINT('',(13.6357,21.9907,3.));
#21557=CARTESIAN_POINT('',(13.6357,22.9912,3.));
#21558=CARTESIAN_POINT('',(13.6357,21.9907,0.));
#21559=CARTESIAN_POINT('Origin',(12.835,21.9907,0.));
#21560=CARTESIAN_POINT('',(12.835,21.9907,0.));
#21561=CARTESIAN_POINT('',(13.6357,21.9907,0.));
#21562=CARTESIAN_POINT('',(12.835,21.9907,3.));
#21563=CARTESIAN_POINT('',(13.6357,21.9907,3.));
#21564=CARTESIAN_POINT('',(12.835,21.9907,0.));
#21565=CARTESIAN_POINT('Origin',(12.835,18.8915,0.));
#21566=CARTESIAN_POINT('',(12.835,18.8915,0.));
#21567=CARTESIAN_POINT('',(12.835,21.9907,0.));
#21568=CARTESIAN_POINT('',(12.835,18.8915,3.));
#21569=CARTESIAN_POINT('',(12.835,21.9907,3.));
#21570=CARTESIAN_POINT('',(12.835,18.8915,0.));
#21571=CARTESIAN_POINT('Origin',(13.6357,18.8915,0.));
#21572=CARTESIAN_POINT('',(13.6357,18.8915,0.));
#21573=CARTESIAN_POINT('',(12.835,18.8915,0.));
#21574=CARTESIAN_POINT('',(13.6357,18.8915,3.));
#21575=CARTESIAN_POINT('',(12.835,18.8915,3.));
#21576=CARTESIAN_POINT('',(13.6357,18.8915,0.));
#21577=CARTESIAN_POINT('Origin',(13.6357,13.0914,0.));
#21578=CARTESIAN_POINT('',(13.6357,13.0914,0.));
#21579=CARTESIAN_POINT('',(13.6357,18.8915,0.));
#21580=CARTESIAN_POINT('',(13.6357,13.0914,3.));
#21581=CARTESIAN_POINT('',(13.6357,18.8915,3.));
#21582=CARTESIAN_POINT('',(13.6357,13.0914,0.));
#21583=CARTESIAN_POINT('Origin',(12.835,13.0914,0.));
#21584=CARTESIAN_POINT('',(12.835,13.0914,0.));
#21585=CARTESIAN_POINT('',(13.6357,13.0914,0.));
#21586=CARTESIAN_POINT('',(12.835,13.0914,3.));
#21587=CARTESIAN_POINT('',(13.6357,13.0914,3.));
#21588=CARTESIAN_POINT('',(12.835,13.0914,0.));
#21589=CARTESIAN_POINT('Origin',(12.835,9.99077,0.));
#21590=CARTESIAN_POINT('',(12.835,9.99077,0.));
#21591=CARTESIAN_POINT('',(12.835,13.0914,0.));
#21592=CARTESIAN_POINT('',(12.835,9.99077,3.));
#21593=CARTESIAN_POINT('',(12.835,13.0914,3.));
#21594=CARTESIAN_POINT('',(12.835,9.99077,0.));
#21595=CARTESIAN_POINT('Origin',(13.6357,9.99077,0.));
#21596=CARTESIAN_POINT('',(13.6357,9.99077,0.));
#21597=CARTESIAN_POINT('',(12.835,9.99077,0.));
#21598=CARTESIAN_POINT('',(13.6357,9.99077,3.));
#21599=CARTESIAN_POINT('',(12.835,9.99077,3.));
#21600=CARTESIAN_POINT('',(13.6357,9.99077,0.));
#21601=CARTESIAN_POINT('Origin',(13.6357,8.99171,0.));
#21602=CARTESIAN_POINT('',(13.6357,8.99171,0.));
#21603=CARTESIAN_POINT('',(13.6357,9.99077,0.));
#21604=CARTESIAN_POINT('',(13.6357,8.99171,3.));
#21605=CARTESIAN_POINT('',(13.6357,9.99077,3.));
#21606=CARTESIAN_POINT('',(13.6357,8.99171,0.));
#21607=CARTESIAN_POINT('Origin',(27.6352,8.99171,0.));
#21608=CARTESIAN_POINT('',(27.6352,8.99171,0.));
#21609=CARTESIAN_POINT('',(13.6357,8.99171,0.));
#21610=CARTESIAN_POINT('',(27.6352,8.99171,3.));
#21611=CARTESIAN_POINT('',(13.6357,8.99171,3.));
#21612=CARTESIAN_POINT('',(27.6352,8.99171,0.));
#21613=CARTESIAN_POINT('Origin',(27.6352,9.99077,0.));
#21614=CARTESIAN_POINT('',(27.6352,9.99077,0.));
#21615=CARTESIAN_POINT('',(27.6352,8.99171,0.));
#21616=CARTESIAN_POINT('',(27.6352,9.99077,3.));
#21617=CARTESIAN_POINT('',(27.6352,8.99171,3.));
#21618=CARTESIAN_POINT('',(27.6352,9.99077,0.));
#21619=CARTESIAN_POINT('Origin',(28.4345,9.99077,0.));
#21620=CARTESIAN_POINT('',(28.4345,9.99077,0.));
#21621=CARTESIAN_POINT('',(27.6352,9.99077,0.));
#21622=CARTESIAN_POINT('',(28.4345,9.99077,3.));
#21623=CARTESIAN_POINT('',(27.6352,9.99077,3.));
#21624=CARTESIAN_POINT('',(28.4345,9.99077,0.));
#21625=CARTESIAN_POINT('Origin',(28.4345,13.0914,0.));
#21626=CARTESIAN_POINT('',(28.4345,13.0914,0.));
#21627=CARTESIAN_POINT('',(28.4345,9.99077,0.));
#21628=CARTESIAN_POINT('',(28.4345,13.0914,3.));
#21629=CARTESIAN_POINT('',(28.4345,9.99077,3.));
#21630=CARTESIAN_POINT('',(28.4345,13.0914,0.));
#21631=CARTESIAN_POINT('Origin',(27.6352,13.0914,0.));
#21632=CARTESIAN_POINT('',(27.6352,13.0914,0.));
#21633=CARTESIAN_POINT('',(28.4345,13.0914,0.));
#21634=CARTESIAN_POINT('',(27.6352,13.0914,3.));
#21635=CARTESIAN_POINT('',(28.4345,13.0914,3.));
#21636=CARTESIAN_POINT('',(27.6352,13.0914,0.));
#21637=CARTESIAN_POINT('Origin',(27.6352,18.8915,0.));
#21638=CARTESIAN_POINT('',(27.6352,18.8915,0.));
#21639=CARTESIAN_POINT('',(27.6352,13.0914,0.));
#21640=CARTESIAN_POINT('',(27.6352,18.8915,3.));
#21641=CARTESIAN_POINT('',(27.6352,13.0914,3.));
#21642=CARTESIAN_POINT('',(27.6352,18.8915,0.));
#21643=CARTESIAN_POINT('Origin',(28.4345,18.8915,0.));
#21644=CARTESIAN_POINT('',(28.4345,18.8915,0.));
#21645=CARTESIAN_POINT('',(27.6352,18.8915,0.));
#21646=CARTESIAN_POINT('',(28.4345,18.8915,3.));
#21647=CARTESIAN_POINT('',(27.6352,18.8915,3.));
#21648=CARTESIAN_POINT('',(28.4345,18.8915,0.));
#21649=CARTESIAN_POINT('Origin',(28.4345,21.9907,0.));
#21650=CARTESIAN_POINT('',(28.4345,21.9907,0.));
#21651=CARTESIAN_POINT('',(28.4345,18.8915,0.));
#21652=CARTESIAN_POINT('',(28.4345,21.9907,3.));
#21653=CARTESIAN_POINT('',(28.4345,18.8915,3.));
#21654=CARTESIAN_POINT('',(28.4345,21.9907,0.));
#21655=CARTESIAN_POINT('Origin',(27.6352,21.9907,0.));
#21656=CARTESIAN_POINT('',(27.6352,21.9907,0.));
#21657=CARTESIAN_POINT('',(28.4345,21.9907,0.));
#21658=CARTESIAN_POINT('',(27.6352,21.9907,3.));
#21659=CARTESIAN_POINT('',(28.4345,21.9907,3.));
#21660=CARTESIAN_POINT('',(27.6352,21.9907,0.));
#21661=CARTESIAN_POINT('Origin',(27.6352,22.9912,0.));
#21662=CARTESIAN_POINT('',(27.6352,22.9912,0.));
#21663=CARTESIAN_POINT('',(27.6352,21.9907,0.));
#21664=CARTESIAN_POINT('',(27.6352,22.9912,3.));
#21665=CARTESIAN_POINT('',(27.6352,21.9907,3.));
#21666=CARTESIAN_POINT('',(27.6352,22.9912,0.));
#21667=CARTESIAN_POINT('Origin',(13.6357,22.9912,0.));
#21668=CARTESIAN_POINT('',(27.6352,22.9912,0.));
#21669=CARTESIAN_POINT('',(27.6352,22.9912,3.));
#21670=CARTESIAN_POINT('Origin',(32.6857,21.9907,0.));
#21671=CARTESIAN_POINT('',(32.6857,21.9907,0.));
#21672=CARTESIAN_POINT('',(32.6857,22.9912,0.));
#21673=CARTESIAN_POINT('',(32.6857,22.9912,0.));
#21674=CARTESIAN_POINT('',(32.6857,22.9912,3.));
#21675=CARTESIAN_POINT('',(32.6857,22.9912,0.));
#21676=CARTESIAN_POINT('',(32.6857,21.9907,3.));
#21677=CARTESIAN_POINT('',(32.6857,22.9912,3.));
#21678=CARTESIAN_POINT('',(32.6857,21.9907,0.));
#21679=CARTESIAN_POINT('Origin',(31.885,21.9907,0.));
#21680=CARTESIAN_POINT('',(31.885,21.9907,0.));
#21681=CARTESIAN_POINT('',(32.6857,21.9907,0.));
#21682=CARTESIAN_POINT('',(31.885,21.9907,3.));
#21683=CARTESIAN_POINT('',(32.6857,21.9907,3.));
#21684=CARTESIAN_POINT('',(31.885,21.9907,0.));
#21685=CARTESIAN_POINT('Origin',(31.885,18.8915,0.));
#21686=CARTESIAN_POINT('',(31.885,18.8915,0.));
#21687=CARTESIAN_POINT('',(31.885,21.9907,0.));
#21688=CARTESIAN_POINT('',(31.885,18.8915,3.));
#21689=CARTESIAN_POINT('',(31.885,21.9907,3.));
#21690=CARTESIAN_POINT('',(31.885,18.8915,0.));
#21691=CARTESIAN_POINT('Origin',(32.6857,18.8915,0.));
#21692=CARTESIAN_POINT('',(32.6857,18.8915,0.));
#21693=CARTESIAN_POINT('',(31.885,18.8915,0.));
#21694=CARTESIAN_POINT('',(32.6857,18.8915,3.));
#21695=CARTESIAN_POINT('',(31.885,18.8915,3.));
#21696=CARTESIAN_POINT('',(32.6857,18.8915,0.));
#21697=CARTESIAN_POINT('Origin',(32.6857,13.0914,0.));
#21698=CARTESIAN_POINT('',(32.6857,13.0914,0.));
#21699=CARTESIAN_POINT('',(32.6857,18.8915,0.));
#21700=CARTESIAN_POINT('',(32.6857,13.0914,3.));
#21701=CARTESIAN_POINT('',(32.6857,18.8915,3.));
#21702=CARTESIAN_POINT('',(32.6857,13.0914,0.));
#21703=CARTESIAN_POINT('Origin',(31.885,13.0914,0.));
#21704=CARTESIAN_POINT('',(31.885,13.0914,0.));
#21705=CARTESIAN_POINT('',(32.6857,13.0914,0.));
#21706=CARTESIAN_POINT('',(31.885,13.0914,3.));
#21707=CARTESIAN_POINT('',(32.6857,13.0914,3.));
#21708=CARTESIAN_POINT('',(31.885,13.0914,0.));
#21709=CARTESIAN_POINT('Origin',(31.885,9.99077,0.));
#21710=CARTESIAN_POINT('',(31.885,9.99077,0.));
#21711=CARTESIAN_POINT('',(31.885,13.0914,0.));
#21712=CARTESIAN_POINT('',(31.885,9.99077,3.));
#21713=CARTESIAN_POINT('',(31.885,13.0914,3.));
#21714=CARTESIAN_POINT('',(31.885,9.99077,0.));
#21715=CARTESIAN_POINT('Origin',(32.6857,9.99077,0.));
#21716=CARTESIAN_POINT('',(32.6857,9.99077,0.));
#21717=CARTESIAN_POINT('',(31.885,9.99077,0.));
#21718=CARTESIAN_POINT('',(32.6857,9.99077,3.));
#21719=CARTESIAN_POINT('',(31.885,9.99077,3.));
#21720=CARTESIAN_POINT('',(32.6857,9.99077,0.));
#21721=CARTESIAN_POINT('Origin',(32.6857,8.99171,0.));
#21722=CARTESIAN_POINT('',(32.6857,8.99171,0.));
#21723=CARTESIAN_POINT('',(32.6857,9.99077,0.));
#21724=CARTESIAN_POINT('',(32.6857,8.99171,3.));
#21725=CARTESIAN_POINT('',(32.6857,9.99077,3.));
#21726=CARTESIAN_POINT('',(32.6857,8.99171,0.));
#21727=CARTESIAN_POINT('Origin',(46.6852,8.99171,0.));
#21728=CARTESIAN_POINT('',(46.6852,8.99171,0.));
#21729=CARTESIAN_POINT('',(32.6857,8.99171,0.));
#21730=CARTESIAN_POINT('',(46.6852,8.99171,3.));
#21731=CARTESIAN_POINT('',(32.6857,8.99171,3.));
#21732=CARTESIAN_POINT('',(46.6852,8.99171,0.));
#21733=CARTESIAN_POINT('Origin',(46.6852,9.99077,0.));
#21734=CARTESIAN_POINT('',(46.6852,9.99077,0.));
#21735=CARTESIAN_POINT('',(46.6852,8.99171,0.));
#21736=CARTESIAN_POINT('',(46.6852,9.99077,3.));
#21737=CARTESIAN_POINT('',(46.6852,8.99171,3.));
#21738=CARTESIAN_POINT('',(46.6852,9.99077,0.));
#21739=CARTESIAN_POINT('Origin',(47.4857,9.99077,0.));
#21740=CARTESIAN_POINT('',(47.4857,9.99077,0.));
#21741=CARTESIAN_POINT('',(46.6852,9.99077,0.));
#21742=CARTESIAN_POINT('',(47.4857,9.99077,3.));
#21743=CARTESIAN_POINT('',(46.6852,9.99077,3.));
#21744=CARTESIAN_POINT('',(47.4857,9.99077,0.));
#21745=CARTESIAN_POINT('Origin',(47.4857,13.0914,0.));
#21746=CARTESIAN_POINT('',(47.4857,13.0914,0.));
#21747=CARTESIAN_POINT('',(47.4857,9.99077,0.));
#21748=CARTESIAN_POINT('',(47.4857,13.0914,3.));
#21749=CARTESIAN_POINT('',(47.4857,9.99077,3.));
#21750=CARTESIAN_POINT('',(47.4857,13.0914,0.));
#21751=CARTESIAN_POINT('Origin',(46.6852,13.0914,0.));
#21752=CARTESIAN_POINT('',(46.6852,13.0914,0.));
#21753=CARTESIAN_POINT('',(47.4857,13.0914,0.));
#21754=CARTESIAN_POINT('',(46.6852,13.0914,3.));
#21755=CARTESIAN_POINT('',(47.4857,13.0914,3.));
#21756=CARTESIAN_POINT('',(46.6852,13.0914,0.));
#21757=CARTESIAN_POINT('Origin',(46.6852,18.8915,0.));
#21758=CARTESIAN_POINT('',(46.6852,18.8915,0.));
#21759=CARTESIAN_POINT('',(46.6852,13.0914,0.));
#21760=CARTESIAN_POINT('',(46.6852,18.8915,3.));
#21761=CARTESIAN_POINT('',(46.6852,13.0914,3.));
#21762=CARTESIAN_POINT('',(46.6852,18.8915,0.));
#21763=CARTESIAN_POINT('Origin',(47.4857,18.8915,0.));
#21764=CARTESIAN_POINT('',(47.4857,18.8915,0.));
#21765=CARTESIAN_POINT('',(46.6852,18.8915,0.));
#21766=CARTESIAN_POINT('',(47.4857,18.8915,3.));
#21767=CARTESIAN_POINT('',(46.6852,18.8915,3.));
#21768=CARTESIAN_POINT('',(47.4857,18.8915,0.));
#21769=CARTESIAN_POINT('Origin',(47.4857,21.9907,0.));
#21770=CARTESIAN_POINT('',(47.4857,21.9907,0.));
#21771=CARTESIAN_POINT('',(47.4857,18.8915,0.));
#21772=CARTESIAN_POINT('',(47.4857,21.9907,3.));
#21773=CARTESIAN_POINT('',(47.4857,18.8915,3.));
#21774=CARTESIAN_POINT('',(47.4857,21.9907,0.));
#21775=CARTESIAN_POINT('Origin',(46.6852,21.9907,0.));
#21776=CARTESIAN_POINT('',(46.6852,21.9907,0.));
#21777=CARTESIAN_POINT('',(47.4857,21.9907,0.));
#21778=CARTESIAN_POINT('',(46.6852,21.9907,3.));
#21779=CARTESIAN_POINT('',(47.4857,21.9907,3.));
#21780=CARTESIAN_POINT('',(46.6852,21.9907,0.));
#21781=CARTESIAN_POINT('Origin',(46.6852,22.9912,0.));
#21782=CARTESIAN_POINT('',(46.6852,22.9912,0.));
#21783=CARTESIAN_POINT('',(46.6852,21.9907,0.));
#21784=CARTESIAN_POINT('',(46.6852,22.9912,3.));
#21785=CARTESIAN_POINT('',(46.6852,21.9907,3.));
#21786=CARTESIAN_POINT('',(46.6852,22.9912,0.));
#21787=CARTESIAN_POINT('Origin',(32.6857,22.9912,0.));
#21788=CARTESIAN_POINT('',(46.6852,22.9912,0.));
#21789=CARTESIAN_POINT('',(46.6852,22.9912,3.));
#21790=CARTESIAN_POINT('Origin',(13.6357,41.0408,0.));
#21791=CARTESIAN_POINT('',(13.6357,41.0408,0.));
#21792=CARTESIAN_POINT('',(13.6357,42.0412,0.));
#21793=CARTESIAN_POINT('',(13.6357,42.0412,0.));
#21794=CARTESIAN_POINT('',(13.6357,42.0412,3.));
#21795=CARTESIAN_POINT('',(13.6357,42.0412,0.));
#21796=CARTESIAN_POINT('',(13.6357,41.0408,3.));
#21797=CARTESIAN_POINT('',(13.6357,42.0412,3.));
#21798=CARTESIAN_POINT('',(13.6357,41.0408,0.));
#21799=CARTESIAN_POINT('Origin',(12.835,41.0408,0.));
#21800=CARTESIAN_POINT('',(12.835,41.0408,0.));
#21801=CARTESIAN_POINT('',(13.6357,41.0408,0.));
#21802=CARTESIAN_POINT('',(12.835,41.0408,3.));
#21803=CARTESIAN_POINT('',(13.6357,41.0408,3.));
#21804=CARTESIAN_POINT('',(12.835,41.0408,0.));
#21805=CARTESIAN_POINT('Origin',(12.835,37.9416,0.));
#21806=CARTESIAN_POINT('',(12.835,37.9416,0.));
#21807=CARTESIAN_POINT('',(12.835,41.0408,0.));
#21808=CARTESIAN_POINT('',(12.835,37.9416,3.));
#21809=CARTESIAN_POINT('',(12.835,41.0408,3.));
#21810=CARTESIAN_POINT('',(12.835,37.9416,0.));
#21811=CARTESIAN_POINT('Origin',(13.6357,37.9416,0.));
#21812=CARTESIAN_POINT('',(13.6357,37.9416,0.));
#21813=CARTESIAN_POINT('',(12.835,37.9416,0.));
#21814=CARTESIAN_POINT('',(13.6357,37.9416,3.));
#21815=CARTESIAN_POINT('',(12.835,37.9416,3.));
#21816=CARTESIAN_POINT('',(13.6357,37.9416,0.));
#21817=CARTESIAN_POINT('Origin',(13.6357,32.1414,0.));
#21818=CARTESIAN_POINT('',(13.6357,32.1414,0.));
#21819=CARTESIAN_POINT('',(13.6357,37.9416,0.));
#21820=CARTESIAN_POINT('',(13.6357,32.1414,3.));
#21821=CARTESIAN_POINT('',(13.6357,37.9416,3.));
#21822=CARTESIAN_POINT('',(13.6357,32.1414,0.));
#21823=CARTESIAN_POINT('Origin',(12.835,32.1414,0.));
#21824=CARTESIAN_POINT('',(12.835,32.1414,0.));
#21825=CARTESIAN_POINT('',(13.6357,32.1414,0.));
#21826=CARTESIAN_POINT('',(12.835,32.1414,3.));
#21827=CARTESIAN_POINT('',(13.6357,32.1414,3.));
#21828=CARTESIAN_POINT('',(12.835,32.1414,0.));
#21829=CARTESIAN_POINT('Origin',(12.835,29.0408,0.));
#21830=CARTESIAN_POINT('',(12.835,29.0408,0.));
#21831=CARTESIAN_POINT('',(12.835,32.1414,0.));
#21832=CARTESIAN_POINT('',(12.835,29.0408,3.));
#21833=CARTESIAN_POINT('',(12.835,32.1414,3.));
#21834=CARTESIAN_POINT('',(12.835,29.0408,0.));
#21835=CARTESIAN_POINT('Origin',(13.6357,29.0408,0.));
#21836=CARTESIAN_POINT('',(13.6357,29.0408,0.));
#21837=CARTESIAN_POINT('',(12.835,29.0408,0.));
#21838=CARTESIAN_POINT('',(13.6357,29.0408,3.));
#21839=CARTESIAN_POINT('',(12.835,29.0408,3.));
#21840=CARTESIAN_POINT('',(13.6357,29.0408,0.));
#21841=CARTESIAN_POINT('Origin',(13.6357,28.0417,0.));
#21842=CARTESIAN_POINT('',(13.6357,28.0417,0.));
#21843=CARTESIAN_POINT('',(13.6357,29.0408,0.));
#21844=CARTESIAN_POINT('',(13.6357,28.0417,3.));
#21845=CARTESIAN_POINT('',(13.6357,29.0408,3.));
#21846=CARTESIAN_POINT('',(13.6357,28.0417,0.));
#21847=CARTESIAN_POINT('Origin',(27.6352,28.0417,0.));
#21848=CARTESIAN_POINT('',(27.6352,28.0417,0.));
#21849=CARTESIAN_POINT('',(13.6357,28.0417,0.));
#21850=CARTESIAN_POINT('',(27.6352,28.0417,3.));
#21851=CARTESIAN_POINT('',(13.6357,28.0417,3.));
#21852=CARTESIAN_POINT('',(27.6352,28.0417,0.));
#21853=CARTESIAN_POINT('Origin',(27.6352,29.0408,0.));
#21854=CARTESIAN_POINT('',(27.6352,29.0408,0.));
#21855=CARTESIAN_POINT('',(27.6352,28.0417,0.));
#21856=CARTESIAN_POINT('',(27.6352,29.0408,3.));
#21857=CARTESIAN_POINT('',(27.6352,28.0417,3.));
#21858=CARTESIAN_POINT('',(27.6352,29.0408,0.));
#21859=CARTESIAN_POINT('Origin',(28.4345,29.0408,0.));
#21860=CARTESIAN_POINT('',(28.4345,29.0408,0.));
#21861=CARTESIAN_POINT('',(27.6352,29.0408,0.));
#21862=CARTESIAN_POINT('',(28.4345,29.0408,3.));
#21863=CARTESIAN_POINT('',(27.6352,29.0408,3.));
#21864=CARTESIAN_POINT('',(28.4345,29.0408,0.));
#21865=CARTESIAN_POINT('Origin',(28.4345,32.1414,0.));
#21866=CARTESIAN_POINT('',(28.4345,32.1414,0.));
#21867=CARTESIAN_POINT('',(28.4345,29.0408,0.));
#21868=CARTESIAN_POINT('',(28.4345,32.1414,3.));
#21869=CARTESIAN_POINT('',(28.4345,29.0408,3.));
#21870=CARTESIAN_POINT('',(28.4345,32.1414,0.));
#21871=CARTESIAN_POINT('Origin',(27.6352,32.1414,0.));
#21872=CARTESIAN_POINT('',(27.6352,32.1414,0.));
#21873=CARTESIAN_POINT('',(28.4345,32.1414,0.));
#21874=CARTESIAN_POINT('',(27.6352,32.1414,3.));
#21875=CARTESIAN_POINT('',(28.4345,32.1414,3.));
#21876=CARTESIAN_POINT('',(27.6352,32.1414,0.));
#21877=CARTESIAN_POINT('Origin',(27.6352,37.9416,0.));
#21878=CARTESIAN_POINT('',(27.6352,37.9416,0.));
#21879=CARTESIAN_POINT('',(27.6352,32.1414,0.));
#21880=CARTESIAN_POINT('',(27.6352,37.9416,3.));
#21881=CARTESIAN_POINT('',(27.6352,32.1414,3.));
#21882=CARTESIAN_POINT('',(27.6352,37.9416,0.));
#21883=CARTESIAN_POINT('Origin',(28.4345,37.9416,0.));
#21884=CARTESIAN_POINT('',(28.4345,37.9416,0.));
#21885=CARTESIAN_POINT('',(27.6352,37.9416,0.));
#21886=CARTESIAN_POINT('',(28.4345,37.9416,3.));
#21887=CARTESIAN_POINT('',(27.6352,37.9416,3.));
#21888=CARTESIAN_POINT('',(28.4345,37.9416,0.));
#21889=CARTESIAN_POINT('Origin',(28.4345,41.0408,0.));
#21890=CARTESIAN_POINT('',(28.4345,41.0408,0.));
#21891=CARTESIAN_POINT('',(28.4345,37.9416,0.));
#21892=CARTESIAN_POINT('',(28.4345,41.0408,3.));
#21893=CARTESIAN_POINT('',(28.4345,37.9416,3.));
#21894=CARTESIAN_POINT('',(28.4345,41.0408,0.));
#21895=CARTESIAN_POINT('Origin',(27.6352,41.0408,0.));
#21896=CARTESIAN_POINT('',(27.6352,41.0408,0.));
#21897=CARTESIAN_POINT('',(28.4345,41.0408,0.));
#21898=CARTESIAN_POINT('',(27.6352,41.0408,3.));
#21899=CARTESIAN_POINT('',(28.4345,41.0408,3.));
#21900=CARTESIAN_POINT('',(27.6352,41.0408,0.));
#21901=CARTESIAN_POINT('Origin',(27.6352,42.0412,0.));
#21902=CARTESIAN_POINT('',(27.6352,42.0412,0.));
#21903=CARTESIAN_POINT('',(27.6352,41.0408,0.));
#21904=CARTESIAN_POINT('',(27.6352,42.0412,3.));
#21905=CARTESIAN_POINT('',(27.6352,41.0408,3.));
#21906=CARTESIAN_POINT('',(27.6352,42.0412,0.));
#21907=CARTESIAN_POINT('Origin',(13.6357,42.0412,0.));
#21908=CARTESIAN_POINT('',(27.6352,42.0412,0.));
#21909=CARTESIAN_POINT('',(27.6352,42.0412,3.));
#21910=CARTESIAN_POINT('Origin',(74.7504,90.8914,0.));
#21911=CARTESIAN_POINT('',(74.7504,90.8914,0.));
#21912=CARTESIAN_POINT('',(75.1967,91.1186,0.));
#21913=CARTESIAN_POINT('',(75.1967,91.1186,0.));
#21914=CARTESIAN_POINT('',(75.1967,91.1186,3.));
#21915=CARTESIAN_POINT('',(75.1967,91.1186,0.));
#21916=CARTESIAN_POINT('',(74.7504,90.8914,3.));
#21917=CARTESIAN_POINT('',(75.1967,91.1186,3.));
#21918=CARTESIAN_POINT('',(74.7504,90.8914,0.));
#21919=CARTESIAN_POINT('Origin',(74.3962,90.5372,0.));
#21920=CARTESIAN_POINT('',(74.3962,90.5372,0.));
#21921=CARTESIAN_POINT('',(74.7504,90.8914,0.));
#21922=CARTESIAN_POINT('',(74.3962,90.5372,3.));
#21923=CARTESIAN_POINT('',(74.7504,90.8914,3.));
#21924=CARTESIAN_POINT('',(74.3962,90.5372,0.));
#21925=CARTESIAN_POINT('Origin',(74.1701,90.0906,0.));
#21926=CARTESIAN_POINT('',(74.1701,90.0906,0.));
#21927=CARTESIAN_POINT('',(74.3962,90.5372,0.));
#21928=CARTESIAN_POINT('',(74.1701,90.0906,3.));
#21929=CARTESIAN_POINT('',(74.3962,90.5372,3.));
#21930=CARTESIAN_POINT('',(74.1701,90.0906,0.));
#21931=CARTESIAN_POINT('Origin',(74.0914,89.596,0.));
#21932=CARTESIAN_POINT('',(74.0914,89.596,0.));
#21933=CARTESIAN_POINT('',(74.1701,90.0906,0.));
#21934=CARTESIAN_POINT('',(74.0914,89.596,3.));
#21935=CARTESIAN_POINT('',(74.1701,90.0906,3.));
#21936=CARTESIAN_POINT('',(74.0914,89.596,0.));
#21937=CARTESIAN_POINT('Origin',(74.1701,89.1025,0.));
#21938=CARTESIAN_POINT('',(74.1701,89.1025,0.));
#21939=CARTESIAN_POINT('',(74.0914,89.596,0.));
#21940=CARTESIAN_POINT('',(74.1701,89.1025,3.));
#21941=CARTESIAN_POINT('',(74.0914,89.596,3.));
#21942=CARTESIAN_POINT('',(74.1701,89.1025,0.));
#21943=CARTESIAN_POINT('Origin',(74.3962,88.6562,0.));
#21944=CARTESIAN_POINT('',(74.3962,88.6562,0.));
#21945=CARTESIAN_POINT('',(74.1701,89.1025,0.));
#21946=CARTESIAN_POINT('',(74.3962,88.6562,3.));
#21947=CARTESIAN_POINT('',(74.1701,89.1025,3.));
#21948=CARTESIAN_POINT('',(74.3962,88.6562,0.));
#21949=CARTESIAN_POINT('Origin',(74.7504,88.302,0.));
#21950=CARTESIAN_POINT('',(74.7504,88.302,0.));
#21951=CARTESIAN_POINT('',(74.3962,88.6562,0.));
#21952=CARTESIAN_POINT('',(74.7504,88.302,3.));
#21953=CARTESIAN_POINT('',(74.3962,88.6562,3.));
#21954=CARTESIAN_POINT('',(74.7504,88.302,0.));
#21955=CARTESIAN_POINT('Origin',(75.1967,88.0745,0.));
#21956=CARTESIAN_POINT('',(75.1967,88.0745,0.));
#21957=CARTESIAN_POINT('',(74.7504,88.302,0.));
#21958=CARTESIAN_POINT('',(75.1967,88.0745,3.));
#21959=CARTESIAN_POINT('',(74.7504,88.302,3.));
#21960=CARTESIAN_POINT('',(75.1967,88.0745,0.));
#21961=CARTESIAN_POINT('Origin',(75.6916,87.9962,0.));
#21962=CARTESIAN_POINT('',(75.6916,87.9962,0.));
#21963=CARTESIAN_POINT('',(75.1967,88.0745,0.));
#21964=CARTESIAN_POINT('',(75.6916,87.9962,3.));
#21965=CARTESIAN_POINT('',(75.1967,88.0745,3.));
#21966=CARTESIAN_POINT('',(75.6916,87.9962,0.));
#21967=CARTESIAN_POINT('Origin',(76.1848,88.0745,0.));
#21968=CARTESIAN_POINT('',(76.1848,88.0745,0.));
#21969=CARTESIAN_POINT('',(75.6916,87.9962,0.));
#21970=CARTESIAN_POINT('',(76.1848,88.0745,3.));
#21971=CARTESIAN_POINT('',(75.6916,87.9962,3.));
#21972=CARTESIAN_POINT('',(76.1848,88.0745,0.));
#21973=CARTESIAN_POINT('Origin',(76.6315,88.302,0.));
#21974=CARTESIAN_POINT('',(76.6315,88.302,0.));
#21975=CARTESIAN_POINT('',(76.1848,88.0745,0.));
#21976=CARTESIAN_POINT('',(76.6315,88.302,3.));
#21977=CARTESIAN_POINT('',(76.1848,88.0745,3.));
#21978=CARTESIAN_POINT('',(76.6315,88.302,0.));
#21979=CARTESIAN_POINT('Origin',(76.9856,88.6562,0.));
#21980=CARTESIAN_POINT('',(76.9856,88.6562,0.));
#21981=CARTESIAN_POINT('',(76.6315,88.302,0.));
#21982=CARTESIAN_POINT('',(76.9856,88.6562,3.));
#21983=CARTESIAN_POINT('',(76.6315,88.302,3.));
#21984=CARTESIAN_POINT('',(76.9856,88.6562,0.));
#21985=CARTESIAN_POINT('Origin',(77.2128,89.1025,0.));
#21986=CARTESIAN_POINT('',(77.2128,89.1025,0.));
#21987=CARTESIAN_POINT('',(76.9856,88.6562,0.));
#21988=CARTESIAN_POINT('',(77.2128,89.1025,3.));
#21989=CARTESIAN_POINT('',(76.9856,88.6562,3.));
#21990=CARTESIAN_POINT('',(77.2128,89.1025,0.));
#21991=CARTESIAN_POINT('Origin',(77.2915,89.596,0.));
#21992=CARTESIAN_POINT('',(77.2915,89.596,0.));
#21993=CARTESIAN_POINT('',(77.2128,89.1025,0.));
#21994=CARTESIAN_POINT('',(77.2915,89.596,3.));
#21995=CARTESIAN_POINT('',(77.2128,89.1025,3.));
#21996=CARTESIAN_POINT('',(77.2915,89.596,0.));
#21997=CARTESIAN_POINT('Origin',(77.2128,90.0906,0.));
#21998=CARTESIAN_POINT('',(77.2128,90.0906,0.));
#21999=CARTESIAN_POINT('',(77.2915,89.596,0.));
#22000=CARTESIAN_POINT('',(77.2128,90.0906,3.));
#22001=CARTESIAN_POINT('',(77.2915,89.596,3.));
#22002=CARTESIAN_POINT('',(77.2128,90.0906,0.));
#22003=CARTESIAN_POINT('Origin',(76.9856,90.5372,0.));
#22004=CARTESIAN_POINT('',(76.9856,90.5372,0.));
#22005=CARTESIAN_POINT('',(77.2128,90.0906,0.));
#22006=CARTESIAN_POINT('',(76.9856,90.5372,3.));
#22007=CARTESIAN_POINT('',(77.2128,90.0906,3.));
#22008=CARTESIAN_POINT('',(76.9856,90.5372,0.));
#22009=CARTESIAN_POINT('Origin',(76.6315,90.8914,0.));
#22010=CARTESIAN_POINT('',(76.6315,90.8914,0.));
#22011=CARTESIAN_POINT('',(76.9856,90.5372,0.));
#22012=CARTESIAN_POINT('',(76.6315,90.8914,3.));
#22013=CARTESIAN_POINT('',(76.9856,90.5372,3.));
#22014=CARTESIAN_POINT('',(76.6315,90.8914,0.));
#22015=CARTESIAN_POINT('Origin',(76.1848,91.1186,0.));
#22016=CARTESIAN_POINT('',(76.1848,91.1186,0.));
#22017=CARTESIAN_POINT('',(76.6315,90.8914,0.));
#22018=CARTESIAN_POINT('',(76.1848,91.1186,3.));
#22019=CARTESIAN_POINT('',(76.6315,90.8914,3.));
#22020=CARTESIAN_POINT('',(76.1848,91.1186,0.));
#22021=CARTESIAN_POINT('Origin',(75.6916,91.1959,0.));
#22022=CARTESIAN_POINT('',(75.6916,91.1959,0.));
#22023=CARTESIAN_POINT('',(76.1848,91.1186,0.));
#22024=CARTESIAN_POINT('',(75.6916,91.1959,3.));
#22025=CARTESIAN_POINT('',(76.1848,91.1186,3.));
#22026=CARTESIAN_POINT('',(75.6916,91.1959,0.));
#22027=CARTESIAN_POINT('Origin',(75.1967,91.1186,0.));
#22028=CARTESIAN_POINT('',(75.6916,91.1959,0.));
#22029=CARTESIAN_POINT('',(75.6916,91.1959,3.));
#22030=CARTESIAN_POINT('Origin',(13.6357,60.0908,0.));
#22031=CARTESIAN_POINT('',(13.6357,60.0908,0.));
#22032=CARTESIAN_POINT('',(13.6357,61.0912,0.));
#22033=CARTESIAN_POINT('',(13.6357,61.0912,0.));
#22034=CARTESIAN_POINT('',(13.6357,61.0912,3.));
#22035=CARTESIAN_POINT('',(13.6357,61.0912,0.));
#22036=CARTESIAN_POINT('',(13.6357,60.0908,3.));
#22037=CARTESIAN_POINT('',(13.6357,61.0912,3.));
#22038=CARTESIAN_POINT('',(13.6357,60.0908,0.));
#22039=CARTESIAN_POINT('Origin',(12.835,60.0908,0.));
#22040=CARTESIAN_POINT('',(12.835,60.0908,0.));
#22041=CARTESIAN_POINT('',(13.6357,60.0908,0.));
#22042=CARTESIAN_POINT('',(12.835,60.0908,3.));
#22043=CARTESIAN_POINT('',(13.6357,60.0908,3.));
#22044=CARTESIAN_POINT('',(12.835,60.0908,0.));
#22045=CARTESIAN_POINT('Origin',(12.835,56.9916,0.));
#22046=CARTESIAN_POINT('',(12.835,56.9916,0.));
#22047=CARTESIAN_POINT('',(12.835,60.0908,0.));
#22048=CARTESIAN_POINT('',(12.835,56.9916,3.));
#22049=CARTESIAN_POINT('',(12.835,60.0908,3.));
#22050=CARTESIAN_POINT('',(12.835,56.9916,0.));
#22051=CARTESIAN_POINT('Origin',(13.6357,56.9916,0.));
#22052=CARTESIAN_POINT('',(13.6357,56.9916,0.));
#22053=CARTESIAN_POINT('',(12.835,56.9916,0.));
#22054=CARTESIAN_POINT('',(13.6357,56.9916,3.));
#22055=CARTESIAN_POINT('',(12.835,56.9916,3.));
#22056=CARTESIAN_POINT('',(13.6357,56.9916,0.));
#22057=CARTESIAN_POINT('Origin',(13.6357,51.1912,0.));
#22058=CARTESIAN_POINT('',(13.6357,51.1912,0.));
#22059=CARTESIAN_POINT('',(13.6357,56.9916,0.));
#22060=CARTESIAN_POINT('',(13.6357,51.1912,3.));
#22061=CARTESIAN_POINT('',(13.6357,56.9916,3.));
#22062=CARTESIAN_POINT('',(13.6357,51.1912,0.));
#22063=CARTESIAN_POINT('Origin',(12.835,51.1912,0.));
#22064=CARTESIAN_POINT('',(12.835,51.1912,0.));
#22065=CARTESIAN_POINT('',(13.6357,51.1912,0.));
#22066=CARTESIAN_POINT('',(12.835,51.1912,3.));
#22067=CARTESIAN_POINT('',(13.6357,51.1912,3.));
#22068=CARTESIAN_POINT('',(12.835,51.1912,0.));
#22069=CARTESIAN_POINT('Origin',(12.835,48.0907,0.));
#22070=CARTESIAN_POINT('',(12.835,48.0907,0.));
#22071=CARTESIAN_POINT('',(12.835,51.1912,0.));
#22072=CARTESIAN_POINT('',(12.835,48.0907,3.));
#22073=CARTESIAN_POINT('',(12.835,51.1912,3.));
#22074=CARTESIAN_POINT('',(12.835,48.0907,0.));
#22075=CARTESIAN_POINT('Origin',(13.6357,48.0907,0.));
#22076=CARTESIAN_POINT('',(13.6357,48.0907,0.));
#22077=CARTESIAN_POINT('',(12.835,48.0907,0.));
#22078=CARTESIAN_POINT('',(13.6357,48.0907,3.));
#22079=CARTESIAN_POINT('',(12.835,48.0907,3.));
#22080=CARTESIAN_POINT('',(13.6357,48.0907,0.));
#22081=CARTESIAN_POINT('Origin',(13.6357,47.0916,0.));
#22082=CARTESIAN_POINT('',(13.6357,47.0916,0.));
#22083=CARTESIAN_POINT('',(13.6357,48.0907,0.));
#22084=CARTESIAN_POINT('',(13.6357,47.0916,3.));
#22085=CARTESIAN_POINT('',(13.6357,48.0907,3.));
#22086=CARTESIAN_POINT('',(13.6357,47.0916,0.));
#22087=CARTESIAN_POINT('Origin',(27.6352,47.0916,0.));
#22088=CARTESIAN_POINT('',(27.6352,47.0916,0.));
#22089=CARTESIAN_POINT('',(13.6357,47.0916,0.));
#22090=CARTESIAN_POINT('',(27.6352,47.0916,3.));
#22091=CARTESIAN_POINT('',(13.6357,47.0916,3.));
#22092=CARTESIAN_POINT('',(27.6352,47.0916,0.));
#22093=CARTESIAN_POINT('Origin',(27.6352,48.0907,0.));
#22094=CARTESIAN_POINT('',(27.6352,48.0907,0.));
#22095=CARTESIAN_POINT('',(27.6352,47.0916,0.));
#22096=CARTESIAN_POINT('',(27.6352,48.0907,3.));
#22097=CARTESIAN_POINT('',(27.6352,47.0916,3.));
#22098=CARTESIAN_POINT('',(27.6352,48.0907,0.));
#22099=CARTESIAN_POINT('Origin',(28.4345,48.0907,0.));
#22100=CARTESIAN_POINT('',(28.4345,48.0907,0.));
#22101=CARTESIAN_POINT('',(27.6352,48.0907,0.));
#22102=CARTESIAN_POINT('',(28.4345,48.0907,3.));
#22103=CARTESIAN_POINT('',(27.6352,48.0907,3.));
#22104=CARTESIAN_POINT('',(28.4345,48.0907,0.));
#22105=CARTESIAN_POINT('Origin',(28.4345,51.1912,0.));
#22106=CARTESIAN_POINT('',(28.4345,51.1912,0.));
#22107=CARTESIAN_POINT('',(28.4345,48.0907,0.));
#22108=CARTESIAN_POINT('',(28.4345,51.1912,3.));
#22109=CARTESIAN_POINT('',(28.4345,48.0907,3.));
#22110=CARTESIAN_POINT('',(28.4345,51.1912,0.));
#22111=CARTESIAN_POINT('Origin',(27.6352,51.1912,0.));
#22112=CARTESIAN_POINT('',(27.6352,51.1912,0.));
#22113=CARTESIAN_POINT('',(28.4345,51.1912,0.));
#22114=CARTESIAN_POINT('',(27.6352,51.1912,3.));
#22115=CARTESIAN_POINT('',(28.4345,51.1912,3.));
#22116=CARTESIAN_POINT('',(27.6352,51.1912,0.));
#22117=CARTESIAN_POINT('Origin',(27.6352,56.9916,0.));
#22118=CARTESIAN_POINT('',(27.6352,56.9916,0.));
#22119=CARTESIAN_POINT('',(27.6352,51.1912,0.));
#22120=CARTESIAN_POINT('',(27.6352,56.9916,3.));
#22121=CARTESIAN_POINT('',(27.6352,51.1912,3.));
#22122=CARTESIAN_POINT('',(27.6352,56.9916,0.));
#22123=CARTESIAN_POINT('Origin',(28.4345,56.9916,0.));
#22124=CARTESIAN_POINT('',(28.4345,56.9916,0.));
#22125=CARTESIAN_POINT('',(27.6352,56.9916,0.));
#22126=CARTESIAN_POINT('',(28.4345,56.9916,3.));
#22127=CARTESIAN_POINT('',(27.6352,56.9916,3.));
#22128=CARTESIAN_POINT('',(28.4345,56.9916,0.));
#22129=CARTESIAN_POINT('Origin',(28.4345,60.0908,0.));
#22130=CARTESIAN_POINT('',(28.4345,60.0908,0.));
#22131=CARTESIAN_POINT('',(28.4345,56.9916,0.));
#22132=CARTESIAN_POINT('',(28.4345,60.0908,3.));
#22133=CARTESIAN_POINT('',(28.4345,56.9916,3.));
#22134=CARTESIAN_POINT('',(28.4345,60.0908,0.));
#22135=CARTESIAN_POINT('Origin',(27.6352,60.0908,0.));
#22136=CARTESIAN_POINT('',(27.6352,60.0908,0.));
#22137=CARTESIAN_POINT('',(28.4345,60.0908,0.));
#22138=CARTESIAN_POINT('',(27.6352,60.0908,3.));
#22139=CARTESIAN_POINT('',(28.4345,60.0908,3.));
#22140=CARTESIAN_POINT('',(27.6352,60.0908,0.));
#22141=CARTESIAN_POINT('Origin',(27.6352,61.0912,0.));
#22142=CARTESIAN_POINT('',(27.6352,61.0912,0.));
#22143=CARTESIAN_POINT('',(27.6352,60.0908,0.));
#22144=CARTESIAN_POINT('',(27.6352,61.0912,3.));
#22145=CARTESIAN_POINT('',(27.6352,60.0908,3.));
#22146=CARTESIAN_POINT('',(27.6352,61.0912,0.));
#22147=CARTESIAN_POINT('Origin',(13.6357,61.0912,0.));
#22148=CARTESIAN_POINT('',(27.6352,61.0912,0.));
#22149=CARTESIAN_POINT('',(27.6352,61.0912,3.));
#22150=CARTESIAN_POINT('Origin',(3.65457,90.8914,0.));
#22151=CARTESIAN_POINT('',(3.65457,90.8914,0.));
#22152=CARTESIAN_POINT('',(4.10104,91.1186,0.));
#22153=CARTESIAN_POINT('',(4.10104,91.1186,0.));
#22154=CARTESIAN_POINT('',(4.10104,91.1186,3.));
#22155=CARTESIAN_POINT('',(4.10104,91.1186,0.));
#22156=CARTESIAN_POINT('',(3.65457,90.8914,3.));
#22157=CARTESIAN_POINT('',(4.10104,91.1186,3.));
#22158=CARTESIAN_POINT('',(3.65457,90.8914,0.));
#22159=CARTESIAN_POINT('Origin',(3.3004,90.5372,0.));
#22160=CARTESIAN_POINT('',(3.3004,90.5372,0.));
#22161=CARTESIAN_POINT('',(3.65457,90.8914,0.));
#22162=CARTESIAN_POINT('',(3.3004,90.5372,3.));
#22163=CARTESIAN_POINT('',(3.65457,90.8914,3.));
#22164=CARTESIAN_POINT('',(3.3004,90.5372,0.));
#22165=CARTESIAN_POINT('Origin',(3.07303,90.0906,0.));
#22166=CARTESIAN_POINT('',(3.07303,90.0906,0.));
#22167=CARTESIAN_POINT('',(3.3004,90.5372,0.));
#22168=CARTESIAN_POINT('',(3.07303,90.0906,3.));
#22169=CARTESIAN_POINT('',(3.3004,90.5372,3.));
#22170=CARTESIAN_POINT('',(3.07303,90.0906,0.));
#22171=CARTESIAN_POINT('Origin',(2.99586,89.596,0.));
#22172=CARTESIAN_POINT('',(2.99586,89.596,0.));
#22173=CARTESIAN_POINT('',(3.07303,90.0906,0.));
#22174=CARTESIAN_POINT('',(2.99586,89.596,3.));
#22175=CARTESIAN_POINT('',(3.07303,90.0906,3.));
#22176=CARTESIAN_POINT('',(2.99586,89.596,0.));
#22177=CARTESIAN_POINT('Origin',(3.07303,89.1025,0.));
#22178=CARTESIAN_POINT('',(3.07303,89.1025,0.));
#22179=CARTESIAN_POINT('',(2.99586,89.596,0.));
#22180=CARTESIAN_POINT('',(3.07303,89.1025,3.));
#22181=CARTESIAN_POINT('',(2.99586,89.596,3.));
#22182=CARTESIAN_POINT('',(3.07303,89.1025,0.));
#22183=CARTESIAN_POINT('Origin',(3.3004,88.6562,0.));
#22184=CARTESIAN_POINT('',(3.3004,88.6562,0.));
#22185=CARTESIAN_POINT('',(3.07303,89.1025,0.));
#22186=CARTESIAN_POINT('',(3.3004,88.6562,3.));
#22187=CARTESIAN_POINT('',(3.07303,89.1025,3.));
#22188=CARTESIAN_POINT('',(3.3004,88.6562,0.));
#22189=CARTESIAN_POINT('Origin',(3.65457,88.302,0.));
#22190=CARTESIAN_POINT('',(3.65457,88.302,0.));
#22191=CARTESIAN_POINT('',(3.3004,88.6562,0.));
#22192=CARTESIAN_POINT('',(3.65457,88.302,3.));
#22193=CARTESIAN_POINT('',(3.3004,88.6562,3.));
#22194=CARTESIAN_POINT('',(3.65457,88.302,0.));
#22195=CARTESIAN_POINT('Origin',(4.10104,88.0745,0.));
#22196=CARTESIAN_POINT('',(4.10104,88.0745,0.));
#22197=CARTESIAN_POINT('',(3.65457,88.302,0.));
#22198=CARTESIAN_POINT('',(4.10104,88.0745,3.));
#22199=CARTESIAN_POINT('',(3.65457,88.302,3.));
#22200=CARTESIAN_POINT('',(4.10104,88.0745,0.));
#22201=CARTESIAN_POINT('Origin',(4.59574,87.9962,0.));
#22202=CARTESIAN_POINT('',(4.59574,87.9962,0.));
#22203=CARTESIAN_POINT('',(4.10104,88.0745,0.));
#22204=CARTESIAN_POINT('',(4.59574,87.9962,3.));
#22205=CARTESIAN_POINT('',(4.10104,88.0745,3.));
#22206=CARTESIAN_POINT('',(4.59574,87.9962,0.));
#22207=CARTESIAN_POINT('Origin',(5.0891,88.0745,0.));
#22208=CARTESIAN_POINT('',(5.0891,88.0745,0.));
#22209=CARTESIAN_POINT('',(4.59574,87.9962,0.));
#22210=CARTESIAN_POINT('',(5.0891,88.0745,3.));
#22211=CARTESIAN_POINT('',(4.59574,87.9962,3.));
#22212=CARTESIAN_POINT('',(5.0891,88.0745,0.));
#22213=CARTESIAN_POINT('Origin',(5.53558,88.302,0.));
#22214=CARTESIAN_POINT('',(5.53558,88.302,0.));
#22215=CARTESIAN_POINT('',(5.0891,88.0745,0.));
#22216=CARTESIAN_POINT('',(5.53558,88.302,3.));
#22217=CARTESIAN_POINT('',(5.0891,88.0745,3.));
#22218=CARTESIAN_POINT('',(5.53558,88.302,0.));
#22219=CARTESIAN_POINT('Origin',(5.88973,88.6562,0.));
#22220=CARTESIAN_POINT('',(5.88973,88.6562,0.));
#22221=CARTESIAN_POINT('',(5.53558,88.302,0.));
#22222=CARTESIAN_POINT('',(5.88973,88.6562,3.));
#22223=CARTESIAN_POINT('',(5.53558,88.302,3.));
#22224=CARTESIAN_POINT('',(5.88973,88.6562,0.));
#22225=CARTESIAN_POINT('Origin',(6.1171,89.1025,0.));
#22226=CARTESIAN_POINT('',(6.1171,89.1025,0.));
#22227=CARTESIAN_POINT('',(5.88973,88.6562,0.));
#22228=CARTESIAN_POINT('',(6.1171,89.1025,3.));
#22229=CARTESIAN_POINT('',(5.88973,88.6562,3.));
#22230=CARTESIAN_POINT('',(6.1171,89.1025,0.));
#22231=CARTESIAN_POINT('Origin',(6.19566,89.596,0.));
#22232=CARTESIAN_POINT('',(6.19566,89.596,0.));
#22233=CARTESIAN_POINT('',(6.1171,89.1025,0.));
#22234=CARTESIAN_POINT('',(6.19566,89.596,3.));
#22235=CARTESIAN_POINT('',(6.1171,89.1025,3.));
#22236=CARTESIAN_POINT('',(6.19566,89.596,0.));
#22237=CARTESIAN_POINT('Origin',(6.1171,90.0906,0.));
#22238=CARTESIAN_POINT('',(6.1171,90.0906,0.));
#22239=CARTESIAN_POINT('',(6.19566,89.596,0.));
#22240=CARTESIAN_POINT('',(6.1171,90.0906,3.));
#22241=CARTESIAN_POINT('',(6.19566,89.596,3.));
#22242=CARTESIAN_POINT('',(6.1171,90.0906,0.));
#22243=CARTESIAN_POINT('Origin',(5.88973,90.5372,0.));
#22244=CARTESIAN_POINT('',(5.88973,90.5372,0.));
#22245=CARTESIAN_POINT('',(6.1171,90.0906,0.));
#22246=CARTESIAN_POINT('',(5.88973,90.5372,3.));
#22247=CARTESIAN_POINT('',(6.1171,90.0906,3.));
#22248=CARTESIAN_POINT('',(5.88973,90.5372,0.));
#22249=CARTESIAN_POINT('Origin',(5.53558,90.8914,0.));
#22250=CARTESIAN_POINT('',(5.53558,90.8914,0.));
#22251=CARTESIAN_POINT('',(5.88973,90.5372,0.));
#22252=CARTESIAN_POINT('',(5.53558,90.8914,3.));
#22253=CARTESIAN_POINT('',(5.88973,90.5372,3.));
#22254=CARTESIAN_POINT('',(5.53558,90.8914,0.));
#22255=CARTESIAN_POINT('Origin',(5.0891,91.1186,0.));
#22256=CARTESIAN_POINT('',(5.0891,91.1186,0.));
#22257=CARTESIAN_POINT('',(5.53558,90.8914,0.));
#22258=CARTESIAN_POINT('',(5.0891,91.1186,3.));
#22259=CARTESIAN_POINT('',(5.53558,90.8914,3.));
#22260=CARTESIAN_POINT('',(5.0891,91.1186,0.));
#22261=CARTESIAN_POINT('Origin',(4.59574,91.1959,0.));
#22262=CARTESIAN_POINT('',(4.59574,91.1959,0.));
#22263=CARTESIAN_POINT('',(5.0891,91.1186,0.));
#22264=CARTESIAN_POINT('',(4.59574,91.1959,3.));
#22265=CARTESIAN_POINT('',(5.0891,91.1186,3.));
#22266=CARTESIAN_POINT('',(4.59574,91.1959,0.));
#22267=CARTESIAN_POINT('Origin',(4.10104,91.1186,0.));
#22268=CARTESIAN_POINT('',(4.59574,91.1959,0.));
#22269=CARTESIAN_POINT('',(4.59574,91.1959,3.));
#22270=CARTESIAN_POINT('Origin',(51.7356,41.0408,0.));
#22271=CARTESIAN_POINT('',(51.7356,41.0408,0.));
#22272=CARTESIAN_POINT('',(51.7356,42.0412,0.));
#22273=CARTESIAN_POINT('',(51.7356,42.0412,0.));
#22274=CARTESIAN_POINT('',(51.7356,42.0412,3.));
#22275=CARTESIAN_POINT('',(51.7356,42.0412,0.));
#22276=CARTESIAN_POINT('',(51.7356,41.0408,3.));
#22277=CARTESIAN_POINT('',(51.7356,42.0412,3.));
#22278=CARTESIAN_POINT('',(51.7356,41.0408,0.));
#22279=CARTESIAN_POINT('Origin',(50.9351,41.0408,0.));
#22280=CARTESIAN_POINT('',(50.9351,41.0408,0.));
#22281=CARTESIAN_POINT('',(51.7356,41.0408,0.));
#22282=CARTESIAN_POINT('',(50.9351,41.0408,3.));
#22283=CARTESIAN_POINT('',(51.7356,41.0408,3.));
#22284=CARTESIAN_POINT('',(50.9351,41.0408,0.));
#22285=CARTESIAN_POINT('Origin',(50.9351,37.9416,0.));
#22286=CARTESIAN_POINT('',(50.9351,37.9416,0.));
#22287=CARTESIAN_POINT('',(50.9351,41.0408,0.));
#22288=CARTESIAN_POINT('',(50.9351,37.9416,3.));
#22289=CARTESIAN_POINT('',(50.9351,41.0408,3.));
#22290=CARTESIAN_POINT('',(50.9351,37.9416,0.));
#22291=CARTESIAN_POINT('Origin',(51.7356,37.9416,0.));
#22292=CARTESIAN_POINT('',(51.7356,37.9416,0.));
#22293=CARTESIAN_POINT('',(50.9351,37.9416,0.));
#22294=CARTESIAN_POINT('',(51.7356,37.9416,3.));
#22295=CARTESIAN_POINT('',(50.9351,37.9416,3.));
#22296=CARTESIAN_POINT('',(51.7356,37.9416,0.));
#22297=CARTESIAN_POINT('Origin',(51.7356,32.1414,0.));
#22298=CARTESIAN_POINT('',(51.7356,32.1414,0.));
#22299=CARTESIAN_POINT('',(51.7356,37.9416,0.));
#22300=CARTESIAN_POINT('',(51.7356,32.1414,3.));
#22301=CARTESIAN_POINT('',(51.7356,37.9416,3.));
#22302=CARTESIAN_POINT('',(51.7356,32.1414,0.));
#22303=CARTESIAN_POINT('Origin',(50.9351,32.1414,0.));
#22304=CARTESIAN_POINT('',(50.9351,32.1414,0.));
#22305=CARTESIAN_POINT('',(51.7356,32.1414,0.));
#22306=CARTESIAN_POINT('',(50.9351,32.1414,3.));
#22307=CARTESIAN_POINT('',(51.7356,32.1414,3.));
#22308=CARTESIAN_POINT('',(50.9351,32.1414,0.));
#22309=CARTESIAN_POINT('Origin',(50.9351,29.0408,0.));
#22310=CARTESIAN_POINT('',(50.9351,29.0408,0.));
#22311=CARTESIAN_POINT('',(50.9351,32.1414,0.));
#22312=CARTESIAN_POINT('',(50.9351,29.0408,3.));
#22313=CARTESIAN_POINT('',(50.9351,32.1414,3.));
#22314=CARTESIAN_POINT('',(50.9351,29.0408,0.));
#22315=CARTESIAN_POINT('Origin',(51.7356,29.0408,0.));
#22316=CARTESIAN_POINT('',(51.7356,29.0408,0.));
#22317=CARTESIAN_POINT('',(50.9351,29.0408,0.));
#22318=CARTESIAN_POINT('',(51.7356,29.0408,3.));
#22319=CARTESIAN_POINT('',(50.9351,29.0408,3.));
#22320=CARTESIAN_POINT('',(51.7356,29.0408,0.));
#22321=CARTESIAN_POINT('Origin',(51.7356,28.0417,0.));
#22322=CARTESIAN_POINT('',(51.7356,28.0417,0.));
#22323=CARTESIAN_POINT('',(51.7356,29.0408,0.));
#22324=CARTESIAN_POINT('',(51.7356,28.0417,3.));
#22325=CARTESIAN_POINT('',(51.7356,29.0408,3.));
#22326=CARTESIAN_POINT('',(51.7356,28.0417,0.));
#22327=CARTESIAN_POINT('Origin',(65.7352,28.0417,0.));
#22328=CARTESIAN_POINT('',(65.7352,28.0417,0.));
#22329=CARTESIAN_POINT('',(51.7356,28.0417,0.));
#22330=CARTESIAN_POINT('',(65.7352,28.0417,3.));
#22331=CARTESIAN_POINT('',(51.7356,28.0417,3.));
#22332=CARTESIAN_POINT('',(65.7352,28.0417,0.));
#22333=CARTESIAN_POINT('Origin',(65.7352,29.0408,0.));
#22334=CARTESIAN_POINT('',(65.7352,29.0408,0.));
#22335=CARTESIAN_POINT('',(65.7352,28.0417,0.));
#22336=CARTESIAN_POINT('',(65.7352,29.0408,3.));
#22337=CARTESIAN_POINT('',(65.7352,28.0417,3.));
#22338=CARTESIAN_POINT('',(65.7352,29.0408,0.));
#22339=CARTESIAN_POINT('Origin',(66.5357,29.0408,0.));
#22340=CARTESIAN_POINT('',(66.5357,29.0408,0.));
#22341=CARTESIAN_POINT('',(65.7352,29.0408,0.));
#22342=CARTESIAN_POINT('',(66.5357,29.0408,3.));
#22343=CARTESIAN_POINT('',(65.7352,29.0408,3.));
#22344=CARTESIAN_POINT('',(66.5357,29.0408,0.));
#22345=CARTESIAN_POINT('Origin',(66.5357,32.1414,0.));
#22346=CARTESIAN_POINT('',(66.5357,32.1414,0.));
#22347=CARTESIAN_POINT('',(66.5357,29.0408,0.));
#22348=CARTESIAN_POINT('',(66.5357,32.1414,3.));
#22349=CARTESIAN_POINT('',(66.5357,29.0408,3.));
#22350=CARTESIAN_POINT('',(66.5357,32.1414,0.));
#22351=CARTESIAN_POINT('Origin',(65.7352,32.1414,0.));
#22352=CARTESIAN_POINT('',(65.7352,32.1414,0.));
#22353=CARTESIAN_POINT('',(66.5357,32.1414,0.));
#22354=CARTESIAN_POINT('',(65.7352,32.1414,3.));
#22355=CARTESIAN_POINT('',(66.5357,32.1414,3.));
#22356=CARTESIAN_POINT('',(65.7352,32.1414,0.));
#22357=CARTESIAN_POINT('Origin',(65.7352,37.9416,0.));
#22358=CARTESIAN_POINT('',(65.7352,37.9416,0.));
#22359=CARTESIAN_POINT('',(65.7352,32.1414,0.));
#22360=CARTESIAN_POINT('',(65.7352,37.9416,3.));
#22361=CARTESIAN_POINT('',(65.7352,32.1414,3.));
#22362=CARTESIAN_POINT('',(65.7352,37.9416,0.));
#22363=CARTESIAN_POINT('Origin',(66.5357,37.9416,0.));
#22364=CARTESIAN_POINT('',(66.5357,37.9416,0.));
#22365=CARTESIAN_POINT('',(65.7352,37.9416,0.));
#22366=CARTESIAN_POINT('',(66.5357,37.9416,3.));
#22367=CARTESIAN_POINT('',(65.7352,37.9416,3.));
#22368=CARTESIAN_POINT('',(66.5357,37.9416,0.));
#22369=CARTESIAN_POINT('Origin',(66.5357,41.0408,0.));
#22370=CARTESIAN_POINT('',(66.5357,41.0408,0.));
#22371=CARTESIAN_POINT('',(66.5357,37.9416,0.));
#22372=CARTESIAN_POINT('',(66.5357,41.0408,3.));
#22373=CARTESIAN_POINT('',(66.5357,37.9416,3.));
#22374=CARTESIAN_POINT('',(66.5357,41.0408,0.));
#22375=CARTESIAN_POINT('Origin',(65.7352,41.0408,0.));
#22376=CARTESIAN_POINT('',(65.7352,41.0408,0.));
#22377=CARTESIAN_POINT('',(66.5357,41.0408,0.));
#22378=CARTESIAN_POINT('',(65.7352,41.0408,3.));
#22379=CARTESIAN_POINT('',(66.5357,41.0408,3.));
#22380=CARTESIAN_POINT('',(65.7352,41.0408,0.));
#22381=CARTESIAN_POINT('Origin',(65.7352,42.0412,0.));
#22382=CARTESIAN_POINT('',(65.7352,42.0412,0.));
#22383=CARTESIAN_POINT('',(65.7352,41.0408,0.));
#22384=CARTESIAN_POINT('',(65.7352,42.0412,3.));
#22385=CARTESIAN_POINT('',(65.7352,41.0408,3.));
#22386=CARTESIAN_POINT('',(65.7352,42.0412,0.));
#22387=CARTESIAN_POINT('Origin',(51.7356,42.0412,0.));
#22388=CARTESIAN_POINT('',(65.7352,42.0412,0.));
#22389=CARTESIAN_POINT('',(65.7352,42.0412,3.));
#22390=CARTESIAN_POINT('Origin',(51.7356,60.0908,0.));
#22391=CARTESIAN_POINT('',(51.7356,60.0908,0.));
#22392=CARTESIAN_POINT('',(51.7356,61.0912,0.));
#22393=CARTESIAN_POINT('',(51.7356,61.0912,0.));
#22394=CARTESIAN_POINT('',(51.7356,61.0912,3.));
#22395=CARTESIAN_POINT('',(51.7356,61.0912,0.));
#22396=CARTESIAN_POINT('',(51.7356,60.0908,3.));
#22397=CARTESIAN_POINT('',(51.7356,61.0912,3.));
#22398=CARTESIAN_POINT('',(51.7356,60.0908,0.));
#22399=CARTESIAN_POINT('Origin',(50.9351,60.0908,0.));
#22400=CARTESIAN_POINT('',(50.9351,60.0908,0.));
#22401=CARTESIAN_POINT('',(51.7356,60.0908,0.));
#22402=CARTESIAN_POINT('',(50.9351,60.0908,3.));
#22403=CARTESIAN_POINT('',(51.7356,60.0908,3.));
#22404=CARTESIAN_POINT('',(50.9351,60.0908,0.));
#22405=CARTESIAN_POINT('Origin',(50.9351,56.9916,0.));
#22406=CARTESIAN_POINT('',(50.9351,56.9916,0.));
#22407=CARTESIAN_POINT('',(50.9351,60.0908,0.));
#22408=CARTESIAN_POINT('',(50.9351,56.9916,3.));
#22409=CARTESIAN_POINT('',(50.9351,60.0908,3.));
#22410=CARTESIAN_POINT('',(50.9351,56.9916,0.));
#22411=CARTESIAN_POINT('Origin',(51.7356,56.9916,0.));
#22412=CARTESIAN_POINT('',(51.7356,56.9916,0.));
#22413=CARTESIAN_POINT('',(50.9351,56.9916,0.));
#22414=CARTESIAN_POINT('',(51.7356,56.9916,3.));
#22415=CARTESIAN_POINT('',(50.9351,56.9916,3.));
#22416=CARTESIAN_POINT('',(51.7356,56.9916,0.));
#22417=CARTESIAN_POINT('Origin',(51.7356,51.1912,0.));
#22418=CARTESIAN_POINT('',(51.7356,51.1912,0.));
#22419=CARTESIAN_POINT('',(51.7356,56.9916,0.));
#22420=CARTESIAN_POINT('',(51.7356,51.1912,3.));
#22421=CARTESIAN_POINT('',(51.7356,56.9916,3.));
#22422=CARTESIAN_POINT('',(51.7356,51.1912,0.));
#22423=CARTESIAN_POINT('Origin',(50.9351,51.1912,0.));
#22424=CARTESIAN_POINT('',(50.9351,51.1912,0.));
#22425=CARTESIAN_POINT('',(51.7356,51.1912,0.));
#22426=CARTESIAN_POINT('',(50.9351,51.1912,3.));
#22427=CARTESIAN_POINT('',(51.7356,51.1912,3.));
#22428=CARTESIAN_POINT('',(50.9351,51.1912,0.));
#22429=CARTESIAN_POINT('Origin',(50.9351,48.0907,0.));
#22430=CARTESIAN_POINT('',(50.9351,48.0907,0.));
#22431=CARTESIAN_POINT('',(50.9351,51.1912,0.));
#22432=CARTESIAN_POINT('',(50.9351,48.0907,3.));
#22433=CARTESIAN_POINT('',(50.9351,51.1912,3.));
#22434=CARTESIAN_POINT('',(50.9351,48.0907,0.));
#22435=CARTESIAN_POINT('Origin',(51.7356,48.0907,0.));
#22436=CARTESIAN_POINT('',(51.7356,48.0907,0.));
#22437=CARTESIAN_POINT('',(50.9351,48.0907,0.));
#22438=CARTESIAN_POINT('',(51.7356,48.0907,3.));
#22439=CARTESIAN_POINT('',(50.9351,48.0907,3.));
#22440=CARTESIAN_POINT('',(51.7356,48.0907,0.));
#22441=CARTESIAN_POINT('Origin',(51.7356,47.0916,0.));
#22442=CARTESIAN_POINT('',(51.7356,47.0916,0.));
#22443=CARTESIAN_POINT('',(51.7356,48.0907,0.));
#22444=CARTESIAN_POINT('',(51.7356,47.0916,3.));
#22445=CARTESIAN_POINT('',(51.7356,48.0907,3.));
#22446=CARTESIAN_POINT('',(51.7356,47.0916,0.));
#22447=CARTESIAN_POINT('Origin',(65.7352,47.0916,0.));
#22448=CARTESIAN_POINT('',(65.7352,47.0916,0.));
#22449=CARTESIAN_POINT('',(51.7356,47.0916,0.));
#22450=CARTESIAN_POINT('',(65.7352,47.0916,3.));
#22451=CARTESIAN_POINT('',(51.7356,47.0916,3.));
#22452=CARTESIAN_POINT('',(65.7352,47.0916,0.));
#22453=CARTESIAN_POINT('Origin',(65.7352,48.0907,0.));
#22454=CARTESIAN_POINT('',(65.7352,48.0907,0.));
#22455=CARTESIAN_POINT('',(65.7352,47.0916,0.));
#22456=CARTESIAN_POINT('',(65.7352,48.0907,3.));
#22457=CARTESIAN_POINT('',(65.7352,47.0916,3.));
#22458=CARTESIAN_POINT('',(65.7352,48.0907,0.));
#22459=CARTESIAN_POINT('Origin',(66.5357,48.0907,0.));
#22460=CARTESIAN_POINT('',(66.5357,48.0907,0.));
#22461=CARTESIAN_POINT('',(65.7352,48.0907,0.));
#22462=CARTESIAN_POINT('',(66.5357,48.0907,3.));
#22463=CARTESIAN_POINT('',(65.7352,48.0907,3.));
#22464=CARTESIAN_POINT('',(66.5357,48.0907,0.));
#22465=CARTESIAN_POINT('Origin',(66.5357,51.1912,0.));
#22466=CARTESIAN_POINT('',(66.5357,51.1912,0.));
#22467=CARTESIAN_POINT('',(66.5357,48.0907,0.));
#22468=CARTESIAN_POINT('',(66.5357,51.1912,3.));
#22469=CARTESIAN_POINT('',(66.5357,48.0907,3.));
#22470=CARTESIAN_POINT('',(66.5357,51.1912,0.));
#22471=CARTESIAN_POINT('Origin',(65.7352,51.1912,0.));
#22472=CARTESIAN_POINT('',(65.7352,51.1912,0.));
#22473=CARTESIAN_POINT('',(66.5357,51.1912,0.));
#22474=CARTESIAN_POINT('',(65.7352,51.1912,3.));
#22475=CARTESIAN_POINT('',(66.5357,51.1912,3.));
#22476=CARTESIAN_POINT('',(65.7352,51.1912,0.));
#22477=CARTESIAN_POINT('Origin',(65.7352,56.9916,0.));
#22478=CARTESIAN_POINT('',(65.7352,56.9916,0.));
#22479=CARTESIAN_POINT('',(65.7352,51.1912,0.));
#22480=CARTESIAN_POINT('',(65.7352,56.9916,3.));
#22481=CARTESIAN_POINT('',(65.7352,51.1912,3.));
#22482=CARTESIAN_POINT('',(65.7352,56.9916,0.));
#22483=CARTESIAN_POINT('Origin',(66.5357,56.9916,0.));
#22484=CARTESIAN_POINT('',(66.5357,56.9916,0.));
#22485=CARTESIAN_POINT('',(65.7352,56.9916,0.));
#22486=CARTESIAN_POINT('',(66.5357,56.9916,3.));
#22487=CARTESIAN_POINT('',(65.7352,56.9916,3.));
#22488=CARTESIAN_POINT('',(66.5357,56.9916,0.));
#22489=CARTESIAN_POINT('Origin',(66.5357,60.0908,0.));
#22490=CARTESIAN_POINT('',(66.5357,60.0908,0.));
#22491=CARTESIAN_POINT('',(66.5357,56.9916,0.));
#22492=CARTESIAN_POINT('',(66.5357,60.0908,3.));
#22493=CARTESIAN_POINT('',(66.5357,56.9916,3.));
#22494=CARTESIAN_POINT('',(66.5357,60.0908,0.));
#22495=CARTESIAN_POINT('Origin',(65.7352,60.0908,0.));
#22496=CARTESIAN_POINT('',(65.7352,60.0908,0.));
#22497=CARTESIAN_POINT('',(66.5357,60.0908,0.));
#22498=CARTESIAN_POINT('',(65.7352,60.0908,3.));
#22499=CARTESIAN_POINT('',(66.5357,60.0908,3.));
#22500=CARTESIAN_POINT('',(65.7352,60.0908,0.));
#22501=CARTESIAN_POINT('Origin',(65.7352,61.0912,0.));
#22502=CARTESIAN_POINT('',(65.7352,61.0912,0.));
#22503=CARTESIAN_POINT('',(65.7352,60.0908,0.));
#22504=CARTESIAN_POINT('',(65.7352,61.0912,3.));
#22505=CARTESIAN_POINT('',(65.7352,60.0908,3.));
#22506=CARTESIAN_POINT('',(65.7352,61.0912,0.));
#22507=CARTESIAN_POINT('Origin',(51.7356,61.0912,0.));
#22508=CARTESIAN_POINT('',(65.7352,61.0912,0.));
#22509=CARTESIAN_POINT('',(65.7352,61.0912,3.));
#22510=CARTESIAN_POINT('Origin',(51.7356,21.9907,0.));
#22511=CARTESIAN_POINT('',(51.7356,21.9907,0.));
#22512=CARTESIAN_POINT('',(51.7356,22.9912,0.));
#22513=CARTESIAN_POINT('',(51.7356,22.9912,0.));
#22514=CARTESIAN_POINT('',(51.7356,22.9912,3.));
#22515=CARTESIAN_POINT('',(51.7356,22.9912,0.));
#22516=CARTESIAN_POINT('',(51.7356,21.9907,3.));
#22517=CARTESIAN_POINT('',(51.7356,22.9912,3.));
#22518=CARTESIAN_POINT('',(51.7356,21.9907,0.));
#22519=CARTESIAN_POINT('Origin',(50.9351,21.9907,0.));
#22520=CARTESIAN_POINT('',(50.9351,21.9907,0.));
#22521=CARTESIAN_POINT('',(51.7356,21.9907,0.));
#22522=CARTESIAN_POINT('',(50.9351,21.9907,3.));
#22523=CARTESIAN_POINT('',(51.7356,21.9907,3.));
#22524=CARTESIAN_POINT('',(50.9351,21.9907,0.));
#22525=CARTESIAN_POINT('Origin',(50.9351,18.8915,0.));
#22526=CARTESIAN_POINT('',(50.9351,18.8915,0.));
#22527=CARTESIAN_POINT('',(50.9351,21.9907,0.));
#22528=CARTESIAN_POINT('',(50.9351,18.8915,3.));
#22529=CARTESIAN_POINT('',(50.9351,21.9907,3.));
#22530=CARTESIAN_POINT('',(50.9351,18.8915,0.));
#22531=CARTESIAN_POINT('Origin',(51.7356,18.8915,0.));
#22532=CARTESIAN_POINT('',(51.7356,18.8915,0.));
#22533=CARTESIAN_POINT('',(50.9351,18.8915,0.));
#22534=CARTESIAN_POINT('',(51.7356,18.8915,3.));
#22535=CARTESIAN_POINT('',(50.9351,18.8915,3.));
#22536=CARTESIAN_POINT('',(51.7356,18.8915,0.));
#22537=CARTESIAN_POINT('Origin',(51.7356,13.0914,0.));
#22538=CARTESIAN_POINT('',(51.7356,13.0914,0.));
#22539=CARTESIAN_POINT('',(51.7356,18.8915,0.));
#22540=CARTESIAN_POINT('',(51.7356,13.0914,3.));
#22541=CARTESIAN_POINT('',(51.7356,18.8915,3.));
#22542=CARTESIAN_POINT('',(51.7356,13.0914,0.));
#22543=CARTESIAN_POINT('Origin',(50.9351,13.0914,0.));
#22544=CARTESIAN_POINT('',(50.9351,13.0914,0.));
#22545=CARTESIAN_POINT('',(51.7356,13.0914,0.));
#22546=CARTESIAN_POINT('',(50.9351,13.0914,3.));
#22547=CARTESIAN_POINT('',(51.7356,13.0914,3.));
#22548=CARTESIAN_POINT('',(50.9351,13.0914,0.));
#22549=CARTESIAN_POINT('Origin',(50.9351,9.99077,0.));
#22550=CARTESIAN_POINT('',(50.9351,9.99077,0.));
#22551=CARTESIAN_POINT('',(50.9351,13.0914,0.));
#22552=CARTESIAN_POINT('',(50.9351,9.99077,3.));
#22553=CARTESIAN_POINT('',(50.9351,13.0914,3.));
#22554=CARTESIAN_POINT('',(50.9351,9.99077,0.));
#22555=CARTESIAN_POINT('Origin',(51.7356,9.99077,0.));
#22556=CARTESIAN_POINT('',(51.7356,9.99077,0.));
#22557=CARTESIAN_POINT('',(50.9351,9.99077,0.));
#22558=CARTESIAN_POINT('',(51.7356,9.99077,3.));
#22559=CARTESIAN_POINT('',(50.9351,9.99077,3.));
#22560=CARTESIAN_POINT('',(51.7356,9.99077,0.));
#22561=CARTESIAN_POINT('Origin',(51.7356,8.99171,0.));
#22562=CARTESIAN_POINT('',(51.7356,8.99171,0.));
#22563=CARTESIAN_POINT('',(51.7356,9.99077,0.));
#22564=CARTESIAN_POINT('',(51.7356,8.99171,3.));
#22565=CARTESIAN_POINT('',(51.7356,9.99077,3.));
#22566=CARTESIAN_POINT('',(51.7356,8.99171,0.));
#22567=CARTESIAN_POINT('Origin',(65.7352,8.99171,0.));
#22568=CARTESIAN_POINT('',(65.7352,8.99171,0.));
#22569=CARTESIAN_POINT('',(51.7356,8.99171,0.));
#22570=CARTESIAN_POINT('',(65.7352,8.99171,3.));
#22571=CARTESIAN_POINT('',(51.7356,8.99171,3.));
#22572=CARTESIAN_POINT('',(65.7352,8.99171,0.));
#22573=CARTESIAN_POINT('Origin',(65.7352,9.99077,0.));
#22574=CARTESIAN_POINT('',(65.7352,9.99077,0.));
#22575=CARTESIAN_POINT('',(65.7352,8.99171,0.));
#22576=CARTESIAN_POINT('',(65.7352,9.99077,3.));
#22577=CARTESIAN_POINT('',(65.7352,8.99171,3.));
#22578=CARTESIAN_POINT('',(65.7352,9.99077,0.));
#22579=CARTESIAN_POINT('Origin',(66.5357,9.99077,0.));
#22580=CARTESIAN_POINT('',(66.5357,9.99077,0.));
#22581=CARTESIAN_POINT('',(65.7352,9.99077,0.));
#22582=CARTESIAN_POINT('',(66.5357,9.99077,3.));
#22583=CARTESIAN_POINT('',(65.7352,9.99077,3.));
#22584=CARTESIAN_POINT('',(66.5357,9.99077,0.));
#22585=CARTESIAN_POINT('Origin',(66.5357,13.0914,0.));
#22586=CARTESIAN_POINT('',(66.5357,13.0914,0.));
#22587=CARTESIAN_POINT('',(66.5357,9.99077,0.));
#22588=CARTESIAN_POINT('',(66.5357,13.0914,3.));
#22589=CARTESIAN_POINT('',(66.5357,9.99077,3.));
#22590=CARTESIAN_POINT('',(66.5357,13.0914,0.));
#22591=CARTESIAN_POINT('Origin',(65.7352,13.0914,0.));
#22592=CARTESIAN_POINT('',(65.7352,13.0914,0.));
#22593=CARTESIAN_POINT('',(66.5357,13.0914,0.));
#22594=CARTESIAN_POINT('',(65.7352,13.0914,3.));
#22595=CARTESIAN_POINT('',(66.5357,13.0914,3.));
#22596=CARTESIAN_POINT('',(65.7352,13.0914,0.));
#22597=CARTESIAN_POINT('Origin',(65.7352,18.8915,0.));
#22598=CARTESIAN_POINT('',(65.7352,18.8915,0.));
#22599=CARTESIAN_POINT('',(65.7352,13.0914,0.));
#22600=CARTESIAN_POINT('',(65.7352,18.8915,3.));
#22601=CARTESIAN_POINT('',(65.7352,13.0914,3.));
#22602=CARTESIAN_POINT('',(65.7352,18.8915,0.));
#22603=CARTESIAN_POINT('Origin',(66.5357,18.8915,0.));
#22604=CARTESIAN_POINT('',(66.5357,18.8915,0.));
#22605=CARTESIAN_POINT('',(65.7352,18.8915,0.));
#22606=CARTESIAN_POINT('',(66.5357,18.8915,3.));
#22607=CARTESIAN_POINT('',(65.7352,18.8915,3.));
#22608=CARTESIAN_POINT('',(66.5357,18.8915,0.));
#22609=CARTESIAN_POINT('Origin',(66.5357,21.9907,0.));
#22610=CARTESIAN_POINT('',(66.5357,21.9907,0.));
#22611=CARTESIAN_POINT('',(66.5357,18.8915,0.));
#22612=CARTESIAN_POINT('',(66.5357,21.9907,3.));
#22613=CARTESIAN_POINT('',(66.5357,18.8915,3.));
#22614=CARTESIAN_POINT('',(66.5357,21.9907,0.));
#22615=CARTESIAN_POINT('Origin',(65.7352,21.9907,0.));
#22616=CARTESIAN_POINT('',(65.7352,21.9907,0.));
#22617=CARTESIAN_POINT('',(66.5357,21.9907,0.));
#22618=CARTESIAN_POINT('',(65.7352,21.9907,3.));
#22619=CARTESIAN_POINT('',(66.5357,21.9907,3.));
#22620=CARTESIAN_POINT('',(65.7352,21.9907,0.));
#22621=CARTESIAN_POINT('Origin',(65.7352,22.9912,0.));
#22622=CARTESIAN_POINT('',(65.7352,22.9912,0.));
#22623=CARTESIAN_POINT('',(65.7352,21.9907,0.));
#22624=CARTESIAN_POINT('',(65.7352,22.9912,3.));
#22625=CARTESIAN_POINT('',(65.7352,21.9907,3.));
#22626=CARTESIAN_POINT('',(65.7352,22.9912,0.));
#22627=CARTESIAN_POINT('Origin',(51.7356,22.9912,0.));
#22628=CARTESIAN_POINT('',(65.7352,22.9912,0.));
#22629=CARTESIAN_POINT('',(65.7352,22.9912,3.));
#22630=CARTESIAN_POINT('Origin',(32.6857,60.0908,0.));
#22631=CARTESIAN_POINT('',(32.6857,60.0908,0.));
#22632=CARTESIAN_POINT('',(32.6857,61.0912,0.));
#22633=CARTESIAN_POINT('',(32.6857,61.0912,0.));
#22634=CARTESIAN_POINT('',(32.6857,61.0912,3.));
#22635=CARTESIAN_POINT('',(32.6857,61.0912,0.));
#22636=CARTESIAN_POINT('',(32.6857,60.0908,3.));
#22637=CARTESIAN_POINT('',(32.6857,61.0912,3.));
#22638=CARTESIAN_POINT('',(32.6857,60.0908,0.));
#22639=CARTESIAN_POINT('Origin',(31.885,60.0908,0.));
#22640=CARTESIAN_POINT('',(31.885,60.0908,0.));
#22641=CARTESIAN_POINT('',(32.6857,60.0908,0.));
#22642=CARTESIAN_POINT('',(31.885,60.0908,3.));
#22643=CARTESIAN_POINT('',(32.6857,60.0908,3.));
#22644=CARTESIAN_POINT('',(31.885,60.0908,0.));
#22645=CARTESIAN_POINT('Origin',(31.885,56.9916,0.));
#22646=CARTESIAN_POINT('',(31.885,56.9916,0.));
#22647=CARTESIAN_POINT('',(31.885,60.0908,0.));
#22648=CARTESIAN_POINT('',(31.885,56.9916,3.));
#22649=CARTESIAN_POINT('',(31.885,60.0908,3.));
#22650=CARTESIAN_POINT('',(31.885,56.9916,0.));
#22651=CARTESIAN_POINT('Origin',(32.6857,56.9916,0.));
#22652=CARTESIAN_POINT('',(32.6857,56.9916,0.));
#22653=CARTESIAN_POINT('',(31.885,56.9916,0.));
#22654=CARTESIAN_POINT('',(32.6857,56.9916,3.));
#22655=CARTESIAN_POINT('',(31.885,56.9916,3.));
#22656=CARTESIAN_POINT('',(32.6857,56.9916,0.));
#22657=CARTESIAN_POINT('Origin',(32.6857,51.1912,0.));
#22658=CARTESIAN_POINT('',(32.6857,51.1912,0.));
#22659=CARTESIAN_POINT('',(32.6857,56.9916,0.));
#22660=CARTESIAN_POINT('',(32.6857,51.1912,3.));
#22661=CARTESIAN_POINT('',(32.6857,56.9916,3.));
#22662=CARTESIAN_POINT('',(32.6857,51.1912,0.));
#22663=CARTESIAN_POINT('Origin',(31.885,51.1912,0.));
#22664=CARTESIAN_POINT('',(31.885,51.1912,0.));
#22665=CARTESIAN_POINT('',(32.6857,51.1912,0.));
#22666=CARTESIAN_POINT('',(31.885,51.1912,3.));
#22667=CARTESIAN_POINT('',(32.6857,51.1912,3.));
#22668=CARTESIAN_POINT('',(31.885,51.1912,0.));
#22669=CARTESIAN_POINT('Origin',(31.885,48.0907,0.));
#22670=CARTESIAN_POINT('',(31.885,48.0907,0.));
#22671=CARTESIAN_POINT('',(31.885,51.1912,0.));
#22672=CARTESIAN_POINT('',(31.885,48.0907,3.));
#22673=CARTESIAN_POINT('',(31.885,51.1912,3.));
#22674=CARTESIAN_POINT('',(31.885,48.0907,0.));
#22675=CARTESIAN_POINT('Origin',(32.6857,48.0907,0.));
#22676=CARTESIAN_POINT('',(32.6857,48.0907,0.));
#22677=CARTESIAN_POINT('',(31.885,48.0907,0.));
#22678=CARTESIAN_POINT('',(32.6857,48.0907,3.));
#22679=CARTESIAN_POINT('',(31.885,48.0907,3.));
#22680=CARTESIAN_POINT('',(32.6857,48.0907,0.));
#22681=CARTESIAN_POINT('Origin',(32.6857,47.0916,0.));
#22682=CARTESIAN_POINT('',(32.6857,47.0916,0.));
#22683=CARTESIAN_POINT('',(32.6857,48.0907,0.));
#22684=CARTESIAN_POINT('',(32.6857,47.0916,3.));
#22685=CARTESIAN_POINT('',(32.6857,48.0907,3.));
#22686=CARTESIAN_POINT('',(32.6857,47.0916,0.));
#22687=CARTESIAN_POINT('Origin',(46.6852,47.0916,0.));
#22688=CARTESIAN_POINT('',(46.6852,47.0916,0.));
#22689=CARTESIAN_POINT('',(32.6857,47.0916,0.));
#22690=CARTESIAN_POINT('',(46.6852,47.0916,3.));
#22691=CARTESIAN_POINT('',(32.6857,47.0916,3.));
#22692=CARTESIAN_POINT('',(46.6852,47.0916,0.));
#22693=CARTESIAN_POINT('Origin',(46.6852,48.0907,0.));
#22694=CARTESIAN_POINT('',(46.6852,48.0907,0.));
#22695=CARTESIAN_POINT('',(46.6852,47.0916,0.));
#22696=CARTESIAN_POINT('',(46.6852,48.0907,3.));
#22697=CARTESIAN_POINT('',(46.6852,47.0916,3.));
#22698=CARTESIAN_POINT('',(46.6852,48.0907,0.));
#22699=CARTESIAN_POINT('Origin',(47.4857,48.0907,0.));
#22700=CARTESIAN_POINT('',(47.4857,48.0907,0.));
#22701=CARTESIAN_POINT('',(46.6852,48.0907,0.));
#22702=CARTESIAN_POINT('',(47.4857,48.0907,3.));
#22703=CARTESIAN_POINT('',(46.6852,48.0907,3.));
#22704=CARTESIAN_POINT('',(47.4857,48.0907,0.));
#22705=CARTESIAN_POINT('Origin',(47.4857,51.1912,0.));
#22706=CARTESIAN_POINT('',(47.4857,51.1912,0.));
#22707=CARTESIAN_POINT('',(47.4857,48.0907,0.));
#22708=CARTESIAN_POINT('',(47.4857,51.1912,3.));
#22709=CARTESIAN_POINT('',(47.4857,48.0907,3.));
#22710=CARTESIAN_POINT('',(47.4857,51.1912,0.));
#22711=CARTESIAN_POINT('Origin',(46.6852,51.1912,0.));
#22712=CARTESIAN_POINT('',(46.6852,51.1912,0.));
#22713=CARTESIAN_POINT('',(47.4857,51.1912,0.));
#22714=CARTESIAN_POINT('',(46.6852,51.1912,3.));
#22715=CARTESIAN_POINT('',(47.4857,51.1912,3.));
#22716=CARTESIAN_POINT('',(46.6852,51.1912,0.));
#22717=CARTESIAN_POINT('Origin',(46.6852,56.9916,0.));
#22718=CARTESIAN_POINT('',(46.6852,56.9916,0.));
#22719=CARTESIAN_POINT('',(46.6852,51.1912,0.));
#22720=CARTESIAN_POINT('',(46.6852,56.9916,3.));
#22721=CARTESIAN_POINT('',(46.6852,51.1912,3.));
#22722=CARTESIAN_POINT('',(46.6852,56.9916,0.));
#22723=CARTESIAN_POINT('Origin',(47.4857,56.9916,0.));
#22724=CARTESIAN_POINT('',(47.4857,56.9916,0.));
#22725=CARTESIAN_POINT('',(46.6852,56.9916,0.));
#22726=CARTESIAN_POINT('',(47.4857,56.9916,3.));
#22727=CARTESIAN_POINT('',(46.6852,56.9916,3.));
#22728=CARTESIAN_POINT('',(47.4857,56.9916,0.));
#22729=CARTESIAN_POINT('Origin',(47.4857,60.0908,0.));
#22730=CARTESIAN_POINT('',(47.4857,60.0908,0.));
#22731=CARTESIAN_POINT('',(47.4857,56.9916,0.));
#22732=CARTESIAN_POINT('',(47.4857,60.0908,3.));
#22733=CARTESIAN_POINT('',(47.4857,56.9916,3.));
#22734=CARTESIAN_POINT('',(47.4857,60.0908,0.));
#22735=CARTESIAN_POINT('Origin',(46.6852,60.0908,0.));
#22736=CARTESIAN_POINT('',(46.6852,60.0908,0.));
#22737=CARTESIAN_POINT('',(47.4857,60.0908,0.));
#22738=CARTESIAN_POINT('',(46.6852,60.0908,3.));
#22739=CARTESIAN_POINT('',(47.4857,60.0908,3.));
#22740=CARTESIAN_POINT('',(46.6852,60.0908,0.));
#22741=CARTESIAN_POINT('Origin',(46.6852,61.0912,0.));
#22742=CARTESIAN_POINT('',(46.6852,61.0912,0.));
#22743=CARTESIAN_POINT('',(46.6852,60.0908,0.));
#22744=CARTESIAN_POINT('',(46.6852,61.0912,3.));
#22745=CARTESIAN_POINT('',(46.6852,60.0908,3.));
#22746=CARTESIAN_POINT('',(46.6852,61.0912,0.));
#22747=CARTESIAN_POINT('Origin',(32.6857,61.0912,0.));
#22748=CARTESIAN_POINT('',(46.6852,61.0912,0.));
#22749=CARTESIAN_POINT('',(46.6852,61.0912,3.));
#22750=CARTESIAN_POINT('Origin',(77.6912,94.0964,0.));
#22751=CARTESIAN_POINT('',(2.59485,94.0964,0.));
#22752=CARTESIAN_POINT('',(77.6912,94.0964,0.));
#22753=CARTESIAN_POINT('',(2.59485,94.0964,0.));
#22754=CARTESIAN_POINT('',(2.59485,94.0964,3.));
#22755=CARTESIAN_POINT('',(2.59485,94.0964,0.));
#22756=CARTESIAN_POINT('',(77.6912,94.0964,3.));
#22757=CARTESIAN_POINT('',(2.59485,94.0964,3.));
#22758=CARTESIAN_POINT('',(77.6912,94.0964,0.));
#22759=CARTESIAN_POINT('Origin',(77.888,94.0897,0.));
#22760=CARTESIAN_POINT('',(77.888,94.0897,0.));
#22761=CARTESIAN_POINT('',(77.6912,94.0964,0.));
#22762=CARTESIAN_POINT('',(77.888,94.0897,3.));
#22763=CARTESIAN_POINT('',(77.6912,94.0964,3.));
#22764=CARTESIAN_POINT('',(77.888,94.0897,0.));
#22765=CARTESIAN_POINT('Origin',(78.0824,94.0664,0.));
#22766=CARTESIAN_POINT('',(78.0824,94.0664,0.));
#22767=CARTESIAN_POINT('',(77.888,94.0897,0.));
#22768=CARTESIAN_POINT('',(78.0824,94.0664,3.));
#22769=CARTESIAN_POINT('',(77.888,94.0897,3.));
#22770=CARTESIAN_POINT('',(78.0824,94.0664,0.));
#22771=CARTESIAN_POINT('Origin',(78.274,94.0276,0.));
#22772=CARTESIAN_POINT('',(78.274,94.0276,0.));
#22773=CARTESIAN_POINT('',(78.0824,94.0664,0.));
#22774=CARTESIAN_POINT('',(78.274,94.0276,3.));
#22775=CARTESIAN_POINT('',(78.0824,94.0664,3.));
#22776=CARTESIAN_POINT('',(78.274,94.0276,0.));
#22777=CARTESIAN_POINT('Origin',(78.4641,93.974,0.));
#22778=CARTESIAN_POINT('',(78.4641,93.974,0.));
#22779=CARTESIAN_POINT('',(78.274,94.0276,0.));
#22780=CARTESIAN_POINT('',(78.4641,93.974,3.));
#22781=CARTESIAN_POINT('',(78.274,94.0276,3.));
#22782=CARTESIAN_POINT('',(78.4641,93.974,0.));
#22783=CARTESIAN_POINT('Origin',(78.6476,93.9063,0.));
#22784=CARTESIAN_POINT('',(78.6476,93.9063,0.));
#22785=CARTESIAN_POINT('',(78.4641,93.974,0.));
#22786=CARTESIAN_POINT('',(78.6476,93.9063,3.));
#22787=CARTESIAN_POINT('',(78.4641,93.974,3.));
#22788=CARTESIAN_POINT('',(78.6476,93.9063,0.));
#22789=CARTESIAN_POINT('Origin',(78.825,93.8237,0.));
#22790=CARTESIAN_POINT('',(78.825,93.8237,0.));
#22791=CARTESIAN_POINT('',(78.6476,93.9063,0.));
#22792=CARTESIAN_POINT('',(78.825,93.8237,3.));
#22793=CARTESIAN_POINT('',(78.6476,93.9063,3.));
#22794=CARTESIAN_POINT('',(78.825,93.8237,0.));
#22795=CARTESIAN_POINT('Origin',(78.9975,93.7288,0.));
#22796=CARTESIAN_POINT('',(78.9975,93.7288,0.));
#22797=CARTESIAN_POINT('',(78.825,93.8237,0.));
#22798=CARTESIAN_POINT('',(78.9975,93.7288,3.));
#22799=CARTESIAN_POINT('',(78.825,93.8237,3.));
#22800=CARTESIAN_POINT('',(78.9975,93.7288,0.));
#22801=CARTESIAN_POINT('Origin',(79.1602,93.6198,0.));
#22802=CARTESIAN_POINT('',(79.1602,93.6198,0.));
#22803=CARTESIAN_POINT('',(78.9975,93.7288,0.));
#22804=CARTESIAN_POINT('',(79.1602,93.6198,3.));
#22805=CARTESIAN_POINT('',(78.9975,93.7288,3.));
#22806=CARTESIAN_POINT('',(79.1602,93.6198,0.));
#22807=CARTESIAN_POINT('Origin',(79.3143,93.4985,0.));
#22808=CARTESIAN_POINT('',(79.3143,93.4985,0.));
#22809=CARTESIAN_POINT('',(79.1602,93.6198,0.));
#22810=CARTESIAN_POINT('',(79.3143,93.4985,3.));
#22811=CARTESIAN_POINT('',(79.1602,93.6198,3.));
#22812=CARTESIAN_POINT('',(79.3143,93.4985,0.));
#22813=CARTESIAN_POINT('Origin',(79.459,93.3648,0.));
#22814=CARTESIAN_POINT('',(79.459,93.3648,0.));
#22815=CARTESIAN_POINT('',(79.3143,93.4985,0.));
#22816=CARTESIAN_POINT('',(79.459,93.3648,3.));
#22817=CARTESIAN_POINT('',(79.3143,93.4985,3.));
#22818=CARTESIAN_POINT('',(79.459,93.3648,0.));
#22819=CARTESIAN_POINT('Origin',(79.5927,93.2201,0.));
#22820=CARTESIAN_POINT('',(79.5927,93.2201,0.));
#22821=CARTESIAN_POINT('',(79.459,93.3648,0.));
#22822=CARTESIAN_POINT('',(79.5927,93.2201,3.));
#22823=CARTESIAN_POINT('',(79.459,93.3648,3.));
#22824=CARTESIAN_POINT('',(79.5927,93.2201,0.));
#22825=CARTESIAN_POINT('Origin',(79.714,93.0659,0.));
#22826=CARTESIAN_POINT('',(79.714,93.0659,0.));
#22827=CARTESIAN_POINT('',(79.5927,93.2201,0.));
#22828=CARTESIAN_POINT('',(79.714,93.0659,3.));
#22829=CARTESIAN_POINT('',(79.5927,93.2201,3.));
#22830=CARTESIAN_POINT('',(79.714,93.0659,0.));
#22831=CARTESIAN_POINT('Origin',(79.823,92.9033,0.));
#22832=CARTESIAN_POINT('',(79.823,92.9033,0.));
#22833=CARTESIAN_POINT('',(79.714,93.0659,0.));
#22834=CARTESIAN_POINT('',(79.823,92.9033,3.));
#22835=CARTESIAN_POINT('',(79.714,93.0659,3.));
#22836=CARTESIAN_POINT('',(79.823,92.9033,0.));
#22837=CARTESIAN_POINT('Origin',(79.9179,92.7308,0.));
#22838=CARTESIAN_POINT('',(79.9179,92.7308,0.));
#22839=CARTESIAN_POINT('',(79.823,92.9033,0.));
#22840=CARTESIAN_POINT('',(79.9179,92.7308,3.));
#22841=CARTESIAN_POINT('',(79.823,92.9033,3.));
#22842=CARTESIAN_POINT('',(79.9179,92.7308,0.));
#22843=CARTESIAN_POINT('Origin',(80.0005,92.553,0.));
#22844=CARTESIAN_POINT('',(80.0005,92.553,0.));
#22845=CARTESIAN_POINT('',(79.9179,92.7308,0.));
#22846=CARTESIAN_POINT('',(80.0005,92.553,3.));
#22847=CARTESIAN_POINT('',(79.9179,92.7308,3.));
#22848=CARTESIAN_POINT('',(80.0005,92.553,0.));
#22849=CARTESIAN_POINT('Origin',(80.0682,92.3685,0.));
#22850=CARTESIAN_POINT('',(80.0682,92.3685,0.));
#22851=CARTESIAN_POINT('',(80.0005,92.553,0.));
#22852=CARTESIAN_POINT('',(80.0682,92.3685,3.));
#22853=CARTESIAN_POINT('',(80.0005,92.553,3.));
#22854=CARTESIAN_POINT('',(80.0682,92.3685,0.));
#22855=CARTESIAN_POINT('Origin',(80.1218,92.1798,0.));
#22856=CARTESIAN_POINT('',(80.1218,92.1798,0.));
#22857=CARTESIAN_POINT('',(80.0682,92.3685,0.));
#22858=CARTESIAN_POINT('',(80.1218,92.1798,3.));
#22859=CARTESIAN_POINT('',(80.0682,92.3685,3.));
#22860=CARTESIAN_POINT('',(80.1218,92.1798,0.));
#22861=CARTESIAN_POINT('Origin',(80.1606,91.9882,0.));
#22862=CARTESIAN_POINT('',(80.1606,91.9882,0.));
#22863=CARTESIAN_POINT('',(80.1218,92.1798,0.));
#22864=CARTESIAN_POINT('',(80.1606,91.9882,3.));
#22865=CARTESIAN_POINT('',(80.1218,92.1798,3.));
#22866=CARTESIAN_POINT('',(80.1606,91.9882,0.));
#22867=CARTESIAN_POINT('Origin',(80.1839,91.7924,0.));
#22868=CARTESIAN_POINT('',(80.1839,91.7924,0.));
#22869=CARTESIAN_POINT('',(80.1606,91.9882,0.));
#22870=CARTESIAN_POINT('',(80.1839,91.7924,3.));
#22871=CARTESIAN_POINT('',(80.1606,91.9882,3.));
#22872=CARTESIAN_POINT('',(80.1839,91.7924,0.));
#22873=CARTESIAN_POINT('Origin',(80.192,91.597,0.));
#22874=CARTESIAN_POINT('',(80.192,91.597,0.));
#22875=CARTESIAN_POINT('',(80.1839,91.7924,0.));
#22876=CARTESIAN_POINT('',(80.192,91.597,3.));
#22877=CARTESIAN_POINT('',(80.1839,91.7924,3.));
#22878=CARTESIAN_POINT('',(80.192,91.597,0.));
#22879=CARTESIAN_POINT('Origin',(80.192,2.61552,0.));
#22880=CARTESIAN_POINT('',(80.192,2.61552,0.));
#22881=CARTESIAN_POINT('',(80.192,91.597,0.));
#22882=CARTESIAN_POINT('',(80.192,2.61552,3.));
#22883=CARTESIAN_POINT('',(80.192,91.597,3.));
#22884=CARTESIAN_POINT('',(80.192,2.61552,0.));
#22885=CARTESIAN_POINT('Origin',(80.1839,2.41984,0.));
#22886=CARTESIAN_POINT('',(80.1839,2.41984,0.));
#22887=CARTESIAN_POINT('',(80.192,2.61552,0.));
#22888=CARTESIAN_POINT('',(80.1839,2.41984,3.));
#22889=CARTESIAN_POINT('',(80.192,2.61552,3.));
#22890=CARTESIAN_POINT('',(80.1839,2.41984,0.));
#22891=CARTESIAN_POINT('Origin',(80.1606,2.22415,0.));
#22892=CARTESIAN_POINT('',(80.1606,2.22415,0.));
#22893=CARTESIAN_POINT('',(80.1839,2.41984,0.));
#22894=CARTESIAN_POINT('',(80.1606,2.22415,3.));
#22895=CARTESIAN_POINT('',(80.1839,2.41984,3.));
#22896=CARTESIAN_POINT('',(80.1606,2.22415,0.));
#22897=CARTESIAN_POINT('Origin',(80.1218,2.03261,0.));
#22898=CARTESIAN_POINT('',(80.1218,2.03261,0.));
#22899=CARTESIAN_POINT('',(80.1606,2.22415,0.));
#22900=CARTESIAN_POINT('',(80.1218,2.03261,3.));
#22901=CARTESIAN_POINT('',(80.1606,2.22415,3.));
#22902=CARTESIAN_POINT('',(80.1218,2.03261,0.));
#22903=CARTESIAN_POINT('Origin',(80.0682,1.84381,0.));
#22904=CARTESIAN_POINT('',(80.0682,1.84381,0.));
#22905=CARTESIAN_POINT('',(80.1218,2.03261,0.));
#22906=CARTESIAN_POINT('',(80.0682,1.84381,3.));
#22907=CARTESIAN_POINT('',(80.1218,2.03261,3.));
#22908=CARTESIAN_POINT('',(80.0682,1.84381,0.));
#22909=CARTESIAN_POINT('Origin',(80.0005,1.65916,0.));
#22910=CARTESIAN_POINT('',(80.0005,1.65916,0.));
#22911=CARTESIAN_POINT('',(80.0682,1.84381,0.));
#22912=CARTESIAN_POINT('',(80.0005,1.65916,3.));
#22913=CARTESIAN_POINT('',(80.0682,1.84381,3.));
#22914=CARTESIAN_POINT('',(80.0005,1.65916,0.));
#22915=CARTESIAN_POINT('Origin',(79.9179,1.48139,0.));
#22916=CARTESIAN_POINT('',(79.9179,1.48139,0.));
#22917=CARTESIAN_POINT('',(80.0005,1.65916,0.));
#22918=CARTESIAN_POINT('',(79.9179,1.48139,3.));
#22919=CARTESIAN_POINT('',(80.0005,1.65916,3.));
#22920=CARTESIAN_POINT('',(79.9179,1.48139,0.));
#22921=CARTESIAN_POINT('Origin',(79.823,1.30914,0.));
#22922=CARTESIAN_POINT('',(79.823,1.30914,0.));
#22923=CARTESIAN_POINT('',(79.9179,1.48139,0.));
#22924=CARTESIAN_POINT('',(79.823,1.30914,3.));
#22925=CARTESIAN_POINT('',(79.9179,1.48139,3.));
#22926=CARTESIAN_POINT('',(79.823,1.30914,0.));
#22927=CARTESIAN_POINT('Origin',(79.714,1.14653,0.));
#22928=CARTESIAN_POINT('',(79.714,1.14653,0.));
#22929=CARTESIAN_POINT('',(79.823,1.30914,0.));
#22930=CARTESIAN_POINT('',(79.714,1.14653,3.));
#22931=CARTESIAN_POINT('',(79.823,1.30914,3.));
#22932=CARTESIAN_POINT('',(79.714,1.14653,0.));
#22933=CARTESIAN_POINT('Origin',(79.5927,0.992188,0.));
#22934=CARTESIAN_POINT('',(79.5927,0.992188,0.));
#22935=CARTESIAN_POINT('',(79.714,1.14653,0.));
#22936=CARTESIAN_POINT('',(79.5927,0.992188000000001,3.));
#22937=CARTESIAN_POINT('',(79.714,1.14653,3.));
#22938=CARTESIAN_POINT('',(79.5927,0.992188,0.));
#22939=CARTESIAN_POINT('Origin',(79.459,0.847492,0.));
#22940=CARTESIAN_POINT('',(79.459,0.847492,0.));
#22941=CARTESIAN_POINT('',(79.5927,0.992188,0.));
#22942=CARTESIAN_POINT('',(79.459,0.847492000000001,3.));
#22943=CARTESIAN_POINT('',(79.5927,0.992188,3.));
#22944=CARTESIAN_POINT('',(79.459,0.847492,0.));
#22945=CARTESIAN_POINT('Origin',(79.3143,0.713825,0.));
#22946=CARTESIAN_POINT('',(79.3143,0.713825,0.));
#22947=CARTESIAN_POINT('',(79.459,0.847492,0.));
#22948=CARTESIAN_POINT('',(79.3143,0.713825000000003,3.));
#22949=CARTESIAN_POINT('',(79.459,0.847492,3.));
#22950=CARTESIAN_POINT('',(79.3143,0.713825,0.));
#22951=CARTESIAN_POINT('Origin',(79.1602,0.592557,0.));
#22952=CARTESIAN_POINT('',(79.1602,0.592557,0.));
#22953=CARTESIAN_POINT('',(79.3143,0.713825,0.));
#22954=CARTESIAN_POINT('',(79.1602,0.592556999999996,3.));
#22955=CARTESIAN_POINT('',(79.3143,0.713825,3.));
#22956=CARTESIAN_POINT('',(79.1602,0.592557,0.));
#22957=CARTESIAN_POINT('Origin',(78.9975,0.48369,0.));
#22958=CARTESIAN_POINT('',(78.9975,0.48369,0.));
#22959=CARTESIAN_POINT('',(79.1602,0.592557,0.));
#22960=CARTESIAN_POINT('',(78.9975,0.483690000000001,3.));
#22961=CARTESIAN_POINT('',(79.1602,0.592557,3.));
#22962=CARTESIAN_POINT('',(78.9975,0.48369,0.));
#22963=CARTESIAN_POINT('Origin',(78.825,0.388606,0.));
#22964=CARTESIAN_POINT('',(78.825,0.388606,0.));
#22965=CARTESIAN_POINT('',(78.9975,0.48369,0.));
#22966=CARTESIAN_POINT('',(78.825,0.388605999999996,3.));
#22967=CARTESIAN_POINT('',(78.9975,0.48369,3.));
#22968=CARTESIAN_POINT('',(78.825,0.388606,0.));
#22969=CARTESIAN_POINT('Origin',(78.6476,0.305925,0.));
#22970=CARTESIAN_POINT('',(78.6476,0.305925,0.));
#22971=CARTESIAN_POINT('',(78.825,0.388606,0.));
#22972=CARTESIAN_POINT('',(78.6476,0.305925,3.));
#22973=CARTESIAN_POINT('',(78.825,0.388606,3.));
#22974=CARTESIAN_POINT('',(78.6476,0.305925,0.));
#22975=CARTESIAN_POINT('Origin',(78.4641,0.238401,0.));
#22976=CARTESIAN_POINT('',(78.4641,0.238401,0.));
#22977=CARTESIAN_POINT('',(78.6476,0.305925,0.));
#22978=CARTESIAN_POINT('',(78.4641,0.238401000000001,3.));
#22979=CARTESIAN_POINT('',(78.6476,0.305925,3.));
#22980=CARTESIAN_POINT('',(78.4641,0.238401,0.));
#22981=CARTESIAN_POINT('Origin',(78.274,0.184657,0.));
#22982=CARTESIAN_POINT('',(78.274,0.184657,0.));
#22983=CARTESIAN_POINT('',(78.4641,0.238401,0.));
#22984=CARTESIAN_POINT('',(78.274,0.184657000000001,3.));
#22985=CARTESIAN_POINT('',(78.4641,0.238401,3.));
#22986=CARTESIAN_POINT('',(78.274,0.184657,0.));
#22987=CARTESIAN_POINT('Origin',(78.0824,0.146072,0.));
#22988=CARTESIAN_POINT('',(78.0824,0.146072,0.));
#22989=CARTESIAN_POINT('',(78.274,0.184657,0.));
#22990=CARTESIAN_POINT('',(78.0824,0.146072000000004,3.));
#22991=CARTESIAN_POINT('',(78.274,0.184657,3.));
#22992=CARTESIAN_POINT('',(78.0824,0.146072,0.));
#22993=CARTESIAN_POINT('Origin',(77.888,0.122645,0.));
#22994=CARTESIAN_POINT('',(77.888,0.122645,0.));
#22995=CARTESIAN_POINT('',(78.0824,0.146072,0.));
#22996=CARTESIAN_POINT('',(77.888,0.122644999999997,3.));
#22997=CARTESIAN_POINT('',(78.0824,0.146072,3.));
#22998=CARTESIAN_POINT('',(77.888,0.122645,0.));
#22999=CARTESIAN_POINT('Origin',(77.6912,0.115755,0.));
#23000=CARTESIAN_POINT('',(77.6912,0.115755,0.));
#23001=CARTESIAN_POINT('',(77.888,0.122645,0.));
#23002=CARTESIAN_POINT('',(77.6912,0.115755000000002,3.));
#23003=CARTESIAN_POINT('',(77.888,0.122645,3.));
#23004=CARTESIAN_POINT('',(77.6912,0.115755,0.));
#23005=CARTESIAN_POINT('Origin',(2.59485,0.115755,0.));
#23006=CARTESIAN_POINT('',(2.59485,0.115755,0.));
#23007=CARTESIAN_POINT('',(77.6912,0.115755,0.));
#23008=CARTESIAN_POINT('',(2.59485,0.115755000000002,3.));
#23009=CARTESIAN_POINT('',(77.6912,0.115755,3.));
#23010=CARTESIAN_POINT('',(2.59485,0.115755,0.));
#23011=CARTESIAN_POINT('Origin',(2.39916,0.122645,0.));
#23012=CARTESIAN_POINT('',(2.39916,0.122645,0.));
#23013=CARTESIAN_POINT('',(2.59485,0.115755,0.));
#23014=CARTESIAN_POINT('',(2.39916,0.122644999999997,3.));
#23015=CARTESIAN_POINT('',(2.59485,0.115755,3.));
#23016=CARTESIAN_POINT('',(2.39916,0.122645,0.));
#23017=CARTESIAN_POINT('Origin',(2.20348,0.146072,0.));
#23018=CARTESIAN_POINT('',(2.20348,0.146072,0.));
#23019=CARTESIAN_POINT('',(2.39916,0.122645,0.));
#23020=CARTESIAN_POINT('',(2.20348,0.146072000000004,3.));
#23021=CARTESIAN_POINT('',(2.39916,0.122645,3.));
#23022=CARTESIAN_POINT('',(2.20348,0.146072,0.));
#23023=CARTESIAN_POINT('Origin',(2.01194,0.184657,0.));
#23024=CARTESIAN_POINT('',(2.01194,0.184657,0.));
#23025=CARTESIAN_POINT('',(2.20348,0.146072,0.));
#23026=CARTESIAN_POINT('',(2.01194,0.184657000000001,3.));
#23027=CARTESIAN_POINT('',(2.20348,0.146072,3.));
#23028=CARTESIAN_POINT('',(2.01194,0.184657,0.));
#23029=CARTESIAN_POINT('Origin',(1.82315,0.238401,0.));
#23030=CARTESIAN_POINT('',(1.82315,0.238401,0.));
#23031=CARTESIAN_POINT('',(2.01194,0.184657,0.));
#23032=CARTESIAN_POINT('',(1.82315,0.238401000000001,3.));
#23033=CARTESIAN_POINT('',(2.01194,0.184657,3.));
#23034=CARTESIAN_POINT('',(1.82315,0.238401,0.));
#23035=CARTESIAN_POINT('Origin',(1.63849,0.305925,0.));
#23036=CARTESIAN_POINT('',(1.63849,0.305925,0.));
#23037=CARTESIAN_POINT('',(1.82315,0.238401,0.));
#23038=CARTESIAN_POINT('',(1.63849,0.305925,3.));
#23039=CARTESIAN_POINT('',(1.82315,0.238401,3.));
#23040=CARTESIAN_POINT('',(1.63849,0.305925,0.));
#23041=CARTESIAN_POINT('Origin',(1.46072,0.388606,0.));
#23042=CARTESIAN_POINT('',(1.46072,0.388606,0.));
#23043=CARTESIAN_POINT('',(1.63849,0.305925,0.));
#23044=CARTESIAN_POINT('',(1.46072,0.388605999999996,3.));
#23045=CARTESIAN_POINT('',(1.63849,0.305925,3.));
#23046=CARTESIAN_POINT('',(1.46072,0.388606,0.));
#23047=CARTESIAN_POINT('Origin',(1.28846,0.48369,0.));
#23048=CARTESIAN_POINT('',(1.28846,0.48369,0.));
#23049=CARTESIAN_POINT('',(1.46072,0.388606,0.));
#23050=CARTESIAN_POINT('',(1.28846,0.483690000000001,3.));
#23051=CARTESIAN_POINT('',(1.46072,0.388606,3.));
#23052=CARTESIAN_POINT('',(1.28846,0.48369,0.));
#23053=CARTESIAN_POINT('Origin',(1.12586,0.592557,0.));
#23054=CARTESIAN_POINT('',(1.12586,0.592557,0.));
#23055=CARTESIAN_POINT('',(1.28846,0.48369,0.));
#23056=CARTESIAN_POINT('',(1.12586,0.592556999999996,3.));
#23057=CARTESIAN_POINT('',(1.28846,0.48369,3.));
#23058=CARTESIAN_POINT('',(1.12586,0.592557,0.));
#23059=CARTESIAN_POINT('Origin',(0.971518,0.713825,0.));
#23060=CARTESIAN_POINT('',(0.971518,0.713825,0.));
#23061=CARTESIAN_POINT('',(1.12586,0.592557,0.));
#23062=CARTESIAN_POINT('',(0.971518000000002,0.713825000000003,3.));
#23063=CARTESIAN_POINT('',(1.12586,0.592557,3.));
#23064=CARTESIAN_POINT('',(0.971518,0.713825,0.));
#23065=CARTESIAN_POINT('Origin',(0.826823,0.847492,0.));
#23066=CARTESIAN_POINT('',(0.826823,0.847492,0.));
#23067=CARTESIAN_POINT('',(0.971518,0.713825,0.));
#23068=CARTESIAN_POINT('',(0.826823000000001,0.847492000000001,3.));
#23069=CARTESIAN_POINT('',(0.971518,0.713825,3.));
#23070=CARTESIAN_POINT('',(0.826823,0.847492,0.));
#23071=CARTESIAN_POINT('Origin',(0.693152,0.992188,0.));
#23072=CARTESIAN_POINT('',(0.693152,0.992188,0.));
#23073=CARTESIAN_POINT('',(0.826823,0.847492,0.));
#23074=CARTESIAN_POINT('',(0.693152000000001,0.992188000000001,3.));
#23075=CARTESIAN_POINT('',(0.826823,0.847492,3.));
#23076=CARTESIAN_POINT('',(0.693152,0.992188,0.));
#23077=CARTESIAN_POINT('Origin',(0.571885,1.14653,0.));
#23078=CARTESIAN_POINT('',(0.571885,1.14653,0.));
#23079=CARTESIAN_POINT('',(0.693152,0.992188,0.));
#23080=CARTESIAN_POINT('',(0.571885000000001,1.14653,3.));
#23081=CARTESIAN_POINT('',(0.693152,0.992188,3.));
#23082=CARTESIAN_POINT('',(0.571885,1.14653,0.));
#23083=CARTESIAN_POINT('Origin',(0.463021,1.30914,0.));
#23084=CARTESIAN_POINT('',(0.463021,1.30914,0.));
#23085=CARTESIAN_POINT('',(0.571885,1.14653,0.));
#23086=CARTESIAN_POINT('',(0.463021000000001,1.30914,3.));
#23087=CARTESIAN_POINT('',(0.571885,1.14653,3.));
#23088=CARTESIAN_POINT('',(0.463021,1.30914,0.));
#23089=CARTESIAN_POINT('Origin',(0.367937,1.48139,0.));
#23090=CARTESIAN_POINT('',(0.367937,1.48139,0.));
#23091=CARTESIAN_POINT('',(0.463021,1.30914,0.));
#23092=CARTESIAN_POINT('',(0.367937,1.48139,3.));
#23093=CARTESIAN_POINT('',(0.463021,1.30914,3.));
#23094=CARTESIAN_POINT('',(0.367937,1.48139,0.));
#23095=CARTESIAN_POINT('Origin',(0.285254,1.65916,0.));
#23096=CARTESIAN_POINT('',(0.285254,1.65916,0.));
#23097=CARTESIAN_POINT('',(0.367937,1.48139,0.));
#23098=CARTESIAN_POINT('',(0.285253999999999,1.65916,3.));
#23099=CARTESIAN_POINT('',(0.367937,1.48139,3.));
#23100=CARTESIAN_POINT('',(0.285254,1.65916,0.));
#23101=CARTESIAN_POINT('Origin',(0.21773,1.84381,0.));
#23102=CARTESIAN_POINT('',(0.21773,1.84381,0.));
#23103=CARTESIAN_POINT('',(0.285254,1.65916,0.));
#23104=CARTESIAN_POINT('',(0.21773,1.84381,3.));
#23105=CARTESIAN_POINT('',(0.285254,1.65916,3.));
#23106=CARTESIAN_POINT('',(0.21773,1.84381,0.));
#23107=CARTESIAN_POINT('Origin',(0.163987,2.03261,0.));
#23108=CARTESIAN_POINT('',(0.163987,2.03261,0.));
#23109=CARTESIAN_POINT('',(0.21773,1.84381,0.));
#23110=CARTESIAN_POINT('',(0.163986999999999,2.03261,3.));
#23111=CARTESIAN_POINT('',(0.21773,1.84381,3.));
#23112=CARTESIAN_POINT('',(0.163987,2.03261,0.));
#23113=CARTESIAN_POINT('Origin',(0.125402,2.22415,0.));
#23114=CARTESIAN_POINT('',(0.125402,2.22415,0.));
#23115=CARTESIAN_POINT('',(0.163987,2.03261,0.));
#23116=CARTESIAN_POINT('',(0.125402000000001,2.22415,3.));
#23117=CARTESIAN_POINT('',(0.163987,2.03261,3.));
#23118=CARTESIAN_POINT('',(0.125402,2.22415,0.));
#23119=CARTESIAN_POINT('Origin',(0.101975,2.41984,0.));
#23120=CARTESIAN_POINT('',(0.101975,2.41984,0.));
#23121=CARTESIAN_POINT('',(0.125402,2.22415,0.));
#23122=CARTESIAN_POINT('',(0.101974999999999,2.41984,3.));
#23123=CARTESIAN_POINT('',(0.125402,2.22415,3.));
#23124=CARTESIAN_POINT('',(0.101975,2.41984,0.));
#23125=CARTESIAN_POINT('Origin',(0.0950846,2.61552,0.));
#23126=CARTESIAN_POINT('',(0.0950846,2.61552,0.));
#23127=CARTESIAN_POINT('',(0.101975,2.41984,0.));
#23128=CARTESIAN_POINT('',(0.0950846000000016,2.61552,3.));
#23129=CARTESIAN_POINT('',(0.101975,2.41984,3.));
#23130=CARTESIAN_POINT('',(0.0950846,2.61552,0.));
#23131=CARTESIAN_POINT('Origin',(0.0950846,91.597,0.));
#23132=CARTESIAN_POINT('',(0.0950846,91.597,0.));
#23133=CARTESIAN_POINT('',(0.0950846,2.61552,0.));
#23134=CARTESIAN_POINT('',(0.0950846000000016,91.597,3.));
#23135=CARTESIAN_POINT('',(0.0950846,2.61552,3.));
#23136=CARTESIAN_POINT('',(0.0950846,91.597,0.));
#23137=CARTESIAN_POINT('Origin',(0.101975,91.7924,0.));
#23138=CARTESIAN_POINT('',(0.101975,91.7924,0.));
#23139=CARTESIAN_POINT('',(0.0950846,91.597,0.));
#23140=CARTESIAN_POINT('',(0.101974999999999,91.7924,3.));
#23141=CARTESIAN_POINT('',(0.0950846,91.597,3.));
#23142=CARTESIAN_POINT('',(0.101975,91.7924,0.));
#23143=CARTESIAN_POINT('Origin',(0.125402,91.9882,0.));
#23144=CARTESIAN_POINT('',(0.125402,91.9882,0.));
#23145=CARTESIAN_POINT('',(0.101975,91.7924,0.));
#23146=CARTESIAN_POINT('',(0.125402000000001,91.9882,3.));
#23147=CARTESIAN_POINT('',(0.101975,91.7924,3.));
#23148=CARTESIAN_POINT('',(0.125402,91.9882,0.));
#23149=CARTESIAN_POINT('Origin',(0.163987,92.1798,0.));
#23150=CARTESIAN_POINT('',(0.163987,92.1798,0.));
#23151=CARTESIAN_POINT('',(0.125402,91.9882,0.));
#23152=CARTESIAN_POINT('',(0.163986999999999,92.1798,3.));
#23153=CARTESIAN_POINT('',(0.125402,91.9882,3.));
#23154=CARTESIAN_POINT('',(0.163987,92.1798,0.));
#23155=CARTESIAN_POINT('Origin',(0.21773,92.3685,0.));
#23156=CARTESIAN_POINT('',(0.21773,92.3685,0.));
#23157=CARTESIAN_POINT('',(0.163987,92.1798,0.));
#23158=CARTESIAN_POINT('',(0.21773,92.3685,3.));
#23159=CARTESIAN_POINT('',(0.163987,92.1798,3.));
#23160=CARTESIAN_POINT('',(0.21773,92.3685,0.));
#23161=CARTESIAN_POINT('Origin',(0.285254,92.553,0.));
#23162=CARTESIAN_POINT('',(0.285254,92.553,0.));
#23163=CARTESIAN_POINT('',(0.21773,92.3685,0.));
#23164=CARTESIAN_POINT('',(0.285253999999999,92.553,3.));
#23165=CARTESIAN_POINT('',(0.21773,92.3685,3.));
#23166=CARTESIAN_POINT('',(0.285254,92.553,0.));
#23167=CARTESIAN_POINT('Origin',(0.367937,92.7308,0.));
#23168=CARTESIAN_POINT('',(0.367937,92.7308,0.));
#23169=CARTESIAN_POINT('',(0.285254,92.553,0.));
#23170=CARTESIAN_POINT('',(0.367937,92.7308,3.));
#23171=CARTESIAN_POINT('',(0.285254,92.553,3.));
#23172=CARTESIAN_POINT('',(0.367937,92.7308,0.));
#23173=CARTESIAN_POINT('Origin',(0.463021,92.9033,0.));
#23174=CARTESIAN_POINT('',(0.463021,92.9033,0.));
#23175=CARTESIAN_POINT('',(0.367937,92.7308,0.));
#23176=CARTESIAN_POINT('',(0.463021000000001,92.9033,3.));
#23177=CARTESIAN_POINT('',(0.367937,92.7308,3.));
#23178=CARTESIAN_POINT('',(0.463021,92.9033,0.));
#23179=CARTESIAN_POINT('Origin',(0.571885,93.0659,0.));
#23180=CARTESIAN_POINT('',(0.571885,93.0659,0.));
#23181=CARTESIAN_POINT('',(0.463021,92.9033,0.));
#23182=CARTESIAN_POINT('',(0.571885000000001,93.0659,3.));
#23183=CARTESIAN_POINT('',(0.463021,92.9033,3.));
#23184=CARTESIAN_POINT('',(0.571885,93.0659,0.));
#23185=CARTESIAN_POINT('Origin',(0.693152,93.2201,0.));
#23186=CARTESIAN_POINT('',(0.693152,93.2201,0.));
#23187=CARTESIAN_POINT('',(0.571885,93.0659,0.));
#23188=CARTESIAN_POINT('',(0.693152000000001,93.2201,3.));
#23189=CARTESIAN_POINT('',(0.571885,93.0659,3.));
#23190=CARTESIAN_POINT('',(0.693152,93.2201,0.));
#23191=CARTESIAN_POINT('Origin',(0.826823,93.3648,0.));
#23192=CARTESIAN_POINT('',(0.826823,93.3648,0.));
#23193=CARTESIAN_POINT('',(0.693152,93.2201,0.));
#23194=CARTESIAN_POINT('',(0.826823000000001,93.3648,3.));
#23195=CARTESIAN_POINT('',(0.693152,93.2201,3.));
#23196=CARTESIAN_POINT('',(0.826823,93.3648,0.));
#23197=CARTESIAN_POINT('Origin',(0.971518,93.4985,0.));
#23198=CARTESIAN_POINT('',(0.971518,93.4985,0.));
#23199=CARTESIAN_POINT('',(0.826823,93.3648,0.));
#23200=CARTESIAN_POINT('',(0.971518000000002,93.4985,3.));
#23201=CARTESIAN_POINT('',(0.826823,93.3648,3.));
#23202=CARTESIAN_POINT('',(0.971518,93.4985,0.));
#23203=CARTESIAN_POINT('Origin',(1.12586,93.6198,0.));
#23204=CARTESIAN_POINT('',(1.12586,93.6198,0.));
#23205=CARTESIAN_POINT('',(0.971518,93.4985,0.));
#23206=CARTESIAN_POINT('',(1.12586,93.6198,3.));
#23207=CARTESIAN_POINT('',(0.971518,93.4985,3.));
#23208=CARTESIAN_POINT('',(1.12586,93.6198,0.));
#23209=CARTESIAN_POINT('Origin',(1.28846,93.7288,0.));
#23210=CARTESIAN_POINT('',(1.28846,93.7288,0.));
#23211=CARTESIAN_POINT('',(1.12586,93.6198,0.));
#23212=CARTESIAN_POINT('',(1.28846,93.7288,3.));
#23213=CARTESIAN_POINT('',(1.12586,93.6198,3.));
#23214=CARTESIAN_POINT('',(1.28846,93.7288,0.));
#23215=CARTESIAN_POINT('Origin',(1.46072,93.8237,0.));
#23216=CARTESIAN_POINT('',(1.46072,93.8237,0.));
#23217=CARTESIAN_POINT('',(1.28846,93.7288,0.));
#23218=CARTESIAN_POINT('',(1.46072,93.8237,3.));
#23219=CARTESIAN_POINT('',(1.28846,93.7288,3.));
#23220=CARTESIAN_POINT('',(1.46072,93.8237,0.));
#23221=CARTESIAN_POINT('Origin',(1.63849,93.9063,0.));
#23222=CARTESIAN_POINT('',(1.63849,93.9063,0.));
#23223=CARTESIAN_POINT('',(1.46072,93.8237,0.));
#23224=CARTESIAN_POINT('',(1.63849,93.9063,3.));
#23225=CARTESIAN_POINT('',(1.46072,93.8237,3.));
#23226=CARTESIAN_POINT('',(1.63849,93.9063,0.));
#23227=CARTESIAN_POINT('Origin',(1.82315,93.974,0.));
#23228=CARTESIAN_POINT('',(1.82315,93.974,0.));
#23229=CARTESIAN_POINT('',(1.63849,93.9063,0.));
#23230=CARTESIAN_POINT('',(1.82315,93.974,3.));
#23231=CARTESIAN_POINT('',(1.63849,93.9063,3.));
#23232=CARTESIAN_POINT('',(1.82315,93.974,0.));
#23233=CARTESIAN_POINT('Origin',(2.01194,94.0276,0.));
#23234=CARTESIAN_POINT('',(2.01194,94.0276,0.));
#23235=CARTESIAN_POINT('',(1.82315,93.974,0.));
#23236=CARTESIAN_POINT('',(2.01194,94.0276,3.));
#23237=CARTESIAN_POINT('',(1.82315,93.974,3.));
#23238=CARTESIAN_POINT('',(2.01194,94.0276,0.));
#23239=CARTESIAN_POINT('Origin',(2.20348,94.0664,0.));
#23240=CARTESIAN_POINT('',(2.20348,94.0664,0.));
#23241=CARTESIAN_POINT('',(2.01194,94.0276,0.));
#23242=CARTESIAN_POINT('',(2.20348,94.0664,3.));
#23243=CARTESIAN_POINT('',(2.01194,94.0276,3.));
#23244=CARTESIAN_POINT('',(2.20348,94.0664,0.));
#23245=CARTESIAN_POINT('Origin',(2.39916,94.0897,0.));
#23246=CARTESIAN_POINT('',(2.39916,94.0897,0.));
#23247=CARTESIAN_POINT('',(2.20348,94.0664,0.));
#23248=CARTESIAN_POINT('',(2.39916,94.0897,3.));
#23249=CARTESIAN_POINT('',(2.20348,94.0664,3.));
#23250=CARTESIAN_POINT('',(2.39916,94.0897,0.));
#23251=CARTESIAN_POINT('Origin',(2.59485,94.0964,0.));
#23252=CARTESIAN_POINT('',(2.39916,94.0897,0.));
#23253=CARTESIAN_POINT('',(2.39916,94.0897,3.));
#23254=CARTESIAN_POINT('Origin',(40.1435423,47.1060775,3.));
#23255=CARTESIAN_POINT('Origin',(40.1435423,47.1060775,0.));
#23256=CARTESIAN_POINT('',(0.,0.,0.));
#23257=CARTESIAN_POINT('',(1.,91.,3.));
#23258=CARTESIAN_POINT('',(0.00252452948949156,-0.0352832845527473,3.99999999999992));
#23259=CARTESIAN_POINT('',(0.,0.,13.));
#23260=UNCERTAINTY_MEASURE_WITH_UNIT(LENGTH_MEASURE(0.01),#23272,
'DISTANCE_ACCURACY_VALUE',
'Maximum model space distance between geometric entities at asserted c
onnectivities');
#23261=UNCERTAINTY_MEASURE_WITH_UNIT(LENGTH_MEASURE(0.01),#23272,
'DISTANCE_ACCURACY_VALUE',
'Maximum model space distance between geometric entities at asserted c
onnectivities');
#23262=UNCERTAINTY_MEASURE_WITH_UNIT(LENGTH_MEASURE(0.01),#23272,
'DISTANCE_ACCURACY_VALUE',
'Maximum model space distance between geometric entities at asserted c
onnectivities');
#23263=UNCERTAINTY_MEASURE_WITH_UNIT(LENGTH_MEASURE(0.01),#23272,
'DISTANCE_ACCURACY_VALUE',
'Maximum model space distance between geometric entities at asserted c
onnectivities');
#23264=UNCERTAINTY_MEASURE_WITH_UNIT(LENGTH_MEASURE(0.01),#23272,
'DISTANCE_ACCURACY_VALUE',
'Maximum model space distance between geometric entities at asserted c
onnectivities');
#23265=UNCERTAINTY_MEASURE_WITH_UNIT(LENGTH_MEASURE(0.01),#23272,
'DISTANCE_ACCURACY_VALUE',
'Maximum model space distance between geometric entities at asserted c
onnectivities');
#23266=(
GEOMETRIC_REPRESENTATION_CONTEXT(3)
GLOBAL_UNCERTAINTY_ASSIGNED_CONTEXT((#23260))
GLOBAL_UNIT_ASSIGNED_CONTEXT((#23272,#23274,#23275))
REPRESENTATION_CONTEXT('','3D')
);
#23267=(
GEOMETRIC_REPRESENTATION_CONTEXT(3)
GLOBAL_UNCERTAINTY_ASSIGNED_CONTEXT((#23261))
GLOBAL_UNIT_ASSIGNED_CONTEXT((#23272,#23274,#23275))
REPRESENTATION_CONTEXT('','3D')
);
#23268=(
GEOMETRIC_REPRESENTATION_CONTEXT(3)
GLOBAL_UNCERTAINTY_ASSIGNED_CONTEXT((#23262))
GLOBAL_UNIT_ASSIGNED_CONTEXT((#23272,#23274,#23275))
REPRESENTATION_CONTEXT('','3D')
);
#23269=(
GEOMETRIC_REPRESENTATION_CONTEXT(3)
GLOBAL_UNCERTAINTY_ASSIGNED_CONTEXT((#23263))
GLOBAL_UNIT_ASSIGNED_CONTEXT((#23272,#23274,#23275))
REPRESENTATION_CONTEXT('','3D')
);
#23270=(
GEOMETRIC_REPRESENTATION_CONTEXT(3)
GLOBAL_UNCERTAINTY_ASSIGNED_CONTEXT((#23264))
GLOBAL_UNIT_ASSIGNED_CONTEXT((#23272,#23274,#23275))
REPRESENTATION_CONTEXT('','3D')
);
#23271=(
GEOMETRIC_REPRESENTATION_CONTEXT(3)
GLOBAL_UNCERTAINTY_ASSIGNED_CONTEXT((#23265))
GLOBAL_UNIT_ASSIGNED_CONTEXT((#23272,#23274,#23275))
REPRESENTATION_CONTEXT('','3D')
);
#23272=(
LENGTH_UNIT()
NAMED_UNIT(*)
SI_UNIT(.MILLI.,.METRE.)
);
#23273=(
LENGTH_UNIT()
NAMED_UNIT(*)
SI_UNIT($,.METRE.)
);
#23274=(
NAMED_UNIT(*)
PLANE_ANGLE_UNIT()
SI_UNIT($,.RADIAN.)
);
#23275=(
NAMED_UNIT(*)
SI_UNIT($,.STERADIAN.)
SOLID_ANGLE_UNIT()
);
#23276=SHAPE_DEFINITION_REPRESENTATION(#23281,#23290);
#23277=SHAPE_DEFINITION_REPRESENTATION(#23282,#23291);
#23278=SHAPE_DEFINITION_REPRESENTATION(#23283,#23292);
#23279=SHAPE_DEFINITION_REPRESENTATION(#23284,#23293);
#23280=SHAPE_DEFINITION_REPRESENTATION(#23285,#23294);
#23281=PRODUCT_DEFINITION_SHAPE('',$,#23296);
#23282=PRODUCT_DEFINITION_SHAPE('',$,#23297);
#23283=PRODUCT_DEFINITION_SHAPE('',$,#23298);
#23284=PRODUCT_DEFINITION_SHAPE('',$,#23299);
#23285=PRODUCT_DEFINITION_SHAPE('',$,#23300);
#23286=PRODUCT_DEFINITION_SHAPE($,$,#23);
#23287=PRODUCT_DEFINITION_SHAPE($,$,#24);
#23288=PRODUCT_DEFINITION_SHAPE($,$,#25);
#23289=PRODUCT_DEFINITION_SHAPE($,$,#26);
#23290=SHAPE_REPRESENTATION('',(#14824,#15541,#15542,#15543,#15544),#23266);
#23291=SHAPE_REPRESENTATION('',(#14825),#23267);
#23292=SHAPE_REPRESENTATION('',(#14992),#23268);
#23293=SHAPE_REPRESENTATION('',(#15011),#23269);
#23294=SHAPE_REPRESENTATION('',(#15186),#23270);
#23295=PRODUCT_DEFINITION_CONTEXT('part definition',#23312,'design');
#23296=PRODUCT_DEFINITION('2026-08-08-19-18-28-149','katjapad.step',#23301,
#23295);
#23297=PRODUCT_DEFINITION('2026-07-28-14-51-38-605','Bottom',#23302,#23295);
#23298=PRODUCT_DEFINITION('2026-08-08-19-19-10-385','Fake_PCB',#23303,#23295);
#23299=PRODUCT_DEFINITION('2026-08-08-19-44-40-090','Middle',#23304,#23295);
#23300=PRODUCT_DEFINITION('2026-07-28-14-45-04-932','Top',#23305,#23295);
#23301=PRODUCT_DEFINITION_FORMATION('',$,#23314);
#23302=PRODUCT_DEFINITION_FORMATION('',$,#23315);
#23303=PRODUCT_DEFINITION_FORMATION('',$,#23316);
#23304=PRODUCT_DEFINITION_FORMATION('',$,#23317);
#23305=PRODUCT_DEFINITION_FORMATION('',$,#23318);
#23306=PRODUCT_RELATED_PRODUCT_CATEGORY('katjapad.step','katjapad.step',
(#23314));
#23307=PRODUCT_RELATED_PRODUCT_CATEGORY('Bottom','Bottom',(#23315));
#23308=PRODUCT_RELATED_PRODUCT_CATEGORY('Fake_PCB','Fake_PCB',(#23316));
#23309=PRODUCT_RELATED_PRODUCT_CATEGORY('Middle','Middle',(#23317));
#23310=PRODUCT_RELATED_PRODUCT_CATEGORY('Top','Top',(#23318));
#23311=APPLICATION_PROTOCOL_DEFINITION('international standard',
'automotive_design',2009,#23312);
#23312=APPLICATION_CONTEXT(
'Core Data for Automotive Mechanical Design Process');
#23313=PRODUCT_CONTEXT('part definition',#23312,'mechanical');
#23314=PRODUCT('2026-08-08-19-18-28-149','katjapad.step',$,(#23313));
#23315=PRODUCT('2026-07-28-14-51-38-605','Bottom',$,(#23313));
#23316=PRODUCT('2026-08-08-19-19-10-385','Fake_PCB',$,(#23313));
#23317=PRODUCT('2026-08-08-19-44-40-090','Middle',$,(#23313));
#23318=PRODUCT('2026-07-28-14-45-04-932','Top',$,(#23313));
#23319=PRESENTATION_STYLE_ASSIGNMENT((#23320));
#23320=SURFACE_STYLE_USAGE(.BOTH.,#23321);
#23321=SURFACE_SIDE_STYLE('',(#23322));
#23322=SURFACE_STYLE_FILL_AREA(#23323);
#23323=FILL_AREA_STYLE('Steel - Satin',(#23324));
#23324=FILL_AREA_STYLE_COLOUR('Steel - Satin',#23325);
#23325=COLOUR_RGB('Steel - Satin',0.627450980392157,0.627450980392157,0.627450980392157);
ENDSEC;
END-ISO-10303-21;
